✔ [8763/8837] Built Math.PrefixPartition (2.2s)
✔ [8764/8837] Built Math.ExcessTwoRotation (2.3s)
✔ [8765/8837] Built Math.CommonRepair (2.0s)
✔ [8766/8837] Built Math.ReducedViable (1.2s)
✔ [8767/8837] Built Math.Basic (5.2s)
✔ [8768/8837] Built Math.StepwiseState (5.2s)
✔ [8769/8837] Built Math.Boundary (5.7s)
✔ [8770/8837] Built Math.StripGraph (5.7s)
✔ [8771/8837] Built Math.NearTriangulation (5.5s)
✔ [8772/8837] Built Math.WeakBisimulation (5.5s)
✔ [8773/8837] Built Math.BoundaryRelations (5.7s)
✔ [8774/8837] Built Math.KempeSurgery (5.0s)
✔ [8775/8837] Built Math.LocalWiring (9.6s)
✔ [8776/8837] Built Math.SealedFourPort (10s)
✔ [8777/8837] Built Math.Enumeration (10s)
✔ [8778/8837] Built Math.LocalClosure (5.4s)
✔ [8779/8837] Built Math.ForcingLists (5.2s)
⚠ [8780/8837] Built Math.SymRelabel (4.4s)
warning: Math/SymRelabel.lean:12:100: This line exceeds the 100 character limit, please shorten it!

Note: This linter can be disabled with `set_option linter.style.longLine false`
warning: Math/SymRelabel.lean:16:100: This line exceeds the 100 character limit, please shorten it!

Note: This linter can be disabled with `set_option linter.style.longLine false`
warning: Math/SymRelabel.lean:22:100: This line exceeds the 100 character limit, please shorten it!
You can use "string gaps" to format long strings: within a string quotation, using a '\' at the end of a line allows you to continue the string on the following line, removing all intervening whitespace.

Note: This linter can be disabled with `set_option linter.style.longLine false`
warning: Math/SymRelabel.lean:28:100: This line exceeds the 100 character limit, please shorten it!

Note: This linter can be disabled with `set_option linter.style.longLine false`
warning: Math/SymRelabel.lean:30:100: This line exceeds the 100 character limit, please shorten it!

Note: This linter can be disabled with `set_option linter.style.longLine false`
warning: Math/SymRelabel.lean:48:100: This line exceeds the 100 character limit, please shorten it!

Note: This linter can be disabled with `set_option linter.style.longLine false`
warning: Math/SymRelabel.lean:79:6: The `show` tactic should only be used to indicate intermediate goal states for readability.
However, this tactic invocation changed the goal. Please use `change` instead for these purposes.

Note: This linter can be disabled with `set_option linter.style.show false`
warning: Math/SymRelabel.lean:92:2: The `show` tactic should only be used to indicate intermediate goal states for readability.
However, this tactic invocation changed the goal. Please use `change` instead for these purposes.

Note: This linter can be disabled with `set_option linter.style.show false`
warning: Math/SymRelabel.lean:99:100: This line exceeds the 100 character limit, please shorten it!

Note: This linter can be disabled with `set_option linter.style.longLine false`
warning: Math/SymRelabel.lean:135:100: This line exceeds the 100 character limit, please shorten it!

Note: This linter can be disabled with `set_option linter.style.longLine false`
warning: Math/SymRelabel.lean:170:100: This line exceeds the 100 character limit, please shorten it!

Note: This linter can be disabled with `set_option linter.style.longLine false`
⚠ [8781/8837] Built Math.ExcessTwoShape (4.7s)
warning: Math/ExcessTwoShape.lean:187:100: This line exceeds the 100 character limit, please shorten it!

Note: This linter can be disabled with `set_option linter.style.longLine false`
✔ [8782/8837] Built Math.State (4.8s)
✔ [8783/8837] Built Math.C5Counts (4.8s)
✔ [8784/8837] Built Math.RootInterfaces (4.7s)
✔ [8785/8837] Built Math.StepwiseGenerated (22s)
✔ [8786/8837] Built Math.SymNormalForm (3.8s)
✔ [8787/8837] Built Math.TwoSpokeReflection (3.8s)
✔ [8788/8837] Built Math.NamedRepairCore (9.2s)
✔ [8789/8837] Built Math.TwoRejectionTools (4.4s)
✔ [8790/8837] Built Math.ReducedGraphBridge (4.3s)
✔ [8791/8837] Built Math.TwoSpokeNonadjacent (3.8s)
✔ [8792/8837] Built Math.BoundaryDegree (4.5s)
✔ [8793/8837] Built Math.C5ParityWord (16s)
✔ [8794/8837] Built Math.ReducedDFS (4.5s)
✔ [8795/8837] Built Math.NamedRepair (8.8s)
✔ [8796/8837] Built Math.StepwiseReplay (12s)
✔ [8797/8837] Built Math.TwoSpokeSplitSupport (11s)
✔ [8798/8837] Built Math.EdgeMask (4.2s)
✔ [8799/8837] Built Math.IntegerViable (3.4s)
✔ [8800/8837] Built Math.Certificates (36s)
✔ [8801/8837] Built Math.SplitCertificate (3.5s)
✔ [8802/8837] Built Math.AlignmentCounterexample (5.7s)
✔ [8803/8837] Built Math.GadgetRelations (3.8s)
✔ [8804/8837] Built Math.PrimitiveGadgets (3.9s)
✔ [8805/8837] Built Math.PPRelations (4.1s)
✔ [8806/8837] Built Math.FanPentagon (8.3s)
✔ [8807/8837] Built Math.ExcessTwoColoring (8.4s)
✔ [8808/8837] Built Math.ConstructedOriginal (11s)
✔ [8809/8837] Built Math.ConstructedMinimal (12s)
✔ [8810/8837] Built Math.C5PairForcing (3.7s)
✔ [8811/8837] Built Math.ExcessTwoCertificates (3.7s)
✔ [8812/8837] Built Math.TriangleConstraints (5.0s)
✔ [8813/8837] Built Math.ConstructedAnalysis (5.1s)
✔ [8814/8837] Built Math.ColorDFA (7.7s)
✔ [8815/8837] Built Math.GadgetLibrary (34s)
✔ [8816/8837] Built Math.GeneratedCertificates (44s)
✔ [8817/8837] Built Math.GadgetTargets (62s)
✔ [8818/8837] Built Math.GadgetSynthesis (6.3s)
✔ [8819/8837] Built Math.GeometryDFA (219s)
✔ [8820/8837] Built Math.AttachmentBlock (3.0s)
✔ [8821/8837] Built Math.AutomataReplay (5.3s)
✔ [8822/8837] Built Math.AttachmentBudget (3.6s)
✔ [8823/8837] Built Math.AttachmentNormalForm (3.7s)
✔ [8824/8837] Built Math.AttachmentEndpoints (3.4s)
✔ [8825/8837] Built Math.AttachmentSignature (10s)
✔ [8826/8837] Built Math.AttachmentSaturated (3.0s)
✔ [8827/8837] Built Math.AttachmentGaps (3.7s)
⚠ [8828/8837] Built Math.AttachmentOrder (4.4s)
warning: Math/AttachmentOrder.lean:53:100: This line exceeds the 100 character limit, please shorten it!

Note: This linter can be disabled with `set_option linter.style.longLine false`
warning: Math/AttachmentOrder.lean:57:100: This line exceeds the 100 character limit, please shorten it!

Note: This linter can be disabled with `set_option linter.style.longLine false`
warning: Math/AttachmentOrder.lean:66:100: This line exceeds the 100 character limit, please shorten it!

Note: This linter can be disabled with `set_option linter.style.longLine false`
warning: Math/AttachmentOrder.lean:71:100: This line exceeds the 100 character limit, please shorten it!

Note: This linter can be disabled with `set_option linter.style.longLine false`
warning: Math/AttachmentOrder.lean:102:100: This line exceeds the 100 character limit, please shorten it!

Note: This linter can be disabled with `set_option linter.style.longLine false`
warning: Math/AttachmentOrder.lean:145:100: This line exceeds the 100 character limit, please shorten it!

Note: This linter can be disabled with `set_option linter.style.longLine false`
warning: Math/AttachmentOrder.lean:177:100: This line exceeds the 100 character limit, please shorten it!

Note: This linter can be disabled with `set_option linter.style.longLine false`
warning: Math/AttachmentOrder.lean:190:100: This line exceeds the 100 character limit, please shorten it!

Note: This linter can be disabled with `set_option linter.style.longLine false`
warning: Math/AttachmentOrder.lean:206:100: This line exceeds the 100 character limit, please shorten it!

Note: This linter can be disabled with `set_option linter.style.longLine false`
warning: Math/AttachmentOrder.lean:239:100: This line exceeds the 100 character limit, please shorten it!

Note: This linter can be disabled with `set_option linter.style.longLine false`
warning: Math/AttachmentOrder.lean:269:100: This line exceeds the 100 character limit, please shorten it!

Note: This linter can be disabled with `set_option linter.style.longLine false`
warning: Math/AttachmentOrder.lean:297:8: This simp argument is unused:
  Fin.reduceAdd

Hint: Omit it from the simp argument list.
  [apply] simp +decide only [List.count_cons, List.count_nil, List.count_append, List.count_replicate, Fin.reduceEq,
    beq_iff_eq, ite_true, ite_false, Nat.add_zero, Nat.zero_add] at h0 h1 h2 hi0 hi1 hi2 ⊢

Note: This linter can be disabled with `set_option linter.unusedSimpArgs false`
warning: Math/AttachmentOrder.lean:297:23: This simp argument is unused:
  Fin.reduceEq

Hint: Omit it from the simp argument list.
  [apply] simp +decide only [List.count_cons, List.count_nil, List.count_append, List.count_replicate, Fin.reduceAdd,
    beq_iff_eq, ite_true, ite_false, Nat.add_zero, Nat.zero_add] at h0 h1 h2 hi0 hi1 hi2 ⊢

Note: This linter can be disabled with `set_option linter.unusedSimpArgs false`
warning: Math/AttachmentOrder.lean:297:37: This simp argument is unused:
  beq_iff_eq

Hint: Omit it from the simp argument list.
  [apply] simp +decide only [List.count_cons, List.count_nil, List.count_append, List.count_replicate, Fin.reduceAdd,
    Fin.reduceEq, ite_true, ite_false, Nat.add_zero, Nat.zero_add] at h0 h1 h2 hi0 hi1 hi2 ⊢

Note: This linter can be disabled with `set_option linter.unusedSimpArgs false`
warning: Math/AttachmentOrder.lean:289:100: This line exceeds the 100 character limit, please shorten it!

Note: This linter can be disabled with `set_option linter.style.longLine false`
warning: Math/AttachmentOrder.lean:340:8: This simp argument is unused:
  Fin.reduceAdd

Hint: Omit it from the simp argument list.
  [apply] simp +decide only [List.count_cons, List.count_nil, List.count_append, List.count_replicate, Fin.reduceEq,
    beq_iff_eq, ite_true, ite_false, Nat.add_zero, Nat.zero_add] at h1 h2 ⊢

Note: This linter can be disabled with `set_option linter.unusedSimpArgs false`
warning: Math/AttachmentOrder.lean:340:23: This simp argument is unused:
  Fin.reduceEq

Hint: Omit it from the simp argument list.
  [apply] simp +decide only [List.count_cons, List.count_nil, List.count_append, List.count_replicate, Fin.reduceAdd,
    beq_iff_eq, ite_true, ite_false, Nat.add_zero, Nat.zero_add] at h1 h2 ⊢

Note: This linter can be disabled with `set_option linter.unusedSimpArgs false`
warning: Math/AttachmentOrder.lean:340:37: This simp argument is unused:
  beq_iff_eq

Hint: Omit it from the simp argument list.
  [apply] simp +decide only [List.count_cons, List.count_nil, List.count_append, List.count_replicate, Fin.reduceAdd,
    Fin.reduceEq, ite_true, ite_false, Nat.add_zero, Nat.zero_add] at h1 h2 ⊢

Note: This linter can be disabled with `set_option linter.unusedSimpArgs false`
warning: Math/AttachmentOrder.lean:336:100: This line exceeds the 100 character limit, please shorten it!

Note: This linter can be disabled with `set_option linter.style.longLine false`
✔ [8829/8837] Built Math.HallTriangle (152s)
✔ [8830/8837] Built Math.GeometryWitness (7.7s)
✔ [8831/8837] Built Math.GeometryProfile (5.1s)
✔ [8832/8837] Built Math.NormalFormHall (3.1s)
✔ [8833/8837] Built Math.GeoRejectBridge (3.3s)
✔ [8834/8837] Built Math (2.8s)
⚠ [8836/8837] Built Math.GeneratedExcessTwoCertificates (677s)
warning: Math/GeneratedExcessTwoCertificates.lean:24:100: This line exceeds the 100 character limit, please shorten it!

Note: This linter can be disabled with `set_option linter.style.longLine false`
warning: Math/GeneratedExcessTwoCertificates.lean:45:100: This line exceeds the 100 character limit, please shorten it!

Note: This linter can be disabled with `set_option linter.style.longLine false`
warning: Math/GeneratedExcessTwoCertificates.lean:46:100: This line exceeds the 100 character limit, please shorten it!

Note: This linter can be disabled with `set_option linter.style.longLine false`
warning: Math/GeneratedExcessTwoCertificates.lean:47:100: This line exceeds the 100 character limit, please shorten it!

Note: This linter can be disabled with `set_option linter.style.longLine false`
warning: Math/GeneratedExcessTwoCertificates.lean:48:100: This line exceeds the 100 character limit, please shorten it!

Note: This linter can be disabled with `set_option linter.style.longLine false`
warning: Math/GeneratedExcessTwoCertificates.lean:49:100: This line exceeds the 100 character limit, please shorten it!

Note: This linter can be disabled with `set_option linter.style.longLine false`
warning: Math/GeneratedExcessTwoCertificates.lean:50:100: This line exceeds the 100 character limit, please shorten it!

Note: This linter can be disabled with `set_option linter.style.longLine false`
warning: Math/GeneratedExcessTwoCertificates.lean:51:100: This line exceeds the 100 character limit, please shorten it!

Note: This linter can be disabled with `set_option linter.style.longLine false`
warning: Math/GeneratedExcessTwoCertificates.lean:52:100: This line exceeds the 100 character limit, please shorten it!

Note: This linter can be disabled with `set_option linter.style.longLine false`
warning: Math/GeneratedExcessTwoCertificates.lean:53:100: This line exceeds the 100 character limit, please shorten it!

Note: This linter can be disabled with `set_option linter.style.longLine false`
warning: Math/GeneratedExcessTwoCertificates.lean:56:100: This line exceeds the 100 character limit, please shorten it!

Note: This linter can be disabled with `set_option linter.style.longLine false`
warning: Math/GeneratedExcessTwoCertificates.lean:57:100: This line exceeds the 100 character limit, please shorten it!

Note: This linter can be disabled with `set_option linter.style.longLine false`
warning: Math/GeneratedExcessTwoCertificates.lean:59:100: This line exceeds the 100 character limit, please shorten it!

Note: This linter can be disabled with `set_option linter.style.longLine false`
warning: Math/GeneratedExcessTwoCertificates.lean:65:100: This line exceeds the 100 character limit, please shorten it!

Note: This linter can be disabled with `set_option linter.style.longLine false`
warning: Math/GeneratedExcessTwoCertificates.lean:71:100: This line exceeds the 100 character limit, please shorten it!

Note: This linter can be disabled with `set_option linter.style.longLine false`
warning: Math/GeneratedExcessTwoCertificates.lean:72:100: This line exceeds the 100 character limit, please shorten it!

Note: This linter can be disabled with `set_option linter.style.longLine false`
warning: Math/GeneratedExcessTwoCertificates.lean:91:100: This line exceeds the 100 character limit, please shorten it!

Note: This linter can be disabled with `set_option linter.style.longLine false`
warning: Math/GeneratedExcessTwoCertificates.lean:93:100: This line exceeds the 100 character limit, please shorten it!

Note: This linter can be disabled with `set_option linter.style.longLine false`
warning: Math/GeneratedExcessTwoCertificates.lean:97:100: This line exceeds the 100 character limit, please shorten it!

Note: This linter can be disabled with `set_option linter.style.longLine false`
warning: Math/GeneratedExcessTwoCertificates.lean:98:100: This line exceeds the 100 character limit, please shorten it!

Note: This linter can be disabled with `set_option linter.style.longLine false`
warning: Math/GeneratedExcessTwoCertificates.lean:100:100: This line exceeds the 100 character limit, please shorten it!

Note: This linter can be disabled with `set_option linter.style.longLine false`
warning: Math/GeneratedExcessTwoCertificates.lean:106:100: This line exceeds the 100 character limit, please shorten it!

Note: This linter can be disabled with `set_option linter.style.longLine false`
warning: Math/GeneratedExcessTwoCertificates.lean:107:100: This line exceeds the 100 character limit, please shorten it!

Note: This linter can be disabled with `set_option linter.style.longLine false`
warning: Math/GeneratedExcessTwoCertificates.lean:109:100: This line exceeds the 100 character limit, please shorten it!

Note: This linter can be disabled with `set_option linter.style.longLine false`
warning: Math/GeneratedExcessTwoCertificates.lean:115:100: This line exceeds the 100 character limit, please shorten it!

Note: This linter can be disabled with `set_option linter.style.longLine false`
warning: Math/GeneratedExcessTwoCertificates.lean:121:100: This line exceeds the 100 character limit, please shorten it!

Note: This linter can be disabled with `set_option linter.style.longLine false`
warning: Math/GeneratedExcessTwoCertificates.lean:122:100: This line exceeds the 100 character limit, please shorten it!

Note: This linter can be disabled with `set_option linter.style.longLine false`
warning: Math/GeneratedExcessTwoCertificates.lean:140:100: This line exceeds the 100 character limit, please shorten it!

Note: This linter can be disabled with `set_option linter.style.longLine false`
warning: Math/GeneratedExcessTwoCertificates.lean:142:100: This line exceeds the 100 character limit, please shorten it!

Note: This linter can be disabled with `set_option linter.style.longLine false`
warning: Math/GeneratedExcessTwoCertificates.lean:147:100: This line exceeds the 100 character limit, please shorten it!

Note: This linter can be disabled with `set_option linter.style.longLine false`
warning: Math/GeneratedExcessTwoCertificates.lean:148:100: This line exceeds the 100 character limit, please shorten it!

Note: This linter can be disabled with `set_option linter.style.longLine false`
warning: Math/GeneratedExcessTwoCertificates.lean:149:100: This line exceeds the 100 character limit, please shorten it!

Note: This linter can be disabled with `set_option linter.style.longLine false`
warning: Math/GeneratedExcessTwoCertificates.lean:156:100: This line exceeds the 100 character limit, please shorten it!

Note: This linter can be disabled with `set_option linter.style.longLine false`
warning: Math/GeneratedExcessTwoCertificates.lean:157:100: This line exceeds the 100 character limit, please shorten it!

Note: This linter can be disabled with `set_option linter.style.longLine false`
warning: Math/GeneratedExcessTwoCertificates.lean:159:100: This line exceeds the 100 character limit, please shorten it!

Note: This linter can be disabled with `set_option linter.style.longLine false`
warning: Math/GeneratedExcessTwoCertificates.lean:165:100: This line exceeds the 100 character limit, please shorten it!

Note: This linter can be disabled with `set_option linter.style.longLine false`
warning: Math/GeneratedExcessTwoCertificates.lean:171:100: This line exceeds the 100 character limit, please shorten it!

Note: This linter can be disabled with `set_option linter.style.longLine false`
warning: Math/GeneratedExcessTwoCertificates.lean:172:100: This line exceeds the 100 character limit, please shorten it!

Note: This linter can be disabled with `set_option linter.style.longLine false`
warning: Math/GeneratedExcessTwoCertificates.lean:209:100: This line exceeds the 100 character limit, please shorten it!

Note: This linter can be disabled with `set_option linter.style.longLine false`
warning: Math/GeneratedExcessTwoCertificates.lean:210:100: This line exceeds the 100 character limit, please shorten it!

Note: This linter can be disabled with `set_option linter.style.longLine false`
warning: Math/GeneratedExcessTwoCertificates.lean:212:100: This line exceeds the 100 character limit, please shorten it!

Note: This linter can be disabled with `set_option linter.style.longLine false`
warning: Math/GeneratedExcessTwoCertificates.lean:218:100: This line exceeds the 100 character limit, please shorten it!

Note: This linter can be disabled with `set_option linter.style.longLine false`
warning: Math/GeneratedExcessTwoCertificates.lean:224:100: This line exceeds the 100 character limit, please shorten it!

Note: This linter can be disabled with `set_option linter.style.longLine false`
warning: Math/GeneratedExcessTwoCertificates.lean:225:100: This line exceeds the 100 character limit, please shorten it!

Note: This linter can be disabled with `set_option linter.style.longLine false`
warning: Math/GeneratedExcessTwoCertificates.lean:248:100: This line exceeds the 100 character limit, please shorten it!

Note: This linter can be disabled with `set_option linter.style.longLine false`
warning: Math/GeneratedExcessTwoCertificates.lean:250:100: This line exceeds the 100 character limit, please shorten it!

Note: This linter can be disabled with `set_option linter.style.longLine false`
warning: Math/GeneratedExcessTwoCertificates.lean:254:100: This line exceeds the 100 character limit, please shorten it!

Note: This linter can be disabled with `set_option linter.style.longLine false`
warning: Math/GeneratedExcessTwoCertificates.lean:256:100: This line exceeds the 100 character limit, please shorten it!

Note: This linter can be disabled with `set_option linter.style.longLine false`
warning: Math/GeneratedExcessTwoCertificates.lean:258:100: This line exceeds the 100 character limit, please shorten it!

Note: This linter can be disabled with `set_option linter.style.longLine false`
warning: Math/GeneratedExcessTwoCertificates.lean:267:100: This line exceeds the 100 character limit, please shorten it!

Note: This linter can be disabled with `set_option linter.style.longLine false`
warning: Math/GeneratedExcessTwoCertificates.lean:268:100: This line exceeds the 100 character limit, please shorten it!

Note: This linter can be disabled with `set_option linter.style.longLine false`
warning: Math/GeneratedExcessTwoCertificates.lean:270:100: This line exceeds the 100 character limit, please shorten it!

Note: This linter can be disabled with `set_option linter.style.longLine false`
warning: Math/GeneratedExcessTwoCertificates.lean:276:100: This line exceeds the 100 character limit, please shorten it!

Note: This linter can be disabled with `set_option linter.style.longLine false`
warning: Math/GeneratedExcessTwoCertificates.lean:282:100: This line exceeds the 100 character limit, please shorten it!

Note: This linter can be disabled with `set_option linter.style.longLine false`
warning: Math/GeneratedExcessTwoCertificates.lean:283:100: This line exceeds the 100 character limit, please shorten it!

Note: This linter can be disabled with `set_option linter.style.longLine false`
warning: Math/GeneratedExcessTwoCertificates.lean:326:100: This line exceeds the 100 character limit, please shorten it!

Note: This linter can be disabled with `set_option linter.style.longLine false`
warning: Math/GeneratedExcessTwoCertificates.lean:327:100: This line exceeds the 100 character limit, please shorten it!

Note: This linter can be disabled with `set_option linter.style.longLine false`
warning: Math/GeneratedExcessTwoCertificates.lean:329:100: This line exceeds the 100 character limit, please shorten it!

Note: This linter can be disabled with `set_option linter.style.longLine false`
warning: Math/GeneratedExcessTwoCertificates.lean:335:100: This line exceeds the 100 character limit, please shorten it!

Note: This linter can be disabled with `set_option linter.style.longLine false`
warning: Math/GeneratedExcessTwoCertificates.lean:341:100: This line exceeds the 100 character limit, please shorten it!

Note: This linter can be disabled with `set_option linter.style.longLine false`
warning: Math/GeneratedExcessTwoCertificates.lean:342:100: This line exceeds the 100 character limit, please shorten it!

Note: This linter can be disabled with `set_option linter.style.longLine false`
warning: Math/GeneratedExcessTwoCertificates.lean:385:100: This line exceeds the 100 character limit, please shorten it!

Note: This linter can be disabled with `set_option linter.style.longLine false`
warning: Math/GeneratedExcessTwoCertificates.lean:386:100: This line exceeds the 100 character limit, please shorten it!

Note: This linter can be disabled with `set_option linter.style.longLine false`
warning: Math/GeneratedExcessTwoCertificates.lean:388:100: This line exceeds the 100 character limit, please shorten it!

Note: This linter can be disabled with `set_option linter.style.longLine false`
warning: Math/GeneratedExcessTwoCertificates.lean:394:100: This line exceeds the 100 character limit, please shorten it!

Note: This linter can be disabled with `set_option linter.style.longLine false`
warning: Math/GeneratedExcessTwoCertificates.lean:400:100: This line exceeds the 100 character limit, please shorten it!

Note: This linter can be disabled with `set_option linter.style.longLine false`
warning: Math/GeneratedExcessTwoCertificates.lean:401:100: This line exceeds the 100 character limit, please shorten it!

Note: This linter can be disabled with `set_option linter.style.longLine false`
warning: Math/GeneratedExcessTwoCertificates.lean:423:100: This line exceeds the 100 character limit, please shorten it!

Note: This linter can be disabled with `set_option linter.style.longLine false`
warning: Math/GeneratedExcessTwoCertificates.lean:426:100: This line exceeds the 100 character limit, please shorten it!

Note: This linter can be disabled with `set_option linter.style.longLine false`
warning: Math/GeneratedExcessTwoCertificates.lean:430:100: This line exceeds the 100 character limit, please shorten it!

Note: This linter can be disabled with `set_option linter.style.longLine false`
warning: Math/GeneratedExcessTwoCertificates.lean:431:100: This line exceeds the 100 character limit, please shorten it!

Note: This linter can be disabled with `set_option linter.style.longLine false`
warning: Math/GeneratedExcessTwoCertificates.lean:434:100: This line exceeds the 100 character limit, please shorten it!

Note: This linter can be disabled with `set_option linter.style.longLine false`
warning: Math/GeneratedExcessTwoCertificates.lean:443:100: This line exceeds the 100 character limit, please shorten it!

Note: This linter can be disabled with `set_option linter.style.longLine false`
warning: Math/GeneratedExcessTwoCertificates.lean:444:100: This line exceeds the 100 character limit, please shorten it!

Note: This linter can be disabled with `set_option linter.style.longLine false`
warning: Math/GeneratedExcessTwoCertificates.lean:446:100: This line exceeds the 100 character limit, please shorten it!

Note: This linter can be disabled with `set_option linter.style.longLine false`
warning: Math/GeneratedExcessTwoCertificates.lean:452:100: This line exceeds the 100 character limit, please shorten it!

Note: This linter can be disabled with `set_option linter.style.longLine false`
warning: Math/GeneratedExcessTwoCertificates.lean:458:100: This line exceeds the 100 character limit, please shorten it!

Note: This linter can be disabled with `set_option linter.style.longLine false`
warning: Math/GeneratedExcessTwoCertificates.lean:459:100: This line exceeds the 100 character limit, please shorten it!

Note: This linter can be disabled with `set_option linter.style.longLine false`
warning: Math/GeneratedExcessTwoCertificates.lean:480:100: This line exceeds the 100 character limit, please shorten it!

Note: This linter can be disabled with `set_option linter.style.longLine false`
warning: Math/GeneratedExcessTwoCertificates.lean:483:100: This line exceeds the 100 character limit, please shorten it!

Note: This linter can be disabled with `set_option linter.style.longLine false`
warning: Math/GeneratedExcessTwoCertificates.lean:488:100: This line exceeds the 100 character limit, please shorten it!

Note: This linter can be disabled with `set_option linter.style.longLine false`
warning: Math/GeneratedExcessTwoCertificates.lean:489:100: This line exceeds the 100 character limit, please shorten it!

Note: This linter can be disabled with `set_option linter.style.longLine false`
warning: Math/GeneratedExcessTwoCertificates.lean:491:100: This line exceeds the 100 character limit, please shorten it!

Note: This linter can be disabled with `set_option linter.style.longLine false`
warning: Math/GeneratedExcessTwoCertificates.lean:501:100: This line exceeds the 100 character limit, please shorten it!

Note: This linter can be disabled with `set_option linter.style.longLine false`
warning: Math/GeneratedExcessTwoCertificates.lean:502:100: This line exceeds the 100 character limit, please shorten it!

Note: This linter can be disabled with `set_option linter.style.longLine false`
warning: Math/GeneratedExcessTwoCertificates.lean:504:100: This line exceeds the 100 character limit, please shorten it!

Note: This linter can be disabled with `set_option linter.style.longLine false`
warning: Math/GeneratedExcessTwoCertificates.lean:510:100: This line exceeds the 100 character limit, please shorten it!

Note: This linter can be disabled with `set_option linter.style.longLine false`
warning: Math/GeneratedExcessTwoCertificates.lean:516:100: This line exceeds the 100 character limit, please shorten it!

Note: This linter can be disabled with `set_option linter.style.longLine false`
warning: Math/GeneratedExcessTwoCertificates.lean:517:100: This line exceeds the 100 character limit, please shorten it!

Note: This linter can be disabled with `set_option linter.style.longLine false`
warning: Math/GeneratedExcessTwoCertificates.lean:546:100: This line exceeds the 100 character limit, please shorten it!

Note: This linter can be disabled with `set_option linter.style.longLine false`
warning: Math/GeneratedExcessTwoCertificates.lean:547:100: This line exceeds the 100 character limit, please shorten it!

Note: This linter can be disabled with `set_option linter.style.longLine false`
warning: Math/GeneratedExcessTwoCertificates.lean:549:100: This line exceeds the 100 character limit, please shorten it!

Note: This linter can be disabled with `set_option linter.style.longLine false`
warning: Math/GeneratedExcessTwoCertificates.lean:555:100: This line exceeds the 100 character limit, please shorten it!

Note: This linter can be disabled with `set_option linter.style.longLine false`
warning: Math/GeneratedExcessTwoCertificates.lean:561:100: This line exceeds the 100 character limit, please shorten it!

Note: This linter can be disabled with `set_option linter.style.longLine false`
warning: Math/GeneratedExcessTwoCertificates.lean:562:100: This line exceeds the 100 character limit, please shorten it!

Note: This linter can be disabled with `set_option linter.style.longLine false`
warning: Math/GeneratedExcessTwoCertificates.lean:591:100: This line exceeds the 100 character limit, please shorten it!

Note: This linter can be disabled with `set_option linter.style.longLine false`
warning: Math/GeneratedExcessTwoCertificates.lean:592:100: This line exceeds the 100 character limit, please shorten it!

Note: This linter can be disabled with `set_option linter.style.longLine false`
warning: Math/GeneratedExcessTwoCertificates.lean:594:100: This line exceeds the 100 character limit, please shorten it!

Note: This linter can be disabled with `set_option linter.style.longLine false`
warning: Math/GeneratedExcessTwoCertificates.lean:600:100: This line exceeds the 100 character limit, please shorten it!

Note: This linter can be disabled with `set_option linter.style.longLine false`
warning: Math/GeneratedExcessTwoCertificates.lean:606:100: This line exceeds the 100 character limit, please shorten it!

Note: This linter can be disabled with `set_option linter.style.longLine false`
warning: Math/GeneratedExcessTwoCertificates.lean:607:100: This line exceeds the 100 character limit, please shorten it!

Note: This linter can be disabled with `set_option linter.style.longLine false`
warning: Math/GeneratedExcessTwoCertificates.lean:638:100: This line exceeds the 100 character limit, please shorten it!

Note: This linter can be disabled with `set_option linter.style.longLine false`
warning: Math/GeneratedExcessTwoCertificates.lean:639:100: This line exceeds the 100 character limit, please shorten it!

Note: This linter can be disabled with `set_option linter.style.longLine false`
warning: Math/GeneratedExcessTwoCertificates.lean:641:100: This line exceeds the 100 character limit, please shorten it!

Note: This linter can be disabled with `set_option linter.style.longLine false`
warning: Math/GeneratedExcessTwoCertificates.lean:647:100: This line exceeds the 100 character limit, please shorten it!

Note: This linter can be disabled with `set_option linter.style.longLine false`
warning: Math/GeneratedExcessTwoCertificates.lean:653:100: This line exceeds the 100 character limit, please shorten it!

Note: This linter can be disabled with `set_option linter.style.longLine false`
warning: Math/GeneratedExcessTwoCertificates.lean:654:100: This line exceeds the 100 character limit, please shorten it!

Note: This linter can be disabled with `set_option linter.style.longLine false`
warning: Math/GeneratedExcessTwoCertificates.lean:685:100: This line exceeds the 100 character limit, please shorten it!

Note: This linter can be disabled with `set_option linter.style.longLine false`
warning: Math/GeneratedExcessTwoCertificates.lean:686:100: This line exceeds the 100 character limit, please shorten it!

Note: This linter can be disabled with `set_option linter.style.longLine false`
warning: Math/GeneratedExcessTwoCertificates.lean:688:100: This line exceeds the 100 character limit, please shorten it!

Note: This linter can be disabled with `set_option linter.style.longLine false`
warning: Math/GeneratedExcessTwoCertificates.lean:694:100: This line exceeds the 100 character limit, please shorten it!

Note: This linter can be disabled with `set_option linter.style.longLine false`
warning: Math/GeneratedExcessTwoCertificates.lean:700:100: This line exceeds the 100 character limit, please shorten it!

Note: This linter can be disabled with `set_option linter.style.longLine false`
warning: Math/GeneratedExcessTwoCertificates.lean:701:100: This line exceeds the 100 character limit, please shorten it!

Note: This linter can be disabled with `set_option linter.style.longLine false`
warning: Math/GeneratedExcessTwoCertificates.lean:714:100: This line exceeds the 100 character limit, please shorten it!

Note: This linter can be disabled with `set_option linter.style.longLine false`
warning: Math/GeneratedExcessTwoCertificates.lean:716:100: This line exceeds the 100 character limit, please shorten it!

Note: This linter can be disabled with `set_option linter.style.longLine false`
warning: Math/GeneratedExcessTwoCertificates.lean:732:100: This line exceeds the 100 character limit, please shorten it!

Note: This linter can be disabled with `set_option linter.style.longLine false`
warning: Math/GeneratedExcessTwoCertificates.lean:733:100: This line exceeds the 100 character limit, please shorten it!

Note: This linter can be disabled with `set_option linter.style.longLine false`
warning: Math/GeneratedExcessTwoCertificates.lean:735:100: This line exceeds the 100 character limit, please shorten it!

Note: This linter can be disabled with `set_option linter.style.longLine false`
warning: Math/GeneratedExcessTwoCertificates.lean:741:100: This line exceeds the 100 character limit, please shorten it!

Note: This linter can be disabled with `set_option linter.style.longLine false`
warning: Math/GeneratedExcessTwoCertificates.lean:747:100: This line exceeds the 100 character limit, please shorten it!

Note: This linter can be disabled with `set_option linter.style.longLine false`
warning: Math/GeneratedExcessTwoCertificates.lean:748:100: This line exceeds the 100 character limit, please shorten it!

Note: This linter can be disabled with `set_option linter.style.longLine false`
warning: Math/GeneratedExcessTwoCertificates.lean:779:100: This line exceeds the 100 character limit, please shorten it!

Note: This linter can be disabled with `set_option linter.style.longLine false`
warning: Math/GeneratedExcessTwoCertificates.lean:780:100: This line exceeds the 100 character limit, please shorten it!

Note: This linter can be disabled with `set_option linter.style.longLine false`
warning: Math/GeneratedExcessTwoCertificates.lean:782:100: This line exceeds the 100 character limit, please shorten it!

Note: This linter can be disabled with `set_option linter.style.longLine false`
warning: Math/GeneratedExcessTwoCertificates.lean:788:100: This line exceeds the 100 character limit, please shorten it!

Note: This linter can be disabled with `set_option linter.style.longLine false`
warning: Math/GeneratedExcessTwoCertificates.lean:794:100: This line exceeds the 100 character limit, please shorten it!

Note: This linter can be disabled with `set_option linter.style.longLine false`
warning: Math/GeneratedExcessTwoCertificates.lean:795:100: This line exceeds the 100 character limit, please shorten it!

Note: This linter can be disabled with `set_option linter.style.longLine false`
warning: Math/GeneratedExcessTwoCertificates.lean:826:100: This line exceeds the 100 character limit, please shorten it!

Note: This linter can be disabled with `set_option linter.style.longLine false`
warning: Math/GeneratedExcessTwoCertificates.lean:827:100: This line exceeds the 100 character limit, please shorten it!

Note: This linter can be disabled with `set_option linter.style.longLine false`
warning: Math/GeneratedExcessTwoCertificates.lean:829:100: This line exceeds the 100 character limit, please shorten it!

Note: This linter can be disabled with `set_option linter.style.longLine false`
warning: Math/GeneratedExcessTwoCertificates.lean:835:100: This line exceeds the 100 character limit, please shorten it!

Note: This linter can be disabled with `set_option linter.style.longLine false`
warning: Math/GeneratedExcessTwoCertificates.lean:841:100: This line exceeds the 100 character limit, please shorten it!

Note: This linter can be disabled with `set_option linter.style.longLine false`
warning: Math/GeneratedExcessTwoCertificates.lean:842:100: This line exceeds the 100 character limit, please shorten it!

Note: This linter can be disabled with `set_option linter.style.longLine false`
warning: Math/GeneratedExcessTwoCertificates.lean:873:100: This line exceeds the 100 character limit, please shorten it!

Note: This linter can be disabled with `set_option linter.style.longLine false`
warning: Math/GeneratedExcessTwoCertificates.lean:874:100: This line exceeds the 100 character limit, please shorten it!

Note: This linter can be disabled with `set_option linter.style.longLine false`
warning: Math/GeneratedExcessTwoCertificates.lean:876:100: This line exceeds the 100 character limit, please shorten it!

Note: This linter can be disabled with `set_option linter.style.longLine false`
warning: Math/GeneratedExcessTwoCertificates.lean:882:100: This line exceeds the 100 character limit, please shorten it!

Note: This linter can be disabled with `set_option linter.style.longLine false`
warning: Math/GeneratedExcessTwoCertificates.lean:888:100: This line exceeds the 100 character limit, please shorten it!

Note: This linter can be disabled with `set_option linter.style.longLine false`
warning: Math/GeneratedExcessTwoCertificates.lean:889:100: This line exceeds the 100 character limit, please shorten it!

Note: This linter can be disabled with `set_option linter.style.longLine false`
warning: Math/GeneratedExcessTwoCertificates.lean:920:100: This line exceeds the 100 character limit, please shorten it!

Note: This linter can be disabled with `set_option linter.style.longLine false`
warning: Math/GeneratedExcessTwoCertificates.lean:921:100: This line exceeds the 100 character limit, please shorten it!

Note: This linter can be disabled with `set_option linter.style.longLine false`
warning: Math/GeneratedExcessTwoCertificates.lean:923:100: This line exceeds the 100 character limit, please shorten it!

Note: This linter can be disabled with `set_option linter.style.longLine false`
warning: Math/GeneratedExcessTwoCertificates.lean:929:100: This line exceeds the 100 character limit, please shorten it!

Note: This linter can be disabled with `set_option linter.style.longLine false`
warning: Math/GeneratedExcessTwoCertificates.lean:935:100: This line exceeds the 100 character limit, please shorten it!

Note: This linter can be disabled with `set_option linter.style.longLine false`
warning: Math/GeneratedExcessTwoCertificates.lean:936:100: This line exceeds the 100 character limit, please shorten it!

Note: This linter can be disabled with `set_option linter.style.longLine false`
warning: Math/GeneratedExcessTwoCertificates.lean:967:100: This line exceeds the 100 character limit, please shorten it!

Note: This linter can be disabled with `set_option linter.style.longLine false`
warning: Math/GeneratedExcessTwoCertificates.lean:968:100: This line exceeds the 100 character limit, please shorten it!

Note: This linter can be disabled with `set_option linter.style.longLine false`
warning: Math/GeneratedExcessTwoCertificates.lean:970:100: This line exceeds the 100 character limit, please shorten it!

Note: This linter can be disabled with `set_option linter.style.longLine false`
warning: Math/GeneratedExcessTwoCertificates.lean:976:100: This line exceeds the 100 character limit, please shorten it!

Note: This linter can be disabled with `set_option linter.style.longLine false`
warning: Math/GeneratedExcessTwoCertificates.lean:982:100: This line exceeds the 100 character limit, please shorten it!

Note: This linter can be disabled with `set_option linter.style.longLine false`
warning: Math/GeneratedExcessTwoCertificates.lean:983:100: This line exceeds the 100 character limit, please shorten it!

Note: This linter can be disabled with `set_option linter.style.longLine false`
warning: Math/GeneratedExcessTwoCertificates.lean:1014:100: This line exceeds the 100 character limit, please shorten it!

Note: This linter can be disabled with `set_option linter.style.longLine false`
warning: Math/GeneratedExcessTwoCertificates.lean:1015:100: This line exceeds the 100 character limit, please shorten it!

Note: This linter can be disabled with `set_option linter.style.longLine false`
warning: Math/GeneratedExcessTwoCertificates.lean:1017:100: This line exceeds the 100 character limit, please shorten it!

Note: This linter can be disabled with `set_option linter.style.longLine false`
warning: Math/GeneratedExcessTwoCertificates.lean:1023:100: This line exceeds the 100 character limit, please shorten it!

Note: This linter can be disabled with `set_option linter.style.longLine false`
warning: Math/GeneratedExcessTwoCertificates.lean:1029:100: This line exceeds the 100 character limit, please shorten it!

Note: This linter can be disabled with `set_option linter.style.longLine false`
warning: Math/GeneratedExcessTwoCertificates.lean:1030:100: This line exceeds the 100 character limit, please shorten it!

Note: This linter can be disabled with `set_option linter.style.longLine false`
warning: Math/GeneratedExcessTwoCertificates.lean:1064:100: This line exceeds the 100 character limit, please shorten it!

Note: This linter can be disabled with `set_option linter.style.longLine false`
warning: Math/GeneratedExcessTwoCertificates.lean:1065:100: This line exceeds the 100 character limit, please shorten it!

Note: This linter can be disabled with `set_option linter.style.longLine false`
warning: Math/GeneratedExcessTwoCertificates.lean:1067:100: This line exceeds the 100 character limit, please shorten it!

Note: This linter can be disabled with `set_option linter.style.longLine false`
warning: Math/GeneratedExcessTwoCertificates.lean:1073:100: This line exceeds the 100 character limit, please shorten it!

Note: This linter can be disabled with `set_option linter.style.longLine false`
warning: Math/GeneratedExcessTwoCertificates.lean:1079:100: This line exceeds the 100 character limit, please shorten it!

Note: This linter can be disabled with `set_option linter.style.longLine false`
warning: Math/GeneratedExcessTwoCertificates.lean:1080:100: This line exceeds the 100 character limit, please shorten it!

Note: This linter can be disabled with `set_option linter.style.longLine false`
warning: Math/GeneratedExcessTwoCertificates.lean:1115:100: This line exceeds the 100 character limit, please shorten it!

Note: This linter can be disabled with `set_option linter.style.longLine false`
warning: Math/GeneratedExcessTwoCertificates.lean:1116:100: This line exceeds the 100 character limit, please shorten it!

Note: This linter can be disabled with `set_option linter.style.longLine false`
warning: Math/GeneratedExcessTwoCertificates.lean:1118:100: This line exceeds the 100 character limit, please shorten it!

Note: This linter can be disabled with `set_option linter.style.longLine false`
warning: Math/GeneratedExcessTwoCertificates.lean:1124:100: This line exceeds the 100 character limit, please shorten it!

Note: This linter can be disabled with `set_option linter.style.longLine false`
warning: Math/GeneratedExcessTwoCertificates.lean:1130:100: This line exceeds the 100 character limit, please shorten it!

Note: This linter can be disabled with `set_option linter.style.longLine false`
warning: Math/GeneratedExcessTwoCertificates.lean:1131:100: This line exceeds the 100 character limit, please shorten it!

Note: This linter can be disabled with `set_option linter.style.longLine false`
warning: Math/GeneratedExcessTwoCertificates.lean:1166:100: This line exceeds the 100 character limit, please shorten it!

Note: This linter can be disabled with `set_option linter.style.longLine false`
warning: Math/GeneratedExcessTwoCertificates.lean:1167:100: This line exceeds the 100 character limit, please shorten it!

Note: This linter can be disabled with `set_option linter.style.longLine false`
warning: Math/GeneratedExcessTwoCertificates.lean:1169:100: This line exceeds the 100 character limit, please shorten it!

Note: This linter can be disabled with `set_option linter.style.longLine false`
warning: Math/GeneratedExcessTwoCertificates.lean:1175:100: This line exceeds the 100 character limit, please shorten it!

Note: This linter can be disabled with `set_option linter.style.longLine false`
warning: Math/GeneratedExcessTwoCertificates.lean:1181:100: This line exceeds the 100 character limit, please shorten it!

Note: This linter can be disabled with `set_option linter.style.longLine false`
warning: Math/GeneratedExcessTwoCertificates.lean:1182:100: This line exceeds the 100 character limit, please shorten it!

Note: This linter can be disabled with `set_option linter.style.longLine false`
warning: Math/GeneratedExcessTwoCertificates.lean:1217:100: This line exceeds the 100 character limit, please shorten it!

Note: This linter can be disabled with `set_option linter.style.longLine false`
warning: Math/GeneratedExcessTwoCertificates.lean:1218:100: This line exceeds the 100 character limit, please shorten it!

Note: This linter can be disabled with `set_option linter.style.longLine false`
warning: Math/GeneratedExcessTwoCertificates.lean:1220:100: This line exceeds the 100 character limit, please shorten it!

Note: This linter can be disabled with `set_option linter.style.longLine false`
warning: Math/GeneratedExcessTwoCertificates.lean:1226:100: This line exceeds the 100 character limit, please shorten it!

Note: This linter can be disabled with `set_option linter.style.longLine false`
warning: Math/GeneratedExcessTwoCertificates.lean:1232:100: This line exceeds the 100 character limit, please shorten it!

Note: This linter can be disabled with `set_option linter.style.longLine false`
warning: Math/GeneratedExcessTwoCertificates.lean:1233:100: This line exceeds the 100 character limit, please shorten it!

Note: This linter can be disabled with `set_option linter.style.longLine false`
warning: Math/GeneratedExcessTwoCertificates.lean:1270:100: This line exceeds the 100 character limit, please shorten it!

Note: This linter can be disabled with `set_option linter.style.longLine false`
warning: Math/GeneratedExcessTwoCertificates.lean:1271:100: This line exceeds the 100 character limit, please shorten it!

Note: This linter can be disabled with `set_option linter.style.longLine false`
warning: Math/GeneratedExcessTwoCertificates.lean:1273:100: This line exceeds the 100 character limit, please shorten it!

Note: This linter can be disabled with `set_option linter.style.longLine false`
warning: Math/GeneratedExcessTwoCertificates.lean:1279:100: This line exceeds the 100 character limit, please shorten it!

Note: This linter can be disabled with `set_option linter.style.longLine false`
warning: Math/GeneratedExcessTwoCertificates.lean:1285:100: This line exceeds the 100 character limit, please shorten it!

Note: This linter can be disabled with `set_option linter.style.longLine false`
warning: Math/GeneratedExcessTwoCertificates.lean:1286:100: This line exceeds the 100 character limit, please shorten it!

Note: This linter can be disabled with `set_option linter.style.longLine false`
warning: Math/GeneratedExcessTwoCertificates.lean:1323:100: This line exceeds the 100 character limit, please shorten it!

Note: This linter can be disabled with `set_option linter.style.longLine false`
warning: Math/GeneratedExcessTwoCertificates.lean:1324:100: This line exceeds the 100 character limit, please shorten it!

Note: This linter can be disabled with `set_option linter.style.longLine false`
warning: Math/GeneratedExcessTwoCertificates.lean:1326:100: This line exceeds the 100 character limit, please shorten it!

Note: This linter can be disabled with `set_option linter.style.longLine false`
warning: Math/GeneratedExcessTwoCertificates.lean:1332:100: This line exceeds the 100 character limit, please shorten it!

Note: This linter can be disabled with `set_option linter.style.longLine false`
warning: Math/GeneratedExcessTwoCertificates.lean:1338:100: This line exceeds the 100 character limit, please shorten it!

Note: This linter can be disabled with `set_option linter.style.longLine false`
warning: Math/GeneratedExcessTwoCertificates.lean:1339:100: This line exceeds the 100 character limit, please shorten it!

Note: This linter can be disabled with `set_option linter.style.longLine false`
warning: Math/GeneratedExcessTwoCertificates.lean:1376:100: This line exceeds the 100 character limit, please shorten it!

Note: This linter can be disabled with `set_option linter.style.longLine false`
warning: Math/GeneratedExcessTwoCertificates.lean:1377:100: This line exceeds the 100 character limit, please shorten it!

Note: This linter can be disabled with `set_option linter.style.longLine false`
warning: Math/GeneratedExcessTwoCertificates.lean:1379:100: This line exceeds the 100 character limit, please shorten it!

Note: This linter can be disabled with `set_option linter.style.longLine false`
warning: Math/GeneratedExcessTwoCertificates.lean:1385:100: This line exceeds the 100 character limit, please shorten it!

Note: This linter can be disabled with `set_option linter.style.longLine false`
warning: Math/GeneratedExcessTwoCertificates.lean:1391:100: This line exceeds the 100 character limit, please shorten it!

Note: This linter can be disabled with `set_option linter.style.longLine false`
warning: Math/GeneratedExcessTwoCertificates.lean:1392:100: This line exceeds the 100 character limit, please shorten it!

Note: This linter can be disabled with `set_option linter.style.longLine false`
warning: Math/GeneratedExcessTwoCertificates.lean:1429:100: This line exceeds the 100 character limit, please shorten it!

Note: This linter can be disabled with `set_option linter.style.longLine false`
warning: Math/GeneratedExcessTwoCertificates.lean:1430:100: This line exceeds the 100 character limit, please shorten it!

Note: This linter can be disabled with `set_option linter.style.longLine false`
warning: Math/GeneratedExcessTwoCertificates.lean:1432:100: This line exceeds the 100 character limit, please shorten it!

Note: This linter can be disabled with `set_option linter.style.longLine false`
warning: Math/GeneratedExcessTwoCertificates.lean:1438:100: This line exceeds the 100 character limit, please shorten it!

Note: This linter can be disabled with `set_option linter.style.longLine false`
warning: Math/GeneratedExcessTwoCertificates.lean:1444:100: This line exceeds the 100 character limit, please shorten it!

Note: This linter can be disabled with `set_option linter.style.longLine false`
warning: Math/GeneratedExcessTwoCertificates.lean:1445:100: This line exceeds the 100 character limit, please shorten it!

Note: This linter can be disabled with `set_option linter.style.longLine false`
warning: Math/GeneratedExcessTwoCertificates.lean:1482:100: This line exceeds the 100 character limit, please shorten it!

Note: This linter can be disabled with `set_option linter.style.longLine false`
warning: Math/GeneratedExcessTwoCertificates.lean:1483:100: This line exceeds the 100 character limit, please shorten it!

Note: This linter can be disabled with `set_option linter.style.longLine false`
warning: Math/GeneratedExcessTwoCertificates.lean:1485:100: This line exceeds the 100 character limit, please shorten it!

Note: This linter can be disabled with `set_option linter.style.longLine false`
warning: Math/GeneratedExcessTwoCertificates.lean:1491:100: This line exceeds the 100 character limit, please shorten it!

Note: This linter can be disabled with `set_option linter.style.longLine false`
warning: Math/GeneratedExcessTwoCertificates.lean:1497:100: This line exceeds the 100 character limit, please shorten it!

Note: This linter can be disabled with `set_option linter.style.longLine false`
warning: Math/GeneratedExcessTwoCertificates.lean:1498:100: This line exceeds the 100 character limit, please shorten it!

Note: This linter can be disabled with `set_option linter.style.longLine false`
warning: Math/GeneratedExcessTwoCertificates.lean:1535:100: This line exceeds the 100 character limit, please shorten it!

Note: This linter can be disabled with `set_option linter.style.longLine false`
warning: Math/GeneratedExcessTwoCertificates.lean:1536:100: This line exceeds the 100 character limit, please shorten it!

Note: This linter can be disabled with `set_option linter.style.longLine false`
warning: Math/GeneratedExcessTwoCertificates.lean:1538:100: This line exceeds the 100 character limit, please shorten it!

Note: This linter can be disabled with `set_option linter.style.longLine false`
warning: Math/GeneratedExcessTwoCertificates.lean:1544:100: This line exceeds the 100 character limit, please shorten it!

Note: This linter can be disabled with `set_option linter.style.longLine false`
warning: Math/GeneratedExcessTwoCertificates.lean:1550:100: This line exceeds the 100 character limit, please shorten it!

Note: This linter can be disabled with `set_option linter.style.longLine false`
warning: Math/GeneratedExcessTwoCertificates.lean:1551:100: This line exceeds the 100 character limit, please shorten it!

Note: This linter can be disabled with `set_option linter.style.longLine false`
warning: Math/GeneratedExcessTwoCertificates.lean:1588:100: This line exceeds the 100 character limit, please shorten it!

Note: This linter can be disabled with `set_option linter.style.longLine false`
warning: Math/GeneratedExcessTwoCertificates.lean:1589:100: This line exceeds the 100 character limit, please shorten it!

Note: This linter can be disabled with `set_option linter.style.longLine false`
warning: Math/GeneratedExcessTwoCertificates.lean:1591:100: This line exceeds the 100 character limit, please shorten it!

Note: This linter can be disabled with `set_option linter.style.longLine false`
warning: Math/GeneratedExcessTwoCertificates.lean:1597:100: This line exceeds the 100 character limit, please shorten it!

Note: This linter can be disabled with `set_option linter.style.longLine false`
warning: Math/GeneratedExcessTwoCertificates.lean:1603:100: This line exceeds the 100 character limit, please shorten it!

Note: This linter can be disabled with `set_option linter.style.longLine false`
warning: Math/GeneratedExcessTwoCertificates.lean:1604:100: This line exceeds the 100 character limit, please shorten it!

Note: This linter can be disabled with `set_option linter.style.longLine false`
warning: Math/GeneratedExcessTwoCertificates.lean:1641:100: This line exceeds the 100 character limit, please shorten it!

Note: This linter can be disabled with `set_option linter.style.longLine false`
warning: Math/GeneratedExcessTwoCertificates.lean:1642:100: This line exceeds the 100 character limit, please shorten it!

Note: This linter can be disabled with `set_option linter.style.longLine false`
warning: Math/GeneratedExcessTwoCertificates.lean:1644:100: This line exceeds the 100 character limit, please shorten it!

Note: This linter can be disabled with `set_option linter.style.longLine false`
warning: Math/GeneratedExcessTwoCertificates.lean:1650:100: This line exceeds the 100 character limit, please shorten it!

Note: This linter can be disabled with `set_option linter.style.longLine false`
warning: Math/GeneratedExcessTwoCertificates.lean:1656:100: This line exceeds the 100 character limit, please shorten it!

Note: This linter can be disabled with `set_option linter.style.longLine false`
warning: Math/GeneratedExcessTwoCertificates.lean:1657:100: This line exceeds the 100 character limit, please shorten it!

Note: This linter can be disabled with `set_option linter.style.longLine false`
warning: Math/GeneratedExcessTwoCertificates.lean:1694:100: This line exceeds the 100 character limit, please shorten it!

Note: This linter can be disabled with `set_option linter.style.longLine false`
warning: Math/GeneratedExcessTwoCertificates.lean:1695:100: This line exceeds the 100 character limit, please shorten it!

Note: This linter can be disabled with `set_option linter.style.longLine false`
warning: Math/GeneratedExcessTwoCertificates.lean:1697:100: This line exceeds the 100 character limit, please shorten it!

Note: This linter can be disabled with `set_option linter.style.longLine false`
warning: Math/GeneratedExcessTwoCertificates.lean:1703:100: This line exceeds the 100 character limit, please shorten it!

Note: This linter can be disabled with `set_option linter.style.longLine false`
warning: Math/GeneratedExcessTwoCertificates.lean:1709:100: This line exceeds the 100 character limit, please shorten it!

Note: This linter can be disabled with `set_option linter.style.longLine false`
warning: Math/GeneratedExcessTwoCertificates.lean:1710:100: This line exceeds the 100 character limit, please shorten it!

Note: This linter can be disabled with `set_option linter.style.longLine false`
warning: Math/GeneratedExcessTwoCertificates.lean:1747:100: This line exceeds the 100 character limit, please shorten it!

Note: This linter can be disabled with `set_option linter.style.longLine false`
warning: Math/GeneratedExcessTwoCertificates.lean:1748:100: This line exceeds the 100 character limit, please shorten it!

Note: This linter can be disabled with `set_option linter.style.longLine false`
warning: Math/GeneratedExcessTwoCertificates.lean:1750:100: This line exceeds the 100 character limit, please shorten it!

Note: This linter can be disabled with `set_option linter.style.longLine false`
warning: Math/GeneratedExcessTwoCertificates.lean:1756:100: This line exceeds the 100 character limit, please shorten it!

Note: This linter can be disabled with `set_option linter.style.longLine false`
warning: Math/GeneratedExcessTwoCertificates.lean:1762:100: This line exceeds the 100 character limit, please shorten it!

Note: This linter can be disabled with `set_option linter.style.longLine false`
warning: Math/GeneratedExcessTwoCertificates.lean:1763:100: This line exceeds the 100 character limit, please shorten it!

Note: This linter can be disabled with `set_option linter.style.longLine false`
warning: Math/GeneratedExcessTwoCertificates.lean:1800:100: This line exceeds the 100 character limit, please shorten it!

Note: This linter can be disabled with `set_option linter.style.longLine false`
warning: Math/GeneratedExcessTwoCertificates.lean:1801:100: This line exceeds the 100 character limit, please shorten it!

Note: This linter can be disabled with `set_option linter.style.longLine false`
warning: Math/GeneratedExcessTwoCertificates.lean:1803:100: This line exceeds the 100 character limit, please shorten it!

Note: This linter can be disabled with `set_option linter.style.longLine false`
warning: Math/GeneratedExcessTwoCertificates.lean:1809:100: This line exceeds the 100 character limit, please shorten it!

Note: This linter can be disabled with `set_option linter.style.longLine false`
warning: Math/GeneratedExcessTwoCertificates.lean:1815:100: This line exceeds the 100 character limit, please shorten it!

Note: This linter can be disabled with `set_option linter.style.longLine false`
warning: Math/GeneratedExcessTwoCertificates.lean:1816:100: This line exceeds the 100 character limit, please shorten it!

Note: This linter can be disabled with `set_option linter.style.longLine false`
warning: Math/GeneratedExcessTwoCertificates.lean:1853:100: This line exceeds the 100 character limit, please shorten it!

Note: This linter can be disabled with `set_option linter.style.longLine false`
warning: Math/GeneratedExcessTwoCertificates.lean:1854:100: This line exceeds the 100 character limit, please shorten it!

Note: This linter can be disabled with `set_option linter.style.longLine false`
warning: Math/GeneratedExcessTwoCertificates.lean:1856:100: This line exceeds the 100 character limit, please shorten it!

Note: This linter can be disabled with `set_option linter.style.longLine false`
warning: Math/GeneratedExcessTwoCertificates.lean:1862:100: This line exceeds the 100 character limit, please shorten it!

Note: This linter can be disabled with `set_option linter.style.longLine false`
warning: Math/GeneratedExcessTwoCertificates.lean:1868:100: This line exceeds the 100 character limit, please shorten it!

Note: This linter can be disabled with `set_option linter.style.longLine false`
warning: Math/GeneratedExcessTwoCertificates.lean:1869:100: This line exceeds the 100 character limit, please shorten it!

Note: This linter can be disabled with `set_option linter.style.longLine false`
warning: Math/GeneratedExcessTwoCertificates.lean:1906:100: This line exceeds the 100 character limit, please shorten it!

Note: This linter can be disabled with `set_option linter.style.longLine false`
warning: Math/GeneratedExcessTwoCertificates.lean:1907:100: This line exceeds the 100 character limit, please shorten it!

Note: This linter can be disabled with `set_option linter.style.longLine false`
warning: Math/GeneratedExcessTwoCertificates.lean:1909:100: This line exceeds the 100 character limit, please shorten it!

Note: This linter can be disabled with `set_option linter.style.longLine false`
warning: Math/GeneratedExcessTwoCertificates.lean:1915:100: This line exceeds the 100 character limit, please shorten it!

Note: This linter can be disabled with `set_option linter.style.longLine false`
warning: Math/GeneratedExcessTwoCertificates.lean:1921:100: This line exceeds the 100 character limit, please shorten it!

Note: This linter can be disabled with `set_option linter.style.longLine false`
warning: Math/GeneratedExcessTwoCertificates.lean:1922:100: This line exceeds the 100 character limit, please shorten it!

Note: This linter can be disabled with `set_option linter.style.longLine false`
warning: Math/GeneratedExcessTwoCertificates.lean:1959:100: This line exceeds the 100 character limit, please shorten it!

Note: This linter can be disabled with `set_option linter.style.longLine false`
warning: Math/GeneratedExcessTwoCertificates.lean:1960:100: This line exceeds the 100 character limit, please shorten it!

Note: This linter can be disabled with `set_option linter.style.longLine false`
warning: Math/GeneratedExcessTwoCertificates.lean:1962:100: This line exceeds the 100 character limit, please shorten it!

Note: This linter can be disabled with `set_option linter.style.longLine false`
warning: Math/GeneratedExcessTwoCertificates.lean:1968:100: This line exceeds the 100 character limit, please shorten it!

Note: This linter can be disabled with `set_option linter.style.longLine false`
warning: Math/GeneratedExcessTwoCertificates.lean:1974:100: This line exceeds the 100 character limit, please shorten it!

Note: This linter can be disabled with `set_option linter.style.longLine false`
warning: Math/GeneratedExcessTwoCertificates.lean:1975:100: This line exceeds the 100 character limit, please shorten it!

Note: This linter can be disabled with `set_option linter.style.longLine false`
warning: Math/GeneratedExcessTwoCertificates.lean:2012:100: This line exceeds the 100 character limit, please shorten it!

Note: This linter can be disabled with `set_option linter.style.longLine false`
warning: Math/GeneratedExcessTwoCertificates.lean:2013:100: This line exceeds the 100 character limit, please shorten it!

Note: This linter can be disabled with `set_option linter.style.longLine false`
warning: Math/GeneratedExcessTwoCertificates.lean:2015:100: This line exceeds the 100 character limit, please shorten it!

Note: This linter can be disabled with `set_option linter.style.longLine false`
warning: Math/GeneratedExcessTwoCertificates.lean:2021:100: This line exceeds the 100 character limit, please shorten it!

Note: This linter can be disabled with `set_option linter.style.longLine false`
warning: Math/GeneratedExcessTwoCertificates.lean:2027:100: This line exceeds the 100 character limit, please shorten it!

Note: This linter can be disabled with `set_option linter.style.longLine false`
warning: Math/GeneratedExcessTwoCertificates.lean:2028:100: This line exceeds the 100 character limit, please shorten it!

Note: This linter can be disabled with `set_option linter.style.longLine false`
warning: Math/GeneratedExcessTwoCertificates.lean:2065:100: This line exceeds the 100 character limit, please shorten it!

Note: This linter can be disabled with `set_option linter.style.longLine false`
warning: Math/GeneratedExcessTwoCertificates.lean:2066:100: This line exceeds the 100 character limit, please shorten it!

Note: This linter can be disabled with `set_option linter.style.longLine false`
warning: Math/GeneratedExcessTwoCertificates.lean:2068:100: This line exceeds the 100 character limit, please shorten it!

Note: This linter can be disabled with `set_option linter.style.longLine false`
warning: Math/GeneratedExcessTwoCertificates.lean:2074:100: This line exceeds the 100 character limit, please shorten it!

Note: This linter can be disabled with `set_option linter.style.longLine false`
warning: Math/GeneratedExcessTwoCertificates.lean:2080:100: This line exceeds the 100 character limit, please shorten it!

Note: This linter can be disabled with `set_option linter.style.longLine false`
warning: Math/GeneratedExcessTwoCertificates.lean:2081:100: This line exceeds the 100 character limit, please shorten it!

Note: This linter can be disabled with `set_option linter.style.longLine false`
warning: Math/GeneratedExcessTwoCertificates.lean:2118:100: This line exceeds the 100 character limit, please shorten it!

Note: This linter can be disabled with `set_option linter.style.longLine false`
warning: Math/GeneratedExcessTwoCertificates.lean:2119:100: This line exceeds the 100 character limit, please shorten it!

Note: This linter can be disabled with `set_option linter.style.longLine false`
warning: Math/GeneratedExcessTwoCertificates.lean:2121:100: This line exceeds the 100 character limit, please shorten it!

Note: This linter can be disabled with `set_option linter.style.longLine false`
warning: Math/GeneratedExcessTwoCertificates.lean:2127:100: This line exceeds the 100 character limit, please shorten it!

Note: This linter can be disabled with `set_option linter.style.longLine false`
warning: Math/GeneratedExcessTwoCertificates.lean:2133:100: This line exceeds the 100 character limit, please shorten it!

Note: This linter can be disabled with `set_option linter.style.longLine false`
warning: Math/GeneratedExcessTwoCertificates.lean:2134:100: This line exceeds the 100 character limit, please shorten it!

Note: This linter can be disabled with `set_option linter.style.longLine false`
warning: Math/GeneratedExcessTwoCertificates.lean:2171:100: This line exceeds the 100 character limit, please shorten it!

Note: This linter can be disabled with `set_option linter.style.longLine false`
warning: Math/GeneratedExcessTwoCertificates.lean:2172:100: This line exceeds the 100 character limit, please shorten it!

Note: This linter can be disabled with `set_option linter.style.longLine false`
warning: Math/GeneratedExcessTwoCertificates.lean:2174:100: This line exceeds the 100 character limit, please shorten it!

Note: This linter can be disabled with `set_option linter.style.longLine false`
warning: Math/GeneratedExcessTwoCertificates.lean:2180:100: This line exceeds the 100 character limit, please shorten it!

Note: This linter can be disabled with `set_option linter.style.longLine false`
warning: Math/GeneratedExcessTwoCertificates.lean:2186:100: This line exceeds the 100 character limit, please shorten it!

Note: This linter can be disabled with `set_option linter.style.longLine false`
warning: Math/GeneratedExcessTwoCertificates.lean:2187:100: This line exceeds the 100 character limit, please shorten it!

Note: This linter can be disabled with `set_option linter.style.longLine false`
warning: Math/GeneratedExcessTwoCertificates.lean:2224:100: This line exceeds the 100 character limit, please shorten it!

Note: This linter can be disabled with `set_option linter.style.longLine false`
warning: Math/GeneratedExcessTwoCertificates.lean:2225:100: This line exceeds the 100 character limit, please shorten it!

Note: This linter can be disabled with `set_option linter.style.longLine false`
warning: Math/GeneratedExcessTwoCertificates.lean:2227:100: This line exceeds the 100 character limit, please shorten it!

Note: This linter can be disabled with `set_option linter.style.longLine false`
warning: Math/GeneratedExcessTwoCertificates.lean:2233:100: This line exceeds the 100 character limit, please shorten it!

Note: This linter can be disabled with `set_option linter.style.longLine false`
warning: Math/GeneratedExcessTwoCertificates.lean:2239:100: This line exceeds the 100 character limit, please shorten it!

Note: This linter can be disabled with `set_option linter.style.longLine false`
warning: Math/GeneratedExcessTwoCertificates.lean:2240:100: This line exceeds the 100 character limit, please shorten it!

Note: This linter can be disabled with `set_option linter.style.longLine false`
warning: Math/GeneratedExcessTwoCertificates.lean:2277:100: This line exceeds the 100 character limit, please shorten it!

Note: This linter can be disabled with `set_option linter.style.longLine false`
warning: Math/GeneratedExcessTwoCertificates.lean:2278:100: This line exceeds the 100 character limit, please shorten it!

Note: This linter can be disabled with `set_option linter.style.longLine false`
warning: Math/GeneratedExcessTwoCertificates.lean:2280:100: This line exceeds the 100 character limit, please shorten it!

Note: This linter can be disabled with `set_option linter.style.longLine false`
warning: Math/GeneratedExcessTwoCertificates.lean:2286:100: This line exceeds the 100 character limit, please shorten it!

Note: This linter can be disabled with `set_option linter.style.longLine false`
warning: Math/GeneratedExcessTwoCertificates.lean:2292:100: This line exceeds the 100 character limit, please shorten it!

Note: This linter can be disabled with `set_option linter.style.longLine false`
warning: Math/GeneratedExcessTwoCertificates.lean:2293:100: This line exceeds the 100 character limit, please shorten it!

Note: This linter can be disabled with `set_option linter.style.longLine false`
warning: Math/GeneratedExcessTwoCertificates.lean:2330:100: This line exceeds the 100 character limit, please shorten it!

Note: This linter can be disabled with `set_option linter.style.longLine false`
warning: Math/GeneratedExcessTwoCertificates.lean:2331:100: This line exceeds the 100 character limit, please shorten it!

Note: This linter can be disabled with `set_option linter.style.longLine false`
warning: Math/GeneratedExcessTwoCertificates.lean:2333:100: This line exceeds the 100 character limit, please shorten it!

Note: This linter can be disabled with `set_option linter.style.longLine false`
warning: Math/GeneratedExcessTwoCertificates.lean:2339:100: This line exceeds the 100 character limit, please shorten it!

Note: This linter can be disabled with `set_option linter.style.longLine false`
warning: Math/GeneratedExcessTwoCertificates.lean:2345:100: This line exceeds the 100 character limit, please shorten it!

Note: This linter can be disabled with `set_option linter.style.longLine false`
warning: Math/GeneratedExcessTwoCertificates.lean:2346:100: This line exceeds the 100 character limit, please shorten it!

Note: This linter can be disabled with `set_option linter.style.longLine false`
warning: Math/GeneratedExcessTwoCertificates.lean:2383:100: This line exceeds the 100 character limit, please shorten it!

Note: This linter can be disabled with `set_option linter.style.longLine false`
warning: Math/GeneratedExcessTwoCertificates.lean:2384:100: This line exceeds the 100 character limit, please shorten it!

Note: This linter can be disabled with `set_option linter.style.longLine false`
warning: Math/GeneratedExcessTwoCertificates.lean:2386:100: This line exceeds the 100 character limit, please shorten it!

Note: This linter can be disabled with `set_option linter.style.longLine false`
warning: Math/GeneratedExcessTwoCertificates.lean:2392:100: This line exceeds the 100 character limit, please shorten it!

Note: This linter can be disabled with `set_option linter.style.longLine false`
warning: Math/GeneratedExcessTwoCertificates.lean:2398:100: This line exceeds the 100 character limit, please shorten it!

Note: This linter can be disabled with `set_option linter.style.longLine false`
warning: Math/GeneratedExcessTwoCertificates.lean:2399:100: This line exceeds the 100 character limit, please shorten it!

Note: This linter can be disabled with `set_option linter.style.longLine false`
warning: Math/GeneratedExcessTwoCertificates.lean:2436:100: This line exceeds the 100 character limit, please shorten it!

Note: This linter can be disabled with `set_option linter.style.longLine false`
warning: Math/GeneratedExcessTwoCertificates.lean:2437:100: This line exceeds the 100 character limit, please shorten it!

Note: This linter can be disabled with `set_option linter.style.longLine false`
warning: Math/GeneratedExcessTwoCertificates.lean:2439:100: This line exceeds the 100 character limit, please shorten it!

Note: This linter can be disabled with `set_option linter.style.longLine false`
warning: Math/GeneratedExcessTwoCertificates.lean:2445:100: This line exceeds the 100 character limit, please shorten it!

Note: This linter can be disabled with `set_option linter.style.longLine false`
warning: Math/GeneratedExcessTwoCertificates.lean:2451:100: This line exceeds the 100 character limit, please shorten it!

Note: This linter can be disabled with `set_option linter.style.longLine false`
warning: Math/GeneratedExcessTwoCertificates.lean:2452:100: This line exceeds the 100 character limit, please shorten it!

Note: This linter can be disabled with `set_option linter.style.longLine false`
warning: Math/GeneratedExcessTwoCertificates.lean:2489:100: This line exceeds the 100 character limit, please shorten it!

Note: This linter can be disabled with `set_option linter.style.longLine false`
warning: Math/GeneratedExcessTwoCertificates.lean:2490:100: This line exceeds the 100 character limit, please shorten it!

Note: This linter can be disabled with `set_option linter.style.longLine false`
warning: Math/GeneratedExcessTwoCertificates.lean:2492:100: This line exceeds the 100 character limit, please shorten it!

Note: This linter can be disabled with `set_option linter.style.longLine false`
warning: Math/GeneratedExcessTwoCertificates.lean:2498:100: This line exceeds the 100 character limit, please shorten it!

Note: This linter can be disabled with `set_option linter.style.longLine false`
warning: Math/GeneratedExcessTwoCertificates.lean:2504:100: This line exceeds the 100 character limit, please shorten it!

Note: This linter can be disabled with `set_option linter.style.longLine false`
warning: Math/GeneratedExcessTwoCertificates.lean:2505:100: This line exceeds the 100 character limit, please shorten it!

Note: This linter can be disabled with `set_option linter.style.longLine false`
warning: Math/GeneratedExcessTwoCertificates.lean:2542:100: This line exceeds the 100 character limit, please shorten it!

Note: This linter can be disabled with `set_option linter.style.longLine false`
warning: Math/GeneratedExcessTwoCertificates.lean:2543:100: This line exceeds the 100 character limit, please shorten it!

Note: This linter can be disabled with `set_option linter.style.longLine false`
warning: Math/GeneratedExcessTwoCertificates.lean:2545:100: This line exceeds the 100 character limit, please shorten it!

Note: This linter can be disabled with `set_option linter.style.longLine false`
warning: Math/GeneratedExcessTwoCertificates.lean:2551:100: This line exceeds the 100 character limit, please shorten it!

Note: This linter can be disabled with `set_option linter.style.longLine false`
warning: Math/GeneratedExcessTwoCertificates.lean:2557:100: This line exceeds the 100 character limit, please shorten it!

Note: This linter can be disabled with `set_option linter.style.longLine false`
warning: Math/GeneratedExcessTwoCertificates.lean:2558:100: This line exceeds the 100 character limit, please shorten it!

Note: This linter can be disabled with `set_option linter.style.longLine false`
warning: Math/GeneratedExcessTwoCertificates.lean:2598:100: This line exceeds the 100 character limit, please shorten it!

Note: This linter can be disabled with `set_option linter.style.longLine false`
warning: Math/GeneratedExcessTwoCertificates.lean:2599:100: This line exceeds the 100 character limit, please shorten it!

Note: This linter can be disabled with `set_option linter.style.longLine false`
warning: Math/GeneratedExcessTwoCertificates.lean:2601:100: This line exceeds the 100 character limit, please shorten it!

Note: This linter can be disabled with `set_option linter.style.longLine false`
warning: Math/GeneratedExcessTwoCertificates.lean:2607:100: This line exceeds the 100 character limit, please shorten it!

Note: This linter can be disabled with `set_option linter.style.longLine false`
warning: Math/GeneratedExcessTwoCertificates.lean:2613:100: This line exceeds the 100 character limit, please shorten it!

Note: This linter can be disabled with `set_option linter.style.longLine false`
warning: Math/GeneratedExcessTwoCertificates.lean:2614:100: This line exceeds the 100 character limit, please shorten it!

Note: This linter can be disabled with `set_option linter.style.longLine false`
warning: Math/GeneratedExcessTwoCertificates.lean:2655:100: This line exceeds the 100 character limit, please shorten it!

Note: This linter can be disabled with `set_option linter.style.longLine false`
warning: Math/GeneratedExcessTwoCertificates.lean:2656:100: This line exceeds the 100 character limit, please shorten it!

Note: This linter can be disabled with `set_option linter.style.longLine false`
warning: Math/GeneratedExcessTwoCertificates.lean:2658:100: This line exceeds the 100 character limit, please shorten it!

Note: This linter can be disabled with `set_option linter.style.longLine false`
warning: Math/GeneratedExcessTwoCertificates.lean:2664:100: This line exceeds the 100 character limit, please shorten it!

Note: This linter can be disabled with `set_option linter.style.longLine false`
warning: Math/GeneratedExcessTwoCertificates.lean:2670:100: This line exceeds the 100 character limit, please shorten it!

Note: This linter can be disabled with `set_option linter.style.longLine false`
warning: Math/GeneratedExcessTwoCertificates.lean:2671:100: This line exceeds the 100 character limit, please shorten it!

Note: This linter can be disabled with `set_option linter.style.longLine false`
warning: Math/GeneratedExcessTwoCertificates.lean:2712:100: This line exceeds the 100 character limit, please shorten it!

Note: This linter can be disabled with `set_option linter.style.longLine false`
warning: Math/GeneratedExcessTwoCertificates.lean:2713:100: This line exceeds the 100 character limit, please shorten it!

Note: This linter can be disabled with `set_option linter.style.longLine false`
warning: Math/GeneratedExcessTwoCertificates.lean:2715:100: This line exceeds the 100 character limit, please shorten it!

Note: This linter can be disabled with `set_option linter.style.longLine false`
warning: Math/GeneratedExcessTwoCertificates.lean:2721:100: This line exceeds the 100 character limit, please shorten it!

Note: This linter can be disabled with `set_option linter.style.longLine false`
warning: Math/GeneratedExcessTwoCertificates.lean:2727:100: This line exceeds the 100 character limit, please shorten it!

Note: This linter can be disabled with `set_option linter.style.longLine false`
warning: Math/GeneratedExcessTwoCertificates.lean:2728:100: This line exceeds the 100 character limit, please shorten it!

Note: This linter can be disabled with `set_option linter.style.longLine false`
warning: Math/GeneratedExcessTwoCertificates.lean:2769:100: This line exceeds the 100 character limit, please shorten it!

Note: This linter can be disabled with `set_option linter.style.longLine false`
warning: Math/GeneratedExcessTwoCertificates.lean:2770:100: This line exceeds the 100 character limit, please shorten it!

Note: This linter can be disabled with `set_option linter.style.longLine false`
warning: Math/GeneratedExcessTwoCertificates.lean:2772:100: This line exceeds the 100 character limit, please shorten it!

Note: This linter can be disabled with `set_option linter.style.longLine false`
warning: Math/GeneratedExcessTwoCertificates.lean:2778:100: This line exceeds the 100 character limit, please shorten it!

Note: This linter can be disabled with `set_option linter.style.longLine false`
warning: Math/GeneratedExcessTwoCertificates.lean:2784:100: This line exceeds the 100 character limit, please shorten it!

Note: This linter can be disabled with `set_option linter.style.longLine false`
warning: Math/GeneratedExcessTwoCertificates.lean:2785:100: This line exceeds the 100 character limit, please shorten it!

Note: This linter can be disabled with `set_option linter.style.longLine false`
warning: Math/GeneratedExcessTwoCertificates.lean:2826:100: This line exceeds the 100 character limit, please shorten it!

Note: This linter can be disabled with `set_option linter.style.longLine false`
warning: Math/GeneratedExcessTwoCertificates.lean:2827:100: This line exceeds the 100 character limit, please shorten it!

Note: This linter can be disabled with `set_option linter.style.longLine false`
warning: Math/GeneratedExcessTwoCertificates.lean:2829:100: This line exceeds the 100 character limit, please shorten it!

Note: This linter can be disabled with `set_option linter.style.longLine false`
warning: Math/GeneratedExcessTwoCertificates.lean:2835:100: This line exceeds the 100 character limit, please shorten it!

Note: This linter can be disabled with `set_option linter.style.longLine false`
warning: Math/GeneratedExcessTwoCertificates.lean:2841:100: This line exceeds the 100 character limit, please shorten it!

Note: This linter can be disabled with `set_option linter.style.longLine false`
warning: Math/GeneratedExcessTwoCertificates.lean:2842:100: This line exceeds the 100 character limit, please shorten it!

Note: This linter can be disabled with `set_option linter.style.longLine false`
warning: Math/GeneratedExcessTwoCertificates.lean:2882:100: This line exceeds the 100 character limit, please shorten it!

Note: This linter can be disabled with `set_option linter.style.longLine false`
warning: Math/GeneratedExcessTwoCertificates.lean:2883:100: This line exceeds the 100 character limit, please shorten it!

Note: This linter can be disabled with `set_option linter.style.longLine false`
warning: Math/GeneratedExcessTwoCertificates.lean:2885:100: This line exceeds the 100 character limit, please shorten it!

Note: This linter can be disabled with `set_option linter.style.longLine false`
warning: Math/GeneratedExcessTwoCertificates.lean:2891:100: This line exceeds the 100 character limit, please shorten it!

Note: This linter can be disabled with `set_option linter.style.longLine false`
warning: Math/GeneratedExcessTwoCertificates.lean:2897:100: This line exceeds the 100 character limit, please shorten it!

Note: This linter can be disabled with `set_option linter.style.longLine false`
warning: Math/GeneratedExcessTwoCertificates.lean:2898:100: This line exceeds the 100 character limit, please shorten it!

Note: This linter can be disabled with `set_option linter.style.longLine false`
warning: Math/GeneratedExcessTwoCertificates.lean:2937:100: This line exceeds the 100 character limit, please shorten it!

Note: This linter can be disabled with `set_option linter.style.longLine false`
warning: Math/GeneratedExcessTwoCertificates.lean:2938:100: This line exceeds the 100 character limit, please shorten it!

Note: This linter can be disabled with `set_option linter.style.longLine false`
warning: Math/GeneratedExcessTwoCertificates.lean:2940:100: This line exceeds the 100 character limit, please shorten it!

Note: This linter can be disabled with `set_option linter.style.longLine false`
warning: Math/GeneratedExcessTwoCertificates.lean:2946:100: This line exceeds the 100 character limit, please shorten it!

Note: This linter can be disabled with `set_option linter.style.longLine false`
warning: Math/GeneratedExcessTwoCertificates.lean:2952:100: This line exceeds the 100 character limit, please shorten it!

Note: This linter can be disabled with `set_option linter.style.longLine false`
warning: Math/GeneratedExcessTwoCertificates.lean:2953:100: This line exceeds the 100 character limit, please shorten it!

Note: This linter can be disabled with `set_option linter.style.longLine false`
warning: Math/GeneratedExcessTwoCertificates.lean:2992:100: This line exceeds the 100 character limit, please shorten it!

Note: This linter can be disabled with `set_option linter.style.longLine false`
warning: Math/GeneratedExcessTwoCertificates.lean:2993:100: This line exceeds the 100 character limit, please shorten it!

Note: This linter can be disabled with `set_option linter.style.longLine false`
warning: Math/GeneratedExcessTwoCertificates.lean:2995:100: This line exceeds the 100 character limit, please shorten it!

Note: This linter can be disabled with `set_option linter.style.longLine false`
warning: Math/GeneratedExcessTwoCertificates.lean:3001:100: This line exceeds the 100 character limit, please shorten it!

Note: This linter can be disabled with `set_option linter.style.longLine false`
warning: Math/GeneratedExcessTwoCertificates.lean:3007:100: This line exceeds the 100 character limit, please shorten it!

Note: This linter can be disabled with `set_option linter.style.longLine false`
warning: Math/GeneratedExcessTwoCertificates.lean:3008:100: This line exceeds the 100 character limit, please shorten it!

Note: This linter can be disabled with `set_option linter.style.longLine false`
warning: Math/GeneratedExcessTwoCertificates.lean:3047:100: This line exceeds the 100 character limit, please shorten it!

Note: This linter can be disabled with `set_option linter.style.longLine false`
warning: Math/GeneratedExcessTwoCertificates.lean:3048:100: This line exceeds the 100 character limit, please shorten it!

Note: This linter can be disabled with `set_option linter.style.longLine false`
warning: Math/GeneratedExcessTwoCertificates.lean:3050:100: This line exceeds the 100 character limit, please shorten it!

Note: This linter can be disabled with `set_option linter.style.longLine false`
warning: Math/GeneratedExcessTwoCertificates.lean:3056:100: This line exceeds the 100 character limit, please shorten it!

Note: This linter can be disabled with `set_option linter.style.longLine false`
warning: Math/GeneratedExcessTwoCertificates.lean:3062:100: This line exceeds the 100 character limit, please shorten it!

Note: This linter can be disabled with `set_option linter.style.longLine false`
warning: Math/GeneratedExcessTwoCertificates.lean:3063:100: This line exceeds the 100 character limit, please shorten it!

Note: This linter can be disabled with `set_option linter.style.longLine false`
warning: Math/GeneratedExcessTwoCertificates.lean:3102:100: This line exceeds the 100 character limit, please shorten it!

Note: This linter can be disabled with `set_option linter.style.longLine false`
warning: Math/GeneratedExcessTwoCertificates.lean:3103:100: This line exceeds the 100 character limit, please shorten it!

Note: This linter can be disabled with `set_option linter.style.longLine false`
warning: Math/GeneratedExcessTwoCertificates.lean:3105:100: This line exceeds the 100 character limit, please shorten it!

Note: This linter can be disabled with `set_option linter.style.longLine false`
warning: Math/GeneratedExcessTwoCertificates.lean:3111:100: This line exceeds the 100 character limit, please shorten it!

Note: This linter can be disabled with `set_option linter.style.longLine false`
warning: Math/GeneratedExcessTwoCertificates.lean:3117:100: This line exceeds the 100 character limit, please shorten it!

Note: This linter can be disabled with `set_option linter.style.longLine false`
warning: Math/GeneratedExcessTwoCertificates.lean:3118:100: This line exceeds the 100 character limit, please shorten it!

Note: This linter can be disabled with `set_option linter.style.longLine false`
warning: Math/GeneratedExcessTwoCertificates.lean:3157:100: This line exceeds the 100 character limit, please shorten it!

Note: This linter can be disabled with `set_option linter.style.longLine false`
warning: Math/GeneratedExcessTwoCertificates.lean:3158:100: This line exceeds the 100 character limit, please shorten it!

Note: This linter can be disabled with `set_option linter.style.longLine false`
warning: Math/GeneratedExcessTwoCertificates.lean:3160:100: This line exceeds the 100 character limit, please shorten it!

Note: This linter can be disabled with `set_option linter.style.longLine false`
warning: Math/GeneratedExcessTwoCertificates.lean:3166:100: This line exceeds the 100 character limit, please shorten it!

Note: This linter can be disabled with `set_option linter.style.longLine false`
warning: Math/GeneratedExcessTwoCertificates.lean:3172:100: This line exceeds the 100 character limit, please shorten it!

Note: This linter can be disabled with `set_option linter.style.longLine false`
warning: Math/GeneratedExcessTwoCertificates.lean:3173:100: This line exceeds the 100 character limit, please shorten it!

Note: This linter can be disabled with `set_option linter.style.longLine false`
warning: Math/GeneratedExcessTwoCertificates.lean:3212:100: This line exceeds the 100 character limit, please shorten it!

Note: This linter can be disabled with `set_option linter.style.longLine false`
warning: Math/GeneratedExcessTwoCertificates.lean:3213:100: This line exceeds the 100 character limit, please shorten it!

Note: This linter can be disabled with `set_option linter.style.longLine false`
warning: Math/GeneratedExcessTwoCertificates.lean:3215:100: This line exceeds the 100 character limit, please shorten it!

Note: This linter can be disabled with `set_option linter.style.longLine false`
warning: Math/GeneratedExcessTwoCertificates.lean:3221:100: This line exceeds the 100 character limit, please shorten it!

Note: This linter can be disabled with `set_option linter.style.longLine false`
warning: Math/GeneratedExcessTwoCertificates.lean:3227:100: This line exceeds the 100 character limit, please shorten it!

Note: This linter can be disabled with `set_option linter.style.longLine false`
warning: Math/GeneratedExcessTwoCertificates.lean:3228:100: This line exceeds the 100 character limit, please shorten it!

Note: This linter can be disabled with `set_option linter.style.longLine false`
warning: Math/GeneratedExcessTwoCertificates.lean:3267:100: This line exceeds the 100 character limit, please shorten it!

Note: This linter can be disabled with `set_option linter.style.longLine false`
warning: Math/GeneratedExcessTwoCertificates.lean:3268:100: This line exceeds the 100 character limit, please shorten it!

Note: This linter can be disabled with `set_option linter.style.longLine false`
warning: Math/GeneratedExcessTwoCertificates.lean:3270:100: This line exceeds the 100 character limit, please shorten it!

Note: This linter can be disabled with `set_option linter.style.longLine false`
warning: Math/GeneratedExcessTwoCertificates.lean:3276:100: This line exceeds the 100 character limit, please shorten it!

Note: This linter can be disabled with `set_option linter.style.longLine false`
warning: Math/GeneratedExcessTwoCertificates.lean:3282:100: This line exceeds the 100 character limit, please shorten it!

Note: This linter can be disabled with `set_option linter.style.longLine false`
warning: Math/GeneratedExcessTwoCertificates.lean:3283:100: This line exceeds the 100 character limit, please shorten it!

Note: This linter can be disabled with `set_option linter.style.longLine false`
warning: Math/GeneratedExcessTwoCertificates.lean:3322:100: This line exceeds the 100 character limit, please shorten it!

Note: This linter can be disabled with `set_option linter.style.longLine false`
warning: Math/GeneratedExcessTwoCertificates.lean:3323:100: This line exceeds the 100 character limit, please shorten it!

Note: This linter can be disabled with `set_option linter.style.longLine false`
warning: Math/GeneratedExcessTwoCertificates.lean:3325:100: This line exceeds the 100 character limit, please shorten it!

Note: This linter can be disabled with `set_option linter.style.longLine false`
warning: Math/GeneratedExcessTwoCertificates.lean:3331:100: This line exceeds the 100 character limit, please shorten it!

Note: This linter can be disabled with `set_option linter.style.longLine false`
warning: Math/GeneratedExcessTwoCertificates.lean:3337:100: This line exceeds the 100 character limit, please shorten it!

Note: This linter can be disabled with `set_option linter.style.longLine false`
warning: Math/GeneratedExcessTwoCertificates.lean:3338:100: This line exceeds the 100 character limit, please shorten it!

Note: This linter can be disabled with `set_option linter.style.longLine false`
warning: Math/GeneratedExcessTwoCertificates.lean:3377:100: This line exceeds the 100 character limit, please shorten it!

Note: This linter can be disabled with `set_option linter.style.longLine false`
warning: Math/GeneratedExcessTwoCertificates.lean:3378:100: This line exceeds the 100 character limit, please shorten it!

Note: This linter can be disabled with `set_option linter.style.longLine false`
warning: Math/GeneratedExcessTwoCertificates.lean:3380:100: This line exceeds the 100 character limit, please shorten it!

Note: This linter can be disabled with `set_option linter.style.longLine false`
warning: Math/GeneratedExcessTwoCertificates.lean:3386:100: This line exceeds the 100 character limit, please shorten it!

Note: This linter can be disabled with `set_option linter.style.longLine false`
warning: Math/GeneratedExcessTwoCertificates.lean:3392:100: This line exceeds the 100 character limit, please shorten it!

Note: This linter can be disabled with `set_option linter.style.longLine false`
warning: Math/GeneratedExcessTwoCertificates.lean:3393:100: This line exceeds the 100 character limit, please shorten it!

Note: This linter can be disabled with `set_option linter.style.longLine false`
warning: Math/GeneratedExcessTwoCertificates.lean:3432:100: This line exceeds the 100 character limit, please shorten it!

Note: This linter can be disabled with `set_option linter.style.longLine false`
warning: Math/GeneratedExcessTwoCertificates.lean:3433:100: This line exceeds the 100 character limit, please shorten it!

Note: This linter can be disabled with `set_option linter.style.longLine false`
warning: Math/GeneratedExcessTwoCertificates.lean:3435:100: This line exceeds the 100 character limit, please shorten it!

Note: This linter can be disabled with `set_option linter.style.longLine false`
warning: Math/GeneratedExcessTwoCertificates.lean:3441:100: This line exceeds the 100 character limit, please shorten it!

Note: This linter can be disabled with `set_option linter.style.longLine false`
warning: Math/GeneratedExcessTwoCertificates.lean:3447:100: This line exceeds the 100 character limit, please shorten it!

Note: This linter can be disabled with `set_option linter.style.longLine false`
warning: Math/GeneratedExcessTwoCertificates.lean:3448:100: This line exceeds the 100 character limit, please shorten it!

Note: This linter can be disabled with `set_option linter.style.longLine false`
warning: Math/GeneratedExcessTwoCertificates.lean:3487:100: This line exceeds the 100 character limit, please shorten it!

Note: This linter can be disabled with `set_option linter.style.longLine false`
warning: Math/GeneratedExcessTwoCertificates.lean:3488:100: This line exceeds the 100 character limit, please shorten it!

Note: This linter can be disabled with `set_option linter.style.longLine false`
warning: Math/GeneratedExcessTwoCertificates.lean:3490:100: This line exceeds the 100 character limit, please shorten it!

Note: This linter can be disabled with `set_option linter.style.longLine false`
warning: Math/GeneratedExcessTwoCertificates.lean:3496:100: This line exceeds the 100 character limit, please shorten it!

Note: This linter can be disabled with `set_option linter.style.longLine false`
warning: Math/GeneratedExcessTwoCertificates.lean:3502:100: This line exceeds the 100 character limit, please shorten it!

Note: This linter can be disabled with `set_option linter.style.longLine false`
warning: Math/GeneratedExcessTwoCertificates.lean:3503:100: This line exceeds the 100 character limit, please shorten it!

Note: This linter can be disabled with `set_option linter.style.longLine false`
warning: Math/GeneratedExcessTwoCertificates.lean:3542:100: This line exceeds the 100 character limit, please shorten it!

Note: This linter can be disabled with `set_option linter.style.longLine false`
warning: Math/GeneratedExcessTwoCertificates.lean:3543:100: This line exceeds the 100 character limit, please shorten it!

Note: This linter can be disabled with `set_option linter.style.longLine false`
warning: Math/GeneratedExcessTwoCertificates.lean:3545:100: This line exceeds the 100 character limit, please shorten it!

Note: This linter can be disabled with `set_option linter.style.longLine false`
warning: Math/GeneratedExcessTwoCertificates.lean:3551:100: This line exceeds the 100 character limit, please shorten it!

Note: This linter can be disabled with `set_option linter.style.longLine false`
warning: Math/GeneratedExcessTwoCertificates.lean:3557:100: This line exceeds the 100 character limit, please shorten it!

Note: This linter can be disabled with `set_option linter.style.longLine false`
warning: Math/GeneratedExcessTwoCertificates.lean:3558:100: This line exceeds the 100 character limit, please shorten it!

Note: This linter can be disabled with `set_option linter.style.longLine false`
warning: Math/GeneratedExcessTwoCertificates.lean:3597:100: This line exceeds the 100 character limit, please shorten it!

Note: This linter can be disabled with `set_option linter.style.longLine false`
warning: Math/GeneratedExcessTwoCertificates.lean:3598:100: This line exceeds the 100 character limit, please shorten it!

Note: This linter can be disabled with `set_option linter.style.longLine false`
warning: Math/GeneratedExcessTwoCertificates.lean:3600:100: This line exceeds the 100 character limit, please shorten it!

Note: This linter can be disabled with `set_option linter.style.longLine false`
warning: Math/GeneratedExcessTwoCertificates.lean:3606:100: This line exceeds the 100 character limit, please shorten it!

Note: This linter can be disabled with `set_option linter.style.longLine false`
warning: Math/GeneratedExcessTwoCertificates.lean:3612:100: This line exceeds the 100 character limit, please shorten it!

Note: This linter can be disabled with `set_option linter.style.longLine false`
warning: Math/GeneratedExcessTwoCertificates.lean:3613:100: This line exceeds the 100 character limit, please shorten it!

Note: This linter can be disabled with `set_option linter.style.longLine false`
warning: Math/GeneratedExcessTwoCertificates.lean:3652:100: This line exceeds the 100 character limit, please shorten it!

Note: This linter can be disabled with `set_option linter.style.longLine false`
warning: Math/GeneratedExcessTwoCertificates.lean:3653:100: This line exceeds the 100 character limit, please shorten it!

Note: This linter can be disabled with `set_option linter.style.longLine false`
warning: Math/GeneratedExcessTwoCertificates.lean:3655:100: This line exceeds the 100 character limit, please shorten it!

Note: This linter can be disabled with `set_option linter.style.longLine false`
warning: Math/GeneratedExcessTwoCertificates.lean:3661:100: This line exceeds the 100 character limit, please shorten it!

Note: This linter can be disabled with `set_option linter.style.longLine false`
warning: Math/GeneratedExcessTwoCertificates.lean:3667:100: This line exceeds the 100 character limit, please shorten it!

Note: This linter can be disabled with `set_option linter.style.longLine false`
warning: Math/GeneratedExcessTwoCertificates.lean:3668:100: This line exceeds the 100 character limit, please shorten it!

Note: This linter can be disabled with `set_option linter.style.longLine false`
warning: Math/GeneratedExcessTwoCertificates.lean:3707:100: This line exceeds the 100 character limit, please shorten it!

Note: This linter can be disabled with `set_option linter.style.longLine false`
warning: Math/GeneratedExcessTwoCertificates.lean:3708:100: This line exceeds the 100 character limit, please shorten it!

Note: This linter can be disabled with `set_option linter.style.longLine false`
warning: Math/GeneratedExcessTwoCertificates.lean:3710:100: This line exceeds the 100 character limit, please shorten it!

Note: This linter can be disabled with `set_option linter.style.longLine false`
warning: Math/GeneratedExcessTwoCertificates.lean:3716:100: This line exceeds the 100 character limit, please shorten it!

Note: This linter can be disabled with `set_option linter.style.longLine false`
warning: Math/GeneratedExcessTwoCertificates.lean:3722:100: This line exceeds the 100 character limit, please shorten it!

Note: This linter can be disabled with `set_option linter.style.longLine false`
warning: Math/GeneratedExcessTwoCertificates.lean:3723:100: This line exceeds the 100 character limit, please shorten it!

Note: This linter can be disabled with `set_option linter.style.longLine false`
warning: Math/GeneratedExcessTwoCertificates.lean:3762:100: This line exceeds the 100 character limit, please shorten it!

Note: This linter can be disabled with `set_option linter.style.longLine false`
warning: Math/GeneratedExcessTwoCertificates.lean:3763:100: This line exceeds the 100 character limit, please shorten it!

Note: This linter can be disabled with `set_option linter.style.longLine false`
warning: Math/GeneratedExcessTwoCertificates.lean:3765:100: This line exceeds the 100 character limit, please shorten it!

Note: This linter can be disabled with `set_option linter.style.longLine false`
warning: Math/GeneratedExcessTwoCertificates.lean:3771:100: This line exceeds the 100 character limit, please shorten it!

Note: This linter can be disabled with `set_option linter.style.longLine false`
warning: Math/GeneratedExcessTwoCertificates.lean:3777:100: This line exceeds the 100 character limit, please shorten it!

Note: This linter can be disabled with `set_option linter.style.longLine false`
warning: Math/GeneratedExcessTwoCertificates.lean:3778:100: This line exceeds the 100 character limit, please shorten it!

Note: This linter can be disabled with `set_option linter.style.longLine false`
warning: Math/GeneratedExcessTwoCertificates.lean:3817:100: This line exceeds the 100 character limit, please shorten it!

Note: This linter can be disabled with `set_option linter.style.longLine false`
warning: Math/GeneratedExcessTwoCertificates.lean:3818:100: This line exceeds the 100 character limit, please shorten it!

Note: This linter can be disabled with `set_option linter.style.longLine false`
warning: Math/GeneratedExcessTwoCertificates.lean:3820:100: This line exceeds the 100 character limit, please shorten it!

Note: This linter can be disabled with `set_option linter.style.longLine false`
warning: Math/GeneratedExcessTwoCertificates.lean:3826:100: This line exceeds the 100 character limit, please shorten it!

Note: This linter can be disabled with `set_option linter.style.longLine false`
warning: Math/GeneratedExcessTwoCertificates.lean:3832:100: This line exceeds the 100 character limit, please shorten it!

Note: This linter can be disabled with `set_option linter.style.longLine false`
warning: Math/GeneratedExcessTwoCertificates.lean:3833:100: This line exceeds the 100 character limit, please shorten it!

Note: This linter can be disabled with `set_option linter.style.longLine false`
warning: Math/GeneratedExcessTwoCertificates.lean:3872:100: This line exceeds the 100 character limit, please shorten it!

Note: This linter can be disabled with `set_option linter.style.longLine false`
warning: Math/GeneratedExcessTwoCertificates.lean:3873:100: This line exceeds the 100 character limit, please shorten it!

Note: This linter can be disabled with `set_option linter.style.longLine false`
warning: Math/GeneratedExcessTwoCertificates.lean:3875:100: This line exceeds the 100 character limit, please shorten it!

Note: This linter can be disabled with `set_option linter.style.longLine false`
warning: Math/GeneratedExcessTwoCertificates.lean:3881:100: This line exceeds the 100 character limit, please shorten it!

Note: This linter can be disabled with `set_option linter.style.longLine false`
warning: Math/GeneratedExcessTwoCertificates.lean:3887:100: This line exceeds the 100 character limit, please shorten it!

Note: This linter can be disabled with `set_option linter.style.longLine false`
warning: Math/GeneratedExcessTwoCertificates.lean:3888:100: This line exceeds the 100 character limit, please shorten it!

Note: This linter can be disabled with `set_option linter.style.longLine false`
warning: Math/GeneratedExcessTwoCertificates.lean:3927:100: This line exceeds the 100 character limit, please shorten it!

Note: This linter can be disabled with `set_option linter.style.longLine false`
warning: Math/GeneratedExcessTwoCertificates.lean:3928:100: This line exceeds the 100 character limit, please shorten it!

Note: This linter can be disabled with `set_option linter.style.longLine false`
warning: Math/GeneratedExcessTwoCertificates.lean:3930:100: This line exceeds the 100 character limit, please shorten it!

Note: This linter can be disabled with `set_option linter.style.longLine false`
warning: Math/GeneratedExcessTwoCertificates.lean:3936:100: This line exceeds the 100 character limit, please shorten it!

Note: This linter can be disabled with `set_option linter.style.longLine false`
warning: Math/GeneratedExcessTwoCertificates.lean:3942:100: This line exceeds the 100 character limit, please shorten it!

Note: This linter can be disabled with `set_option linter.style.longLine false`
warning: Math/GeneratedExcessTwoCertificates.lean:3943:100: This line exceeds the 100 character limit, please shorten it!

Note: This linter can be disabled with `set_option linter.style.longLine false`
warning: Math/GeneratedExcessTwoCertificates.lean:3982:100: This line exceeds the 100 character limit, please shorten it!

Note: This linter can be disabled with `set_option linter.style.longLine false`
warning: Math/GeneratedExcessTwoCertificates.lean:3983:100: This line exceeds the 100 character limit, please shorten it!

Note: This linter can be disabled with `set_option linter.style.longLine false`
warning: Math/GeneratedExcessTwoCertificates.lean:3985:100: This line exceeds the 100 character limit, please shorten it!

Note: This linter can be disabled with `set_option linter.style.longLine false`
warning: Math/GeneratedExcessTwoCertificates.lean:3991:100: This line exceeds the 100 character limit, please shorten it!

Note: This linter can be disabled with `set_option linter.style.longLine false`
warning: Math/GeneratedExcessTwoCertificates.lean:3997:100: This line exceeds the 100 character limit, please shorten it!

Note: This linter can be disabled with `set_option linter.style.longLine false`
warning: Math/GeneratedExcessTwoCertificates.lean:3998:100: This line exceeds the 100 character limit, please shorten it!

Note: This linter can be disabled with `set_option linter.style.longLine false`
warning: Math/GeneratedExcessTwoCertificates.lean:4037:100: This line exceeds the 100 character limit, please shorten it!

Note: This linter can be disabled with `set_option linter.style.longLine false`
warning: Math/GeneratedExcessTwoCertificates.lean:4038:100: This line exceeds the 100 character limit, please shorten it!

Note: This linter can be disabled with `set_option linter.style.longLine false`
warning: Math/GeneratedExcessTwoCertificates.lean:4040:100: This line exceeds the 100 character limit, please shorten it!

Note: This linter can be disabled with `set_option linter.style.longLine false`
warning: Math/GeneratedExcessTwoCertificates.lean:4046:100: This line exceeds the 100 character limit, please shorten it!

Note: This linter can be disabled with `set_option linter.style.longLine false`
warning: Math/GeneratedExcessTwoCertificates.lean:4052:100: This line exceeds the 100 character limit, please shorten it!

Note: This linter can be disabled with `set_option linter.style.longLine false`
warning: Math/GeneratedExcessTwoCertificates.lean:4053:100: This line exceeds the 100 character limit, please shorten it!

Note: This linter can be disabled with `set_option linter.style.longLine false`
warning: Math/GeneratedExcessTwoCertificates.lean:4092:100: This line exceeds the 100 character limit, please shorten it!

Note: This linter can be disabled with `set_option linter.style.longLine false`
warning: Math/GeneratedExcessTwoCertificates.lean:4093:100: This line exceeds the 100 character limit, please shorten it!

Note: This linter can be disabled with `set_option linter.style.longLine false`
warning: Math/GeneratedExcessTwoCertificates.lean:4095:100: This line exceeds the 100 character limit, please shorten it!

Note: This linter can be disabled with `set_option linter.style.longLine false`
warning: Math/GeneratedExcessTwoCertificates.lean:4101:100: This line exceeds the 100 character limit, please shorten it!

Note: This linter can be disabled with `set_option linter.style.longLine false`
warning: Math/GeneratedExcessTwoCertificates.lean:4107:100: This line exceeds the 100 character limit, please shorten it!

Note: This linter can be disabled with `set_option linter.style.longLine false`
warning: Math/GeneratedExcessTwoCertificates.lean:4108:100: This line exceeds the 100 character limit, please shorten it!

Note: This linter can be disabled with `set_option linter.style.longLine false`
warning: Math/GeneratedExcessTwoCertificates.lean:4147:100: This line exceeds the 100 character limit, please shorten it!

Note: This linter can be disabled with `set_option linter.style.longLine false`
warning: Math/GeneratedExcessTwoCertificates.lean:4148:100: This line exceeds the 100 character limit, please shorten it!

Note: This linter can be disabled with `set_option linter.style.longLine false`
warning: Math/GeneratedExcessTwoCertificates.lean:4150:100: This line exceeds the 100 character limit, please shorten it!

Note: This linter can be disabled with `set_option linter.style.longLine false`
warning: Math/GeneratedExcessTwoCertificates.lean:4156:100: This line exceeds the 100 character limit, please shorten it!

Note: This linter can be disabled with `set_option linter.style.longLine false`
warning: Math/GeneratedExcessTwoCertificates.lean:4162:100: This line exceeds the 100 character limit, please shorten it!

Note: This linter can be disabled with `set_option linter.style.longLine false`
warning: Math/GeneratedExcessTwoCertificates.lean:4163:100: This line exceeds the 100 character limit, please shorten it!

Note: This linter can be disabled with `set_option linter.style.longLine false`
warning: Math/GeneratedExcessTwoCertificates.lean:4202:100: This line exceeds the 100 character limit, please shorten it!

Note: This linter can be disabled with `set_option linter.style.longLine false`
warning: Math/GeneratedExcessTwoCertificates.lean:4203:100: This line exceeds the 100 character limit, please shorten it!

Note: This linter can be disabled with `set_option linter.style.longLine false`
warning: Math/GeneratedExcessTwoCertificates.lean:4205:100: This line exceeds the 100 character limit, please shorten it!

Note: This linter can be disabled with `set_option linter.style.longLine false`
warning: Math/GeneratedExcessTwoCertificates.lean:4211:100: This line exceeds the 100 character limit, please shorten it!

Note: This linter can be disabled with `set_option linter.style.longLine false`
warning: Math/GeneratedExcessTwoCertificates.lean:4217:100: This line exceeds the 100 character limit, please shorten it!

Note: This linter can be disabled with `set_option linter.style.longLine false`
warning: Math/GeneratedExcessTwoCertificates.lean:4218:100: This line exceeds the 100 character limit, please shorten it!

Note: This linter can be disabled with `set_option linter.style.longLine false`
warning: Math/GeneratedExcessTwoCertificates.lean:4257:100: This line exceeds the 100 character limit, please shorten it!

Note: This linter can be disabled with `set_option linter.style.longLine false`
warning: Math/GeneratedExcessTwoCertificates.lean:4258:100: This line exceeds the 100 character limit, please shorten it!

Note: This linter can be disabled with `set_option linter.style.longLine false`
warning: Math/GeneratedExcessTwoCertificates.lean:4260:100: This line exceeds the 100 character limit, please shorten it!

Note: This linter can be disabled with `set_option linter.style.longLine false`
warning: Math/GeneratedExcessTwoCertificates.lean:4266:100: This line exceeds the 100 character limit, please shorten it!

Note: This linter can be disabled with `set_option linter.style.longLine false`
warning: Math/GeneratedExcessTwoCertificates.lean:4272:100: This line exceeds the 100 character limit, please shorten it!

Note: This linter can be disabled with `set_option linter.style.longLine false`
warning: Math/GeneratedExcessTwoCertificates.lean:4273:100: This line exceeds the 100 character limit, please shorten it!

Note: This linter can be disabled with `set_option linter.style.longLine false`
warning: Math/GeneratedExcessTwoCertificates.lean:4312:100: This line exceeds the 100 character limit, please shorten it!

Note: This linter can be disabled with `set_option linter.style.longLine false`
warning: Math/GeneratedExcessTwoCertificates.lean:4313:100: This line exceeds the 100 character limit, please shorten it!

Note: This linter can be disabled with `set_option linter.style.longLine false`
warning: Math/GeneratedExcessTwoCertificates.lean:4315:100: This line exceeds the 100 character limit, please shorten it!

Note: This linter can be disabled with `set_option linter.style.longLine false`
warning: Math/GeneratedExcessTwoCertificates.lean:4321:100: This line exceeds the 100 character limit, please shorten it!

Note: This linter can be disabled with `set_option linter.style.longLine false`
warning: Math/GeneratedExcessTwoCertificates.lean:4327:100: This line exceeds the 100 character limit, please shorten it!

Note: This linter can be disabled with `set_option linter.style.longLine false`
warning: Math/GeneratedExcessTwoCertificates.lean:4328:100: This line exceeds the 100 character limit, please shorten it!

Note: This linter can be disabled with `set_option linter.style.longLine false`
warning: Math/GeneratedExcessTwoCertificates.lean:4367:100: This line exceeds the 100 character limit, please shorten it!

Note: This linter can be disabled with `set_option linter.style.longLine false`
warning: Math/GeneratedExcessTwoCertificates.lean:4368:100: This line exceeds the 100 character limit, please shorten it!

Note: This linter can be disabled with `set_option linter.style.longLine false`
warning: Math/GeneratedExcessTwoCertificates.lean:4370:100: This line exceeds the 100 character limit, please shorten it!

Note: This linter can be disabled with `set_option linter.style.longLine false`
warning: Math/GeneratedExcessTwoCertificates.lean:4376:100: This line exceeds the 100 character limit, please shorten it!

Note: This linter can be disabled with `set_option linter.style.longLine false`
warning: Math/GeneratedExcessTwoCertificates.lean:4382:100: This line exceeds the 100 character limit, please shorten it!

Note: This linter can be disabled with `set_option linter.style.longLine false`
warning: Math/GeneratedExcessTwoCertificates.lean:4383:100: This line exceeds the 100 character limit, please shorten it!

Note: This linter can be disabled with `set_option linter.style.longLine false`
warning: Math/GeneratedExcessTwoCertificates.lean:4422:100: This line exceeds the 100 character limit, please shorten it!

Note: This linter can be disabled with `set_option linter.style.longLine false`
warning: Math/GeneratedExcessTwoCertificates.lean:4423:100: This line exceeds the 100 character limit, please shorten it!

Note: This linter can be disabled with `set_option linter.style.longLine false`
warning: Math/GeneratedExcessTwoCertificates.lean:4425:100: This line exceeds the 100 character limit, please shorten it!

Note: This linter can be disabled with `set_option linter.style.longLine false`
warning: Math/GeneratedExcessTwoCertificates.lean:4431:100: This line exceeds the 100 character limit, please shorten it!

Note: This linter can be disabled with `set_option linter.style.longLine false`
warning: Math/GeneratedExcessTwoCertificates.lean:4437:100: This line exceeds the 100 character limit, please shorten it!

Note: This linter can be disabled with `set_option linter.style.longLine false`
warning: Math/GeneratedExcessTwoCertificates.lean:4438:100: This line exceeds the 100 character limit, please shorten it!

Note: This linter can be disabled with `set_option linter.style.longLine false`
warning: Math/GeneratedExcessTwoCertificates.lean:4477:100: This line exceeds the 100 character limit, please shorten it!

Note: This linter can be disabled with `set_option linter.style.longLine false`
warning: Math/GeneratedExcessTwoCertificates.lean:4478:100: This line exceeds the 100 character limit, please shorten it!

Note: This linter can be disabled with `set_option linter.style.longLine false`
warning: Math/GeneratedExcessTwoCertificates.lean:4480:100: This line exceeds the 100 character limit, please shorten it!

Note: This linter can be disabled with `set_option linter.style.longLine false`
warning: Math/GeneratedExcessTwoCertificates.lean:4486:100: This line exceeds the 100 character limit, please shorten it!

Note: This linter can be disabled with `set_option linter.style.longLine false`
warning: Math/GeneratedExcessTwoCertificates.lean:4492:100: This line exceeds the 100 character limit, please shorten it!

Note: This linter can be disabled with `set_option linter.style.longLine false`
warning: Math/GeneratedExcessTwoCertificates.lean:4493:100: This line exceeds the 100 character limit, please shorten it!

Note: This linter can be disabled with `set_option linter.style.longLine false`
warning: Math/GeneratedExcessTwoCertificates.lean:4532:100: This line exceeds the 100 character limit, please shorten it!

Note: This linter can be disabled with `set_option linter.style.longLine false`
warning: Math/GeneratedExcessTwoCertificates.lean:4533:100: This line exceeds the 100 character limit, please shorten it!

Note: This linter can be disabled with `set_option linter.style.longLine false`
warning: Math/GeneratedExcessTwoCertificates.lean:4535:100: This line exceeds the 100 character limit, please shorten it!

Note: This linter can be disabled with `set_option linter.style.longLine false`
warning: Math/GeneratedExcessTwoCertificates.lean:4541:100: This line exceeds the 100 character limit, please shorten it!

Note: This linter can be disabled with `set_option linter.style.longLine false`
warning: Math/GeneratedExcessTwoCertificates.lean:4547:100: This line exceeds the 100 character limit, please shorten it!

Note: This linter can be disabled with `set_option linter.style.longLine false`
warning: Math/GeneratedExcessTwoCertificates.lean:4548:100: This line exceeds the 100 character limit, please shorten it!

Note: This linter can be disabled with `set_option linter.style.longLine false`
warning: Math/GeneratedExcessTwoCertificates.lean:4587:100: This line exceeds the 100 character limit, please shorten it!

Note: This linter can be disabled with `set_option linter.style.longLine false`
warning: Math/GeneratedExcessTwoCertificates.lean:4588:100: This line exceeds the 100 character limit, please shorten it!

Note: This linter can be disabled with `set_option linter.style.longLine false`
warning: Math/GeneratedExcessTwoCertificates.lean:4590:100: This line exceeds the 100 character limit, please shorten it!

Note: This linter can be disabled with `set_option linter.style.longLine false`
warning: Math/GeneratedExcessTwoCertificates.lean:4596:100: This line exceeds the 100 character limit, please shorten it!

Note: This linter can be disabled with `set_option linter.style.longLine false`
warning: Math/GeneratedExcessTwoCertificates.lean:4602:100: This line exceeds the 100 character limit, please shorten it!

Note: This linter can be disabled with `set_option linter.style.longLine false`
warning: Math/GeneratedExcessTwoCertificates.lean:4603:100: This line exceeds the 100 character limit, please shorten it!

Note: This linter can be disabled with `set_option linter.style.longLine false`
warning: Math/GeneratedExcessTwoCertificates.lean:4642:100: This line exceeds the 100 character limit, please shorten it!

Note: This linter can be disabled with `set_option linter.style.longLine false`
warning: Math/GeneratedExcessTwoCertificates.lean:4643:100: This line exceeds the 100 character limit, please shorten it!

Note: This linter can be disabled with `set_option linter.style.longLine false`
warning: Math/GeneratedExcessTwoCertificates.lean:4645:100: This line exceeds the 100 character limit, please shorten it!

Note: This linter can be disabled with `set_option linter.style.longLine false`
warning: Math/GeneratedExcessTwoCertificates.lean:4651:100: This line exceeds the 100 character limit, please shorten it!

Note: This linter can be disabled with `set_option linter.style.longLine false`
warning: Math/GeneratedExcessTwoCertificates.lean:4657:100: This line exceeds the 100 character limit, please shorten it!

Note: This linter can be disabled with `set_option linter.style.longLine false`
warning: Math/GeneratedExcessTwoCertificates.lean:4658:100: This line exceeds the 100 character limit, please shorten it!

Note: This linter can be disabled with `set_option linter.style.longLine false`
warning: Math/GeneratedExcessTwoCertificates.lean:4697:100: This line exceeds the 100 character limit, please shorten it!

Note: This linter can be disabled with `set_option linter.style.longLine false`
warning: Math/GeneratedExcessTwoCertificates.lean:4698:100: This line exceeds the 100 character limit, please shorten it!

Note: This linter can be disabled with `set_option linter.style.longLine false`
warning: Math/GeneratedExcessTwoCertificates.lean:4700:100: This line exceeds the 100 character limit, please shorten it!

Note: This linter can be disabled with `set_option linter.style.longLine false`
warning: Math/GeneratedExcessTwoCertificates.lean:4706:100: This line exceeds the 100 character limit, please shorten it!

Note: This linter can be disabled with `set_option linter.style.longLine false`
warning: Math/GeneratedExcessTwoCertificates.lean:4712:100: This line exceeds the 100 character limit, please shorten it!

Note: This linter can be disabled with `set_option linter.style.longLine false`
warning: Math/GeneratedExcessTwoCertificates.lean:4713:100: This line exceeds the 100 character limit, please shorten it!

Note: This linter can be disabled with `set_option linter.style.longLine false`
warning: Math/GeneratedExcessTwoCertificates.lean:4752:100: This line exceeds the 100 character limit, please shorten it!

Note: This linter can be disabled with `set_option linter.style.longLine false`
warning: Math/GeneratedExcessTwoCertificates.lean:4753:100: This line exceeds the 100 character limit, please shorten it!

Note: This linter can be disabled with `set_option linter.style.longLine false`
warning: Math/GeneratedExcessTwoCertificates.lean:4755:100: This line exceeds the 100 character limit, please shorten it!

Note: This linter can be disabled with `set_option linter.style.longLine false`
warning: Math/GeneratedExcessTwoCertificates.lean:4761:100: This line exceeds the 100 character limit, please shorten it!

Note: This linter can be disabled with `set_option linter.style.longLine false`
warning: Math/GeneratedExcessTwoCertificates.lean:4767:100: This line exceeds the 100 character limit, please shorten it!

Note: This linter can be disabled with `set_option linter.style.longLine false`
warning: Math/GeneratedExcessTwoCertificates.lean:4768:100: This line exceeds the 100 character limit, please shorten it!

Note: This linter can be disabled with `set_option linter.style.longLine false`
warning: Math/GeneratedExcessTwoCertificates.lean:4807:100: This line exceeds the 100 character limit, please shorten it!

Note: This linter can be disabled with `set_option linter.style.longLine false`
warning: Math/GeneratedExcessTwoCertificates.lean:4808:100: This line exceeds the 100 character limit, please shorten it!

Note: This linter can be disabled with `set_option linter.style.longLine false`
warning: Math/GeneratedExcessTwoCertificates.lean:4810:100: This line exceeds the 100 character limit, please shorten it!

Note: This linter can be disabled with `set_option linter.style.longLine false`
warning: Math/GeneratedExcessTwoCertificates.lean:4816:100: This line exceeds the 100 character limit, please shorten it!

Note: This linter can be disabled with `set_option linter.style.longLine false`
warning: Math/GeneratedExcessTwoCertificates.lean:4822:100: This line exceeds the 100 character limit, please shorten it!

Note: This linter can be disabled with `set_option linter.style.longLine false`
warning: Math/GeneratedExcessTwoCertificates.lean:4823:100: This line exceeds the 100 character limit, please shorten it!

Note: This linter can be disabled with `set_option linter.style.longLine false`
warning: Math/GeneratedExcessTwoCertificates.lean:4866:100: This line exceeds the 100 character limit, please shorten it!

Note: This linter can be disabled with `set_option linter.style.longLine false`
warning: Math/GeneratedExcessTwoCertificates.lean:4867:100: This line exceeds the 100 character limit, please shorten it!

Note: This linter can be disabled with `set_option linter.style.longLine false`
warning: Math/GeneratedExcessTwoCertificates.lean:4869:100: This line exceeds the 100 character limit, please shorten it!

Note: This linter can be disabled with `set_option linter.style.longLine false`
warning: Math/GeneratedExcessTwoCertificates.lean:4875:100: This line exceeds the 100 character limit, please shorten it!

Note: This linter can be disabled with `set_option linter.style.longLine false`
warning: Math/GeneratedExcessTwoCertificates.lean:4881:100: This line exceeds the 100 character limit, please shorten it!

Note: This linter can be disabled with `set_option linter.style.longLine false`
warning: Math/GeneratedExcessTwoCertificates.lean:4882:100: This line exceeds the 100 character limit, please shorten it!

Note: This linter can be disabled with `set_option linter.style.longLine false`
warning: Math/GeneratedExcessTwoCertificates.lean:4925:100: This line exceeds the 100 character limit, please shorten it!

Note: This linter can be disabled with `set_option linter.style.longLine false`
warning: Math/GeneratedExcessTwoCertificates.lean:4926:100: This line exceeds the 100 character limit, please shorten it!

Note: This linter can be disabled with `set_option linter.style.longLine false`
warning: Math/GeneratedExcessTwoCertificates.lean:4928:100: This line exceeds the 100 character limit, please shorten it!

Note: This linter can be disabled with `set_option linter.style.longLine false`
warning: Math/GeneratedExcessTwoCertificates.lean:4934:100: This line exceeds the 100 character limit, please shorten it!

Note: This linter can be disabled with `set_option linter.style.longLine false`
warning: Math/GeneratedExcessTwoCertificates.lean:4940:100: This line exceeds the 100 character limit, please shorten it!

Note: This linter can be disabled with `set_option linter.style.longLine false`
warning: Math/GeneratedExcessTwoCertificates.lean:4941:100: This line exceeds the 100 character limit, please shorten it!

Note: This linter can be disabled with `set_option linter.style.longLine false`
warning: Math/GeneratedExcessTwoCertificates.lean:4984:100: This line exceeds the 100 character limit, please shorten it!

Note: This linter can be disabled with `set_option linter.style.longLine false`
warning: Math/GeneratedExcessTwoCertificates.lean:4985:100: This line exceeds the 100 character limit, please shorten it!

Note: This linter can be disabled with `set_option linter.style.longLine false`
warning: Math/GeneratedExcessTwoCertificates.lean:4987:100: This line exceeds the 100 character limit, please shorten it!

Note: This linter can be disabled with `set_option linter.style.longLine false`
warning: Math/GeneratedExcessTwoCertificates.lean:4993:100: This line exceeds the 100 character limit, please shorten it!

Note: This linter can be disabled with `set_option linter.style.longLine false`
warning: Math/GeneratedExcessTwoCertificates.lean:4999:100: This line exceeds the 100 character limit, please shorten it!

Note: This linter can be disabled with `set_option linter.style.longLine false`
warning: Math/GeneratedExcessTwoCertificates.lean:5000:100: This line exceeds the 100 character limit, please shorten it!

Note: This linter can be disabled with `set_option linter.style.longLine false`
warning: Math/GeneratedExcessTwoCertificates.lean:5043:100: This line exceeds the 100 character limit, please shorten it!

Note: This linter can be disabled with `set_option linter.style.longLine false`
warning: Math/GeneratedExcessTwoCertificates.lean:5044:100: This line exceeds the 100 character limit, please shorten it!

Note: This linter can be disabled with `set_option linter.style.longLine false`
warning: Math/GeneratedExcessTwoCertificates.lean:5046:100: This line exceeds the 100 character limit, please shorten it!

Note: This linter can be disabled with `set_option linter.style.longLine false`
warning: Math/GeneratedExcessTwoCertificates.lean:5052:100: This line exceeds the 100 character limit, please shorten it!

Note: This linter can be disabled with `set_option linter.style.longLine false`
warning: Math/GeneratedExcessTwoCertificates.lean:5058:100: This line exceeds the 100 character limit, please shorten it!

Note: This linter can be disabled with `set_option linter.style.longLine false`
warning: Math/GeneratedExcessTwoCertificates.lean:5059:100: This line exceeds the 100 character limit, please shorten it!

Note: This linter can be disabled with `set_option linter.style.longLine false`
warning: Math/GeneratedExcessTwoCertificates.lean:5102:100: This line exceeds the 100 character limit, please shorten it!

Note: This linter can be disabled with `set_option linter.style.longLine false`
warning: Math/GeneratedExcessTwoCertificates.lean:5103:100: This line exceeds the 100 character limit, please shorten it!

Note: This linter can be disabled with `set_option linter.style.longLine false`
warning: Math/GeneratedExcessTwoCertificates.lean:5105:100: This line exceeds the 100 character limit, please shorten it!

Note: This linter can be disabled with `set_option linter.style.longLine false`
warning: Math/GeneratedExcessTwoCertificates.lean:5111:100: This line exceeds the 100 character limit, please shorten it!

Note: This linter can be disabled with `set_option linter.style.longLine false`
warning: Math/GeneratedExcessTwoCertificates.lean:5117:100: This line exceeds the 100 character limit, please shorten it!

Note: This linter can be disabled with `set_option linter.style.longLine false`
warning: Math/GeneratedExcessTwoCertificates.lean:5118:100: This line exceeds the 100 character limit, please shorten it!

Note: This linter can be disabled with `set_option linter.style.longLine false`
warning: Math/GeneratedExcessTwoCertificates.lean:5161:100: This line exceeds the 100 character limit, please shorten it!

Note: This linter can be disabled with `set_option linter.style.longLine false`
warning: Math/GeneratedExcessTwoCertificates.lean:5162:100: This line exceeds the 100 character limit, please shorten it!

Note: This linter can be disabled with `set_option linter.style.longLine false`
warning: Math/GeneratedExcessTwoCertificates.lean:5164:100: This line exceeds the 100 character limit, please shorten it!

Note: This linter can be disabled with `set_option linter.style.longLine false`
warning: Math/GeneratedExcessTwoCertificates.lean:5170:100: This line exceeds the 100 character limit, please shorten it!

Note: This linter can be disabled with `set_option linter.style.longLine false`
warning: Math/GeneratedExcessTwoCertificates.lean:5176:100: This line exceeds the 100 character limit, please shorten it!

Note: This linter can be disabled with `set_option linter.style.longLine false`
warning: Math/GeneratedExcessTwoCertificates.lean:5177:100: This line exceeds the 100 character limit, please shorten it!

Note: This linter can be disabled with `set_option linter.style.longLine false`
warning: Math/GeneratedExcessTwoCertificates.lean:5220:100: This line exceeds the 100 character limit, please shorten it!

Note: This linter can be disabled with `set_option linter.style.longLine false`
warning: Math/GeneratedExcessTwoCertificates.lean:5221:100: This line exceeds the 100 character limit, please shorten it!

Note: This linter can be disabled with `set_option linter.style.longLine false`
warning: Math/GeneratedExcessTwoCertificates.lean:5223:100: This line exceeds the 100 character limit, please shorten it!

Note: This linter can be disabled with `set_option linter.style.longLine false`
warning: Math/GeneratedExcessTwoCertificates.lean:5229:100: This line exceeds the 100 character limit, please shorten it!

Note: This linter can be disabled with `set_option linter.style.longLine false`
warning: Math/GeneratedExcessTwoCertificates.lean:5235:100: This line exceeds the 100 character limit, please shorten it!

Note: This linter can be disabled with `set_option linter.style.longLine false`
warning: Math/GeneratedExcessTwoCertificates.lean:5236:100: This line exceeds the 100 character limit, please shorten it!

Note: This linter can be disabled with `set_option linter.style.longLine false`
warning: Math/GeneratedExcessTwoCertificates.lean:5279:100: This line exceeds the 100 character limit, please shorten it!

Note: This linter can be disabled with `set_option linter.style.longLine false`
warning: Math/GeneratedExcessTwoCertificates.lean:5280:100: This line exceeds the 100 character limit, please shorten it!

Note: This linter can be disabled with `set_option linter.style.longLine false`
warning: Math/GeneratedExcessTwoCertificates.lean:5282:100: This line exceeds the 100 character limit, please shorten it!

Note: This linter can be disabled with `set_option linter.style.longLine false`
warning: Math/GeneratedExcessTwoCertificates.lean:5288:100: This line exceeds the 100 character limit, please shorten it!

Note: This linter can be disabled with `set_option linter.style.longLine false`
warning: Math/GeneratedExcessTwoCertificates.lean:5294:100: This line exceeds the 100 character limit, please shorten it!

Note: This linter can be disabled with `set_option linter.style.longLine false`
warning: Math/GeneratedExcessTwoCertificates.lean:5295:100: This line exceeds the 100 character limit, please shorten it!

Note: This linter can be disabled with `set_option linter.style.longLine false`
warning: Math/GeneratedExcessTwoCertificates.lean:5338:100: This line exceeds the 100 character limit, please shorten it!

Note: This linter can be disabled with `set_option linter.style.longLine false`
warning: Math/GeneratedExcessTwoCertificates.lean:5339:100: This line exceeds the 100 character limit, please shorten it!

Note: This linter can be disabled with `set_option linter.style.longLine false`
warning: Math/GeneratedExcessTwoCertificates.lean:5341:100: This line exceeds the 100 character limit, please shorten it!

Note: This linter can be disabled with `set_option linter.style.longLine false`
warning: Math/GeneratedExcessTwoCertificates.lean:5347:100: This line exceeds the 100 character limit, please shorten it!

Note: This linter can be disabled with `set_option linter.style.longLine false`
warning: Math/GeneratedExcessTwoCertificates.lean:5353:100: This line exceeds the 100 character limit, please shorten it!

Note: This linter can be disabled with `set_option linter.style.longLine false`
warning: Math/GeneratedExcessTwoCertificates.lean:5354:100: This line exceeds the 100 character limit, please shorten it!

Note: This linter can be disabled with `set_option linter.style.longLine false`
warning: Math/GeneratedExcessTwoCertificates.lean:5397:100: This line exceeds the 100 character limit, please shorten it!

Note: This linter can be disabled with `set_option linter.style.longLine false`
warning: Math/GeneratedExcessTwoCertificates.lean:5398:100: This line exceeds the 100 character limit, please shorten it!

Note: This linter can be disabled with `set_option linter.style.longLine false`
warning: Math/GeneratedExcessTwoCertificates.lean:5400:100: This line exceeds the 100 character limit, please shorten it!

Note: This linter can be disabled with `set_option linter.style.longLine false`
warning: Math/GeneratedExcessTwoCertificates.lean:5406:100: This line exceeds the 100 character limit, please shorten it!

Note: This linter can be disabled with `set_option linter.style.longLine false`
warning: Math/GeneratedExcessTwoCertificates.lean:5412:100: This line exceeds the 100 character limit, please shorten it!

Note: This linter can be disabled with `set_option linter.style.longLine false`
warning: Math/GeneratedExcessTwoCertificates.lean:5413:100: This line exceeds the 100 character limit, please shorten it!

Note: This linter can be disabled with `set_option linter.style.longLine false`
warning: Math/GeneratedExcessTwoCertificates.lean:5456:100: This line exceeds the 100 character limit, please shorten it!

Note: This linter can be disabled with `set_option linter.style.longLine false`
warning: Math/GeneratedExcessTwoCertificates.lean:5457:100: This line exceeds the 100 character limit, please shorten it!

Note: This linter can be disabled with `set_option linter.style.longLine false`
warning: Math/GeneratedExcessTwoCertificates.lean:5459:100: This line exceeds the 100 character limit, please shorten it!

Note: This linter can be disabled with `set_option linter.style.longLine false`
warning: Math/GeneratedExcessTwoCertificates.lean:5465:100: This line exceeds the 100 character limit, please shorten it!

Note: This linter can be disabled with `set_option linter.style.longLine false`
warning: Math/GeneratedExcessTwoCertificates.lean:5471:100: This line exceeds the 100 character limit, please shorten it!

Note: This linter can be disabled with `set_option linter.style.longLine false`
warning: Math/GeneratedExcessTwoCertificates.lean:5472:100: This line exceeds the 100 character limit, please shorten it!

Note: This linter can be disabled with `set_option linter.style.longLine false`
warning: Math/GeneratedExcessTwoCertificates.lean:5515:100: This line exceeds the 100 character limit, please shorten it!

Note: This linter can be disabled with `set_option linter.style.longLine false`
warning: Math/GeneratedExcessTwoCertificates.lean:5516:100: This line exceeds the 100 character limit, please shorten it!

Note: This linter can be disabled with `set_option linter.style.longLine false`
warning: Math/GeneratedExcessTwoCertificates.lean:5518:100: This line exceeds the 100 character limit, please shorten it!

Note: This linter can be disabled with `set_option linter.style.longLine false`
warning: Math/GeneratedExcessTwoCertificates.lean:5524:100: This line exceeds the 100 character limit, please shorten it!

Note: This linter can be disabled with `set_option linter.style.longLine false`
warning: Math/GeneratedExcessTwoCertificates.lean:5530:100: This line exceeds the 100 character limit, please shorten it!

Note: This linter can be disabled with `set_option linter.style.longLine false`
warning: Math/GeneratedExcessTwoCertificates.lean:5531:100: This line exceeds the 100 character limit, please shorten it!

Note: This linter can be disabled with `set_option linter.style.longLine false`
warning: Math/GeneratedExcessTwoCertificates.lean:5574:100: This line exceeds the 100 character limit, please shorten it!

Note: This linter can be disabled with `set_option linter.style.longLine false`
warning: Math/GeneratedExcessTwoCertificates.lean:5575:100: This line exceeds the 100 character limit, please shorten it!

Note: This linter can be disabled with `set_option linter.style.longLine false`
warning: Math/GeneratedExcessTwoCertificates.lean:5577:100: This line exceeds the 100 character limit, please shorten it!

Note: This linter can be disabled with `set_option linter.style.longLine false`
warning: Math/GeneratedExcessTwoCertificates.lean:5583:100: This line exceeds the 100 character limit, please shorten it!

Note: This linter can be disabled with `set_option linter.style.longLine false`
warning: Math/GeneratedExcessTwoCertificates.lean:5589:100: This line exceeds the 100 character limit, please shorten it!

Note: This linter can be disabled with `set_option linter.style.longLine false`
warning: Math/GeneratedExcessTwoCertificates.lean:5590:100: This line exceeds the 100 character limit, please shorten it!

Note: This linter can be disabled with `set_option linter.style.longLine false`
warning: Math/GeneratedExcessTwoCertificates.lean:5633:100: This line exceeds the 100 character limit, please shorten it!

Note: This linter can be disabled with `set_option linter.style.longLine false`
warning: Math/GeneratedExcessTwoCertificates.lean:5634:100: This line exceeds the 100 character limit, please shorten it!

Note: This linter can be disabled with `set_option linter.style.longLine false`
warning: Math/GeneratedExcessTwoCertificates.lean:5636:100: This line exceeds the 100 character limit, please shorten it!

Note: This linter can be disabled with `set_option linter.style.longLine false`
warning: Math/GeneratedExcessTwoCertificates.lean:5642:100: This line exceeds the 100 character limit, please shorten it!

Note: This linter can be disabled with `set_option linter.style.longLine false`
warning: Math/GeneratedExcessTwoCertificates.lean:5648:100: This line exceeds the 100 character limit, please shorten it!

Note: This linter can be disabled with `set_option linter.style.longLine false`
warning: Math/GeneratedExcessTwoCertificates.lean:5649:100: This line exceeds the 100 character limit, please shorten it!

Note: This linter can be disabled with `set_option linter.style.longLine false`
warning: Math/GeneratedExcessTwoCertificates.lean:5692:100: This line exceeds the 100 character limit, please shorten it!

Note: This linter can be disabled with `set_option linter.style.longLine false`
warning: Math/GeneratedExcessTwoCertificates.lean:5693:100: This line exceeds the 100 character limit, please shorten it!

Note: This linter can be disabled with `set_option linter.style.longLine false`
warning: Math/GeneratedExcessTwoCertificates.lean:5695:100: This line exceeds the 100 character limit, please shorten it!

Note: This linter can be disabled with `set_option linter.style.longLine false`
warning: Math/GeneratedExcessTwoCertificates.lean:5701:100: This line exceeds the 100 character limit, please shorten it!

Note: This linter can be disabled with `set_option linter.style.longLine false`
warning: Math/GeneratedExcessTwoCertificates.lean:5707:100: This line exceeds the 100 character limit, please shorten it!

Note: This linter can be disabled with `set_option linter.style.longLine false`
warning: Math/GeneratedExcessTwoCertificates.lean:5708:100: This line exceeds the 100 character limit, please shorten it!

Note: This linter can be disabled with `set_option linter.style.longLine false`
warning: Math/GeneratedExcessTwoCertificates.lean:5751:100: This line exceeds the 100 character limit, please shorten it!

Note: This linter can be disabled with `set_option linter.style.longLine false`
warning: Math/GeneratedExcessTwoCertificates.lean:5752:100: This line exceeds the 100 character limit, please shorten it!

Note: This linter can be disabled with `set_option linter.style.longLine false`
warning: Math/GeneratedExcessTwoCertificates.lean:5754:100: This line exceeds the 100 character limit, please shorten it!

Note: This linter can be disabled with `set_option linter.style.longLine false`
warning: Math/GeneratedExcessTwoCertificates.lean:5760:100: This line exceeds the 100 character limit, please shorten it!

Note: This linter can be disabled with `set_option linter.style.longLine false`
warning: Math/GeneratedExcessTwoCertificates.lean:5766:100: This line exceeds the 100 character limit, please shorten it!

Note: This linter can be disabled with `set_option linter.style.longLine false`
warning: Math/GeneratedExcessTwoCertificates.lean:5767:100: This line exceeds the 100 character limit, please shorten it!

Note: This linter can be disabled with `set_option linter.style.longLine false`
warning: Math/GeneratedExcessTwoCertificates.lean:5810:100: This line exceeds the 100 character limit, please shorten it!

Note: This linter can be disabled with `set_option linter.style.longLine false`
warning: Math/GeneratedExcessTwoCertificates.lean:5811:100: This line exceeds the 100 character limit, please shorten it!

Note: This linter can be disabled with `set_option linter.style.longLine false`
warning: Math/GeneratedExcessTwoCertificates.lean:5813:100: This line exceeds the 100 character limit, please shorten it!

Note: This linter can be disabled with `set_option linter.style.longLine false`
warning: Math/GeneratedExcessTwoCertificates.lean:5819:100: This line exceeds the 100 character limit, please shorten it!

Note: This linter can be disabled with `set_option linter.style.longLine false`
warning: Math/GeneratedExcessTwoCertificates.lean:5825:100: This line exceeds the 100 character limit, please shorten it!

Note: This linter can be disabled with `set_option linter.style.longLine false`
warning: Math/GeneratedExcessTwoCertificates.lean:5826:100: This line exceeds the 100 character limit, please shorten it!

Note: This linter can be disabled with `set_option linter.style.longLine false`
warning: Math/GeneratedExcessTwoCertificates.lean:5869:100: This line exceeds the 100 character limit, please shorten it!

Note: This linter can be disabled with `set_option linter.style.longLine false`
warning: Math/GeneratedExcessTwoCertificates.lean:5870:100: This line exceeds the 100 character limit, please shorten it!

Note: This linter can be disabled with `set_option linter.style.longLine false`
warning: Math/GeneratedExcessTwoCertificates.lean:5872:100: This line exceeds the 100 character limit, please shorten it!

Note: This linter can be disabled with `set_option linter.style.longLine false`
warning: Math/GeneratedExcessTwoCertificates.lean:5878:100: This line exceeds the 100 character limit, please shorten it!

Note: This linter can be disabled with `set_option linter.style.longLine false`
warning: Math/GeneratedExcessTwoCertificates.lean:5884:100: This line exceeds the 100 character limit, please shorten it!

Note: This linter can be disabled with `set_option linter.style.longLine false`
warning: Math/GeneratedExcessTwoCertificates.lean:5885:100: This line exceeds the 100 character limit, please shorten it!

Note: This linter can be disabled with `set_option linter.style.longLine false`
warning: Math/GeneratedExcessTwoCertificates.lean:5928:100: This line exceeds the 100 character limit, please shorten it!

Note: This linter can be disabled with `set_option linter.style.longLine false`
warning: Math/GeneratedExcessTwoCertificates.lean:5929:100: This line exceeds the 100 character limit, please shorten it!

Note: This linter can be disabled with `set_option linter.style.longLine false`
warning: Math/GeneratedExcessTwoCertificates.lean:5931:100: This line exceeds the 100 character limit, please shorten it!

Note: This linter can be disabled with `set_option linter.style.longLine false`
warning: Math/GeneratedExcessTwoCertificates.lean:5937:100: This line exceeds the 100 character limit, please shorten it!

Note: This linter can be disabled with `set_option linter.style.longLine false`
warning: Math/GeneratedExcessTwoCertificates.lean:5943:100: This line exceeds the 100 character limit, please shorten it!

Note: This linter can be disabled with `set_option linter.style.longLine false`
warning: Math/GeneratedExcessTwoCertificates.lean:5944:100: This line exceeds the 100 character limit, please shorten it!

Note: This linter can be disabled with `set_option linter.style.longLine false`
warning: Math/GeneratedExcessTwoCertificates.lean:5987:100: This line exceeds the 100 character limit, please shorten it!

Note: This linter can be disabled with `set_option linter.style.longLine false`
warning: Math/GeneratedExcessTwoCertificates.lean:5988:100: This line exceeds the 100 character limit, please shorten it!

Note: This linter can be disabled with `set_option linter.style.longLine false`
warning: Math/GeneratedExcessTwoCertificates.lean:5990:100: This line exceeds the 100 character limit, please shorten it!

Note: This linter can be disabled with `set_option linter.style.longLine false`
warning: Math/GeneratedExcessTwoCertificates.lean:5996:100: This line exceeds the 100 character limit, please shorten it!

Note: This linter can be disabled with `set_option linter.style.longLine false`
warning: Math/GeneratedExcessTwoCertificates.lean:6002:100: This line exceeds the 100 character limit, please shorten it!

Note: This linter can be disabled with `set_option linter.style.longLine false`
warning: Math/GeneratedExcessTwoCertificates.lean:6003:100: This line exceeds the 100 character limit, please shorten it!

Note: This linter can be disabled with `set_option linter.style.longLine false`
warning: Math/GeneratedExcessTwoCertificates.lean:6044:100: This line exceeds the 100 character limit, please shorten it!

Note: This linter can be disabled with `set_option linter.style.longLine false`
warning: Math/GeneratedExcessTwoCertificates.lean:6045:100: This line exceeds the 100 character limit, please shorten it!

Note: This linter can be disabled with `set_option linter.style.longLine false`
warning: Math/GeneratedExcessTwoCertificates.lean:6047:100: This line exceeds the 100 character limit, please shorten it!

Note: This linter can be disabled with `set_option linter.style.longLine false`
warning: Math/GeneratedExcessTwoCertificates.lean:6053:100: This line exceeds the 100 character limit, please shorten it!

Note: This linter can be disabled with `set_option linter.style.longLine false`
warning: Math/GeneratedExcessTwoCertificates.lean:6059:100: This line exceeds the 100 character limit, please shorten it!

Note: This linter can be disabled with `set_option linter.style.longLine false`
warning: Math/GeneratedExcessTwoCertificates.lean:6060:100: This line exceeds the 100 character limit, please shorten it!

Note: This linter can be disabled with `set_option linter.style.longLine false`
warning: Math/GeneratedExcessTwoCertificates.lean:6101:100: This line exceeds the 100 character limit, please shorten it!

Note: This linter can be disabled with `set_option linter.style.longLine false`
warning: Math/GeneratedExcessTwoCertificates.lean:6102:100: This line exceeds the 100 character limit, please shorten it!

Note: This linter can be disabled with `set_option linter.style.longLine false`
warning: Math/GeneratedExcessTwoCertificates.lean:6104:100: This line exceeds the 100 character limit, please shorten it!

Note: This linter can be disabled with `set_option linter.style.longLine false`
warning: Math/GeneratedExcessTwoCertificates.lean:6110:100: This line exceeds the 100 character limit, please shorten it!

Note: This linter can be disabled with `set_option linter.style.longLine false`
warning: Math/GeneratedExcessTwoCertificates.lean:6116:100: This line exceeds the 100 character limit, please shorten it!

Note: This linter can be disabled with `set_option linter.style.longLine false`
warning: Math/GeneratedExcessTwoCertificates.lean:6117:100: This line exceeds the 100 character limit, please shorten it!

Note: This linter can be disabled with `set_option linter.style.longLine false`
warning: Math/GeneratedExcessTwoCertificates.lean:6158:100: This line exceeds the 100 character limit, please shorten it!

Note: This linter can be disabled with `set_option linter.style.longLine false`
warning: Math/GeneratedExcessTwoCertificates.lean:6159:100: This line exceeds the 100 character limit, please shorten it!

Note: This linter can be disabled with `set_option linter.style.longLine false`
warning: Math/GeneratedExcessTwoCertificates.lean:6161:100: This line exceeds the 100 character limit, please shorten it!

Note: This linter can be disabled with `set_option linter.style.longLine false`
warning: Math/GeneratedExcessTwoCertificates.lean:6167:100: This line exceeds the 100 character limit, please shorten it!

Note: This linter can be disabled with `set_option linter.style.longLine false`
warning: Math/GeneratedExcessTwoCertificates.lean:6173:100: This line exceeds the 100 character limit, please shorten it!

Note: This linter can be disabled with `set_option linter.style.longLine false`
warning: Math/GeneratedExcessTwoCertificates.lean:6174:100: This line exceeds the 100 character limit, please shorten it!

Note: This linter can be disabled with `set_option linter.style.longLine false`
warning: Math/GeneratedExcessTwoCertificates.lean:6215:100: This line exceeds the 100 character limit, please shorten it!

Note: This linter can be disabled with `set_option linter.style.longLine false`
warning: Math/GeneratedExcessTwoCertificates.lean:6216:100: This line exceeds the 100 character limit, please shorten it!

Note: This linter can be disabled with `set_option linter.style.longLine false`
warning: Math/GeneratedExcessTwoCertificates.lean:6218:100: This line exceeds the 100 character limit, please shorten it!

Note: This linter can be disabled with `set_option linter.style.longLine false`
warning: Math/GeneratedExcessTwoCertificates.lean:6224:100: This line exceeds the 100 character limit, please shorten it!

Note: This linter can be disabled with `set_option linter.style.longLine false`
warning: Math/GeneratedExcessTwoCertificates.lean:6230:100: This line exceeds the 100 character limit, please shorten it!

Note: This linter can be disabled with `set_option linter.style.longLine false`
warning: Math/GeneratedExcessTwoCertificates.lean:6231:100: This line exceeds the 100 character limit, please shorten it!

Note: This linter can be disabled with `set_option linter.style.longLine false`
warning: Math/GeneratedExcessTwoCertificates.lean:6272:100: This line exceeds the 100 character limit, please shorten it!

Note: This linter can be disabled with `set_option linter.style.longLine false`
warning: Math/GeneratedExcessTwoCertificates.lean:6273:100: This line exceeds the 100 character limit, please shorten it!

Note: This linter can be disabled with `set_option linter.style.longLine false`
warning: Math/GeneratedExcessTwoCertificates.lean:6275:100: This line exceeds the 100 character limit, please shorten it!

Note: This linter can be disabled with `set_option linter.style.longLine false`
warning: Math/GeneratedExcessTwoCertificates.lean:6281:100: This line exceeds the 100 character limit, please shorten it!

Note: This linter can be disabled with `set_option linter.style.longLine false`
warning: Math/GeneratedExcessTwoCertificates.lean:6287:100: This line exceeds the 100 character limit, please shorten it!

Note: This linter can be disabled with `set_option linter.style.longLine false`
warning: Math/GeneratedExcessTwoCertificates.lean:6288:100: This line exceeds the 100 character limit, please shorten it!

Note: This linter can be disabled with `set_option linter.style.longLine false`
warning: Math/GeneratedExcessTwoCertificates.lean:6329:100: This line exceeds the 100 character limit, please shorten it!

Note: This linter can be disabled with `set_option linter.style.longLine false`
warning: Math/GeneratedExcessTwoCertificates.lean:6330:100: This line exceeds the 100 character limit, please shorten it!

Note: This linter can be disabled with `set_option linter.style.longLine false`
warning: Math/GeneratedExcessTwoCertificates.lean:6332:100: This line exceeds the 100 character limit, please shorten it!

Note: This linter can be disabled with `set_option linter.style.longLine false`
warning: Math/GeneratedExcessTwoCertificates.lean:6338:100: This line exceeds the 100 character limit, please shorten it!

Note: This linter can be disabled with `set_option linter.style.longLine false`
warning: Math/GeneratedExcessTwoCertificates.lean:6344:100: This line exceeds the 100 character limit, please shorten it!

Note: This linter can be disabled with `set_option linter.style.longLine false`
warning: Math/GeneratedExcessTwoCertificates.lean:6345:100: This line exceeds the 100 character limit, please shorten it!

Note: This linter can be disabled with `set_option linter.style.longLine false`
warning: Math/GeneratedExcessTwoCertificates.lean:6386:100: This line exceeds the 100 character limit, please shorten it!

Note: This linter can be disabled with `set_option linter.style.longLine false`
warning: Math/GeneratedExcessTwoCertificates.lean:6387:100: This line exceeds the 100 character limit, please shorten it!

Note: This linter can be disabled with `set_option linter.style.longLine false`
warning: Math/GeneratedExcessTwoCertificates.lean:6389:100: This line exceeds the 100 character limit, please shorten it!

Note: This linter can be disabled with `set_option linter.style.longLine false`
warning: Math/GeneratedExcessTwoCertificates.lean:6395:100: This line exceeds the 100 character limit, please shorten it!

Note: This linter can be disabled with `set_option linter.style.longLine false`
warning: Math/GeneratedExcessTwoCertificates.lean:6401:100: This line exceeds the 100 character limit, please shorten it!

Note: This linter can be disabled with `set_option linter.style.longLine false`
warning: Math/GeneratedExcessTwoCertificates.lean:6402:100: This line exceeds the 100 character limit, please shorten it!

Note: This linter can be disabled with `set_option linter.style.longLine false`
warning: Math/GeneratedExcessTwoCertificates.lean:6443:100: This line exceeds the 100 character limit, please shorten it!

Note: This linter can be disabled with `set_option linter.style.longLine false`
warning: Math/GeneratedExcessTwoCertificates.lean:6444:100: This line exceeds the 100 character limit, please shorten it!

Note: This linter can be disabled with `set_option linter.style.longLine false`
warning: Math/GeneratedExcessTwoCertificates.lean:6446:100: This line exceeds the 100 character limit, please shorten it!

Note: This linter can be disabled with `set_option linter.style.longLine false`
warning: Math/GeneratedExcessTwoCertificates.lean:6452:100: This line exceeds the 100 character limit, please shorten it!

Note: This linter can be disabled with `set_option linter.style.longLine false`
warning: Math/GeneratedExcessTwoCertificates.lean:6458:100: This line exceeds the 100 character limit, please shorten it!

Note: This linter can be disabled with `set_option linter.style.longLine false`
warning: Math/GeneratedExcessTwoCertificates.lean:6459:100: This line exceeds the 100 character limit, please shorten it!

Note: This linter can be disabled with `set_option linter.style.longLine false`
warning: Math/GeneratedExcessTwoCertificates.lean:6502:100: This line exceeds the 100 character limit, please shorten it!

Note: This linter can be disabled with `set_option linter.style.longLine false`
warning: Math/GeneratedExcessTwoCertificates.lean:6503:100: This line exceeds the 100 character limit, please shorten it!

Note: This linter can be disabled with `set_option linter.style.longLine false`
warning: Math/GeneratedExcessTwoCertificates.lean:6505:100: This line exceeds the 100 character limit, please shorten it!

Note: This linter can be disabled with `set_option linter.style.longLine false`
warning: Math/GeneratedExcessTwoCertificates.lean:6511:100: This line exceeds the 100 character limit, please shorten it!

Note: This linter can be disabled with `set_option linter.style.longLine false`
warning: Math/GeneratedExcessTwoCertificates.lean:6517:100: This line exceeds the 100 character limit, please shorten it!

Note: This linter can be disabled with `set_option linter.style.longLine false`
warning: Math/GeneratedExcessTwoCertificates.lean:6518:100: This line exceeds the 100 character limit, please shorten it!

Note: This linter can be disabled with `set_option linter.style.longLine false`
warning: Math/GeneratedExcessTwoCertificates.lean:6561:100: This line exceeds the 100 character limit, please shorten it!

Note: This linter can be disabled with `set_option linter.style.longLine false`
warning: Math/GeneratedExcessTwoCertificates.lean:6562:100: This line exceeds the 100 character limit, please shorten it!

Note: This linter can be disabled with `set_option linter.style.longLine false`
warning: Math/GeneratedExcessTwoCertificates.lean:6564:100: This line exceeds the 100 character limit, please shorten it!

Note: This linter can be disabled with `set_option linter.style.longLine false`
warning: Math/GeneratedExcessTwoCertificates.lean:6570:100: This line exceeds the 100 character limit, please shorten it!

Note: This linter can be disabled with `set_option linter.style.longLine false`
warning: Math/GeneratedExcessTwoCertificates.lean:6576:100: This line exceeds the 100 character limit, please shorten it!

Note: This linter can be disabled with `set_option linter.style.longLine false`
warning: Math/GeneratedExcessTwoCertificates.lean:6577:100: This line exceeds the 100 character limit, please shorten it!

Note: This linter can be disabled with `set_option linter.style.longLine false`
warning: Math/GeneratedExcessTwoCertificates.lean:6620:100: This line exceeds the 100 character limit, please shorten it!

Note: This linter can be disabled with `set_option linter.style.longLine false`
warning: Math/GeneratedExcessTwoCertificates.lean:6621:100: This line exceeds the 100 character limit, please shorten it!

Note: This linter can be disabled with `set_option linter.style.longLine false`
warning: Math/GeneratedExcessTwoCertificates.lean:6623:100: This line exceeds the 100 character limit, please shorten it!

Note: This linter can be disabled with `set_option linter.style.longLine false`
warning: Math/GeneratedExcessTwoCertificates.lean:6629:100: This line exceeds the 100 character limit, please shorten it!

Note: This linter can be disabled with `set_option linter.style.longLine false`
warning: Math/GeneratedExcessTwoCertificates.lean:6635:100: This line exceeds the 100 character limit, please shorten it!

Note: This linter can be disabled with `set_option linter.style.longLine false`
warning: Math/GeneratedExcessTwoCertificates.lean:6636:100: This line exceeds the 100 character limit, please shorten it!

Note: This linter can be disabled with `set_option linter.style.longLine false`
warning: Math/GeneratedExcessTwoCertificates.lean:6679:100: This line exceeds the 100 character limit, please shorten it!

Note: This linter can be disabled with `set_option linter.style.longLine false`
warning: Math/GeneratedExcessTwoCertificates.lean:6680:100: This line exceeds the 100 character limit, please shorten it!

Note: This linter can be disabled with `set_option linter.style.longLine false`
warning: Math/GeneratedExcessTwoCertificates.lean:6682:100: This line exceeds the 100 character limit, please shorten it!

Note: This linter can be disabled with `set_option linter.style.longLine false`
warning: Math/GeneratedExcessTwoCertificates.lean:6688:100: This line exceeds the 100 character limit, please shorten it!

Note: This linter can be disabled with `set_option linter.style.longLine false`
warning: Math/GeneratedExcessTwoCertificates.lean:6694:100: This line exceeds the 100 character limit, please shorten it!

Note: This linter can be disabled with `set_option linter.style.longLine false`
warning: Math/GeneratedExcessTwoCertificates.lean:6695:100: This line exceeds the 100 character limit, please shorten it!

Note: This linter can be disabled with `set_option linter.style.longLine false`
warning: Math/GeneratedExcessTwoCertificates.lean:6738:100: This line exceeds the 100 character limit, please shorten it!

Note: This linter can be disabled with `set_option linter.style.longLine false`
warning: Math/GeneratedExcessTwoCertificates.lean:6739:100: This line exceeds the 100 character limit, please shorten it!

Note: This linter can be disabled with `set_option linter.style.longLine false`
warning: Math/GeneratedExcessTwoCertificates.lean:6741:100: This line exceeds the 100 character limit, please shorten it!

Note: This linter can be disabled with `set_option linter.style.longLine false`
warning: Math/GeneratedExcessTwoCertificates.lean:6747:100: This line exceeds the 100 character limit, please shorten it!

Note: This linter can be disabled with `set_option linter.style.longLine false`
warning: Math/GeneratedExcessTwoCertificates.lean:6753:100: This line exceeds the 100 character limit, please shorten it!

Note: This linter can be disabled with `set_option linter.style.longLine false`
warning: Math/GeneratedExcessTwoCertificates.lean:6754:100: This line exceeds the 100 character limit, please shorten it!

Note: This linter can be disabled with `set_option linter.style.longLine false`
warning: Math/GeneratedExcessTwoCertificates.lean:6797:100: This line exceeds the 100 character limit, please shorten it!

Note: This linter can be disabled with `set_option linter.style.longLine false`
warning: Math/GeneratedExcessTwoCertificates.lean:6798:100: This line exceeds the 100 character limit, please shorten it!

Note: This linter can be disabled with `set_option linter.style.longLine false`
warning: Math/GeneratedExcessTwoCertificates.lean:6800:100: This line exceeds the 100 character limit, please shorten it!

Note: This linter can be disabled with `set_option linter.style.longLine false`
warning: Math/GeneratedExcessTwoCertificates.lean:6806:100: This line exceeds the 100 character limit, please shorten it!

Note: This linter can be disabled with `set_option linter.style.longLine false`
warning: Math/GeneratedExcessTwoCertificates.lean:6812:100: This line exceeds the 100 character limit, please shorten it!

Note: This linter can be disabled with `set_option linter.style.longLine false`
warning: Math/GeneratedExcessTwoCertificates.lean:6813:100: This line exceeds the 100 character limit, please shorten it!

Note: This linter can be disabled with `set_option linter.style.longLine false`
warning: Math/GeneratedExcessTwoCertificates.lean:6856:100: This line exceeds the 100 character limit, please shorten it!

Note: This linter can be disabled with `set_option linter.style.longLine false`
warning: Math/GeneratedExcessTwoCertificates.lean:6857:100: This line exceeds the 100 character limit, please shorten it!

Note: This linter can be disabled with `set_option linter.style.longLine false`
warning: Math/GeneratedExcessTwoCertificates.lean:6859:100: This line exceeds the 100 character limit, please shorten it!

Note: This linter can be disabled with `set_option linter.style.longLine false`
warning: Math/GeneratedExcessTwoCertificates.lean:6865:100: This line exceeds the 100 character limit, please shorten it!

Note: This linter can be disabled with `set_option linter.style.longLine false`
warning: Math/GeneratedExcessTwoCertificates.lean:6871:100: This line exceeds the 100 character limit, please shorten it!

Note: This linter can be disabled with `set_option linter.style.longLine false`
warning: Math/GeneratedExcessTwoCertificates.lean:6872:100: This line exceeds the 100 character limit, please shorten it!

Note: This linter can be disabled with `set_option linter.style.longLine false`
warning: Math/GeneratedExcessTwoCertificates.lean:6906:100: This line exceeds the 100 character limit, please shorten it!

Note: This linter can be disabled with `set_option linter.style.longLine false`
warning: Math/GeneratedExcessTwoCertificates.lean:6907:100: This line exceeds the 100 character limit, please shorten it!

Note: This linter can be disabled with `set_option linter.style.longLine false`
warning: Math/GeneratedExcessTwoCertificates.lean:6909:100: This line exceeds the 100 character limit, please shorten it!

Note: This linter can be disabled with `set_option linter.style.longLine false`
warning: Math/GeneratedExcessTwoCertificates.lean:6915:100: This line exceeds the 100 character limit, please shorten it!

Note: This linter can be disabled with `set_option linter.style.longLine false`
warning: Math/GeneratedExcessTwoCertificates.lean:6921:100: This line exceeds the 100 character limit, please shorten it!

Note: This linter can be disabled with `set_option linter.style.longLine false`
warning: Math/GeneratedExcessTwoCertificates.lean:6922:100: This line exceeds the 100 character limit, please shorten it!

Note: This linter can be disabled with `set_option linter.style.longLine false`
warning: Math/GeneratedExcessTwoCertificates.lean:6935:100: This line exceeds the 100 character limit, please shorten it!

Note: This linter can be disabled with `set_option linter.style.longLine false`
warning: Math/GeneratedExcessTwoCertificates.lean:6936:100: This line exceeds the 100 character limit, please shorten it!

Note: This linter can be disabled with `set_option linter.style.longLine false`
warning: Math/GeneratedExcessTwoCertificates.lean:6937:100: This line exceeds the 100 character limit, please shorten it!

Note: This linter can be disabled with `set_option linter.style.longLine false`
warning: Math/GeneratedExcessTwoCertificates.lean:6938:100: This line exceeds the 100 character limit, please shorten it!

Note: This linter can be disabled with `set_option linter.style.longLine false`
warning: Math/GeneratedExcessTwoCertificates.lean:6941:100: This line exceeds the 100 character limit, please shorten it!

Note: This linter can be disabled with `set_option linter.style.longLine false`
warning: Math/GeneratedExcessTwoCertificates.lean:6942:100: This line exceeds the 100 character limit, please shorten it!

Note: This linter can be disabled with `set_option linter.style.longLine false`
warning: Math/GeneratedExcessTwoCertificates.lean:6943:100: This line exceeds the 100 character limit, please shorten it!

Note: This linter can be disabled with `set_option linter.style.longLine false`
warning: Math/GeneratedExcessTwoCertificates.lean:6944:100: This line exceeds the 100 character limit, please shorten it!

Note: This linter can be disabled with `set_option linter.style.longLine false`
warning: Math/GeneratedExcessTwoCertificates.lean:6945:100: This line exceeds the 100 character limit, please shorten it!

Note: This linter can be disabled with `set_option linter.style.longLine false`
warning: Math/GeneratedExcessTwoCertificates.lean:6946:100: This line exceeds the 100 character limit, please shorten it!

Note: This linter can be disabled with `set_option linter.style.longLine false`
warning: Math/GeneratedExcessTwoCertificates.lean:6947:100: This line exceeds the 100 character limit, please shorten it!

Note: This linter can be disabled with `set_option linter.style.longLine false`
warning: Math/GeneratedExcessTwoCertificates.lean:6948:100: This line exceeds the 100 character limit, please shorten it!

Note: This linter can be disabled with `set_option linter.style.longLine false`
warning: Math/GeneratedExcessTwoCertificates.lean:6949:100: This line exceeds the 100 character limit, please shorten it!

Note: This linter can be disabled with `set_option linter.style.longLine false`
warning: Math/GeneratedExcessTwoCertificates.lean:6950:100: This line exceeds the 100 character limit, please shorten it!

Note: This linter can be disabled with `set_option linter.style.longLine false`
warning: Math/GeneratedExcessTwoCertificates.lean:6951:100: This line exceeds the 100 character limit, please shorten it!

Note: This linter can be disabled with `set_option linter.style.longLine false`
warning: Math/GeneratedExcessTwoCertificates.lean:6952:100: This line exceeds the 100 character limit, please shorten it!

Note: This linter can be disabled with `set_option linter.style.longLine false`
warning: Math/GeneratedExcessTwoCertificates.lean:6955:100: This line exceeds the 100 character limit, please shorten it!

Note: This linter can be disabled with `set_option linter.style.longLine false`
warning: Math/GeneratedExcessTwoCertificates.lean:6956:100: This line exceeds the 100 character limit, please shorten it!

Note: This linter can be disabled with `set_option linter.style.longLine false`
warning: Math/GeneratedExcessTwoCertificates.lean:6958:100: This line exceeds the 100 character limit, please shorten it!

Note: This linter can be disabled with `set_option linter.style.longLine false`
warning: Math/GeneratedExcessTwoCertificates.lean:6964:100: This line exceeds the 100 character limit, please shorten it!

Note: This linter can be disabled with `set_option linter.style.longLine false`
warning: Math/GeneratedExcessTwoCertificates.lean:6970:100: This line exceeds the 100 character limit, please shorten it!

Note: This linter can be disabled with `set_option linter.style.longLine false`
warning: Math/GeneratedExcessTwoCertificates.lean:6971:100: This line exceeds the 100 character limit, please shorten it!

Note: This linter can be disabled with `set_option linter.style.longLine false`
warning: Math/GeneratedExcessTwoCertificates.lean:6984:100: This line exceeds the 100 character limit, please shorten it!

Note: This linter can be disabled with `set_option linter.style.longLine false`
warning: Math/GeneratedExcessTwoCertificates.lean:6985:100: This line exceeds the 100 character limit, please shorten it!

Note: This linter can be disabled with `set_option linter.style.longLine false`
warning: Math/GeneratedExcessTwoCertificates.lean:6986:100: This line exceeds the 100 character limit, please shorten it!

Note: This linter can be disabled with `set_option linter.style.longLine false`
warning: Math/GeneratedExcessTwoCertificates.lean:6989:100: This line exceeds the 100 character limit, please shorten it!

Note: This linter can be disabled with `set_option linter.style.longLine false`
warning: Math/GeneratedExcessTwoCertificates.lean:6990:100: This line exceeds the 100 character limit, please shorten it!

Note: This linter can be disabled with `set_option linter.style.longLine false`
warning: Math/GeneratedExcessTwoCertificates.lean:6991:100: This line exceeds the 100 character limit, please shorten it!

Note: This linter can be disabled with `set_option linter.style.longLine false`
warning: Math/GeneratedExcessTwoCertificates.lean:6992:100: This line exceeds the 100 character limit, please shorten it!

Note: This linter can be disabled with `set_option linter.style.longLine false`
warning: Math/GeneratedExcessTwoCertificates.lean:6993:100: This line exceeds the 100 character limit, please shorten it!

Note: This linter can be disabled with `set_option linter.style.longLine false`
warning: Math/GeneratedExcessTwoCertificates.lean:6994:100: This line exceeds the 100 character limit, please shorten it!

Note: This linter can be disabled with `set_option linter.style.longLine false`
warning: Math/GeneratedExcessTwoCertificates.lean:6995:100: This line exceeds the 100 character limit, please shorten it!

Note: This linter can be disabled with `set_option linter.style.longLine false`
warning: Math/GeneratedExcessTwoCertificates.lean:6996:100: This line exceeds the 100 character limit, please shorten it!

Note: This linter can be disabled with `set_option linter.style.longLine false`
warning: Math/GeneratedExcessTwoCertificates.lean:6997:100: This line exceeds the 100 character limit, please shorten it!

Note: This linter can be disabled with `set_option linter.style.longLine false`
warning: Math/GeneratedExcessTwoCertificates.lean:6998:100: This line exceeds the 100 character limit, please shorten it!

Note: This linter can be disabled with `set_option linter.style.longLine false`
warning: Math/GeneratedExcessTwoCertificates.lean:6999:100: This line exceeds the 100 character limit, please shorten it!

Note: This linter can be disabled with `set_option linter.style.longLine false`
warning: Math/GeneratedExcessTwoCertificates.lean:7000:100: This line exceeds the 100 character limit, please shorten it!

Note: This linter can be disabled with `set_option linter.style.longLine false`
warning: Math/GeneratedExcessTwoCertificates.lean:7001:100: This line exceeds the 100 character limit, please shorten it!

Note: This linter can be disabled with `set_option linter.style.longLine false`
warning: Math/GeneratedExcessTwoCertificates.lean:7004:100: This line exceeds the 100 character limit, please shorten it!

Note: This linter can be disabled with `set_option linter.style.longLine false`
warning: Math/GeneratedExcessTwoCertificates.lean:7005:100: This line exceeds the 100 character limit, please shorten it!

Note: This linter can be disabled with `set_option linter.style.longLine false`
warning: Math/GeneratedExcessTwoCertificates.lean:7007:100: This line exceeds the 100 character limit, please shorten it!

Note: This linter can be disabled with `set_option linter.style.longLine false`
warning: Math/GeneratedExcessTwoCertificates.lean:7013:100: This line exceeds the 100 character limit, please shorten it!

Note: This linter can be disabled with `set_option linter.style.longLine false`
warning: Math/GeneratedExcessTwoCertificates.lean:7019:100: This line exceeds the 100 character limit, please shorten it!

Note: This linter can be disabled with `set_option linter.style.longLine false`
warning: Math/GeneratedExcessTwoCertificates.lean:7020:100: This line exceeds the 100 character limit, please shorten it!

Note: This linter can be disabled with `set_option linter.style.longLine false`
warning: Math/GeneratedExcessTwoCertificates.lean:7057:100: This line exceeds the 100 character limit, please shorten it!

Note: This linter can be disabled with `set_option linter.style.longLine false`
warning: Math/GeneratedExcessTwoCertificates.lean:7058:100: This line exceeds the 100 character limit, please shorten it!

Note: This linter can be disabled with `set_option linter.style.longLine false`
warning: Math/GeneratedExcessTwoCertificates.lean:7060:100: This line exceeds the 100 character limit, please shorten it!

Note: This linter can be disabled with `set_option linter.style.longLine false`
warning: Math/GeneratedExcessTwoCertificates.lean:7066:100: This line exceeds the 100 character limit, please shorten it!

Note: This linter can be disabled with `set_option linter.style.longLine false`
warning: Math/GeneratedExcessTwoCertificates.lean:7072:100: This line exceeds the 100 character limit, please shorten it!

Note: This linter can be disabled with `set_option linter.style.longLine false`
warning: Math/GeneratedExcessTwoCertificates.lean:7073:100: This line exceeds the 100 character limit, please shorten it!

Note: This linter can be disabled with `set_option linter.style.longLine false`
warning: Math/GeneratedExcessTwoCertificates.lean:7110:100: This line exceeds the 100 character limit, please shorten it!

Note: This linter can be disabled with `set_option linter.style.longLine false`
warning: Math/GeneratedExcessTwoCertificates.lean:7111:100: This line exceeds the 100 character limit, please shorten it!

Note: This linter can be disabled with `set_option linter.style.longLine false`
warning: Math/GeneratedExcessTwoCertificates.lean:7113:100: This line exceeds the 100 character limit, please shorten it!

Note: This linter can be disabled with `set_option linter.style.longLine false`
warning: Math/GeneratedExcessTwoCertificates.lean:7119:100: This line exceeds the 100 character limit, please shorten it!

Note: This linter can be disabled with `set_option linter.style.longLine false`
warning: Math/GeneratedExcessTwoCertificates.lean:7125:100: This line exceeds the 100 character limit, please shorten it!

Note: This linter can be disabled with `set_option linter.style.longLine false`
warning: Math/GeneratedExcessTwoCertificates.lean:7126:100: This line exceeds the 100 character limit, please shorten it!

Note: This linter can be disabled with `set_option linter.style.longLine false`
warning: Math/GeneratedExcessTwoCertificates.lean:7166:100: This line exceeds the 100 character limit, please shorten it!

Note: This linter can be disabled with `set_option linter.style.longLine false`
warning: Math/GeneratedExcessTwoCertificates.lean:7167:100: This line exceeds the 100 character limit, please shorten it!

Note: This linter can be disabled with `set_option linter.style.longLine false`
warning: Math/GeneratedExcessTwoCertificates.lean:7169:100: This line exceeds the 100 character limit, please shorten it!

Note: This linter can be disabled with `set_option linter.style.longLine false`
warning: Math/GeneratedExcessTwoCertificates.lean:7175:100: This line exceeds the 100 character limit, please shorten it!

Note: This linter can be disabled with `set_option linter.style.longLine false`
warning: Math/GeneratedExcessTwoCertificates.lean:7181:100: This line exceeds the 100 character limit, please shorten it!

Note: This linter can be disabled with `set_option linter.style.longLine false`
warning: Math/GeneratedExcessTwoCertificates.lean:7182:100: This line exceeds the 100 character limit, please shorten it!

Note: This linter can be disabled with `set_option linter.style.longLine false`
warning: Math/GeneratedExcessTwoCertificates.lean:7222:100: This line exceeds the 100 character limit, please shorten it!

Note: This linter can be disabled with `set_option linter.style.longLine false`
warning: Math/GeneratedExcessTwoCertificates.lean:7223:100: This line exceeds the 100 character limit, please shorten it!

Note: This linter can be disabled with `set_option linter.style.longLine false`
warning: Math/GeneratedExcessTwoCertificates.lean:7225:100: This line exceeds the 100 character limit, please shorten it!

Note: This linter can be disabled with `set_option linter.style.longLine false`
warning: Math/GeneratedExcessTwoCertificates.lean:7231:100: This line exceeds the 100 character limit, please shorten it!

Note: This linter can be disabled with `set_option linter.style.longLine false`
warning: Math/GeneratedExcessTwoCertificates.lean:7237:100: This line exceeds the 100 character limit, please shorten it!

Note: This linter can be disabled with `set_option linter.style.longLine false`
warning: Math/GeneratedExcessTwoCertificates.lean:7238:100: This line exceeds the 100 character limit, please shorten it!

Note: This linter can be disabled with `set_option linter.style.longLine false`
warning: Math/GeneratedExcessTwoCertificates.lean:7251:100: This line exceeds the 100 character limit, please shorten it!

Note: This linter can be disabled with `set_option linter.style.longLine false`
warning: Math/GeneratedExcessTwoCertificates.lean:7252:100: This line exceeds the 100 character limit, please shorten it!

Note: This linter can be disabled with `set_option linter.style.longLine false`
warning: Math/GeneratedExcessTwoCertificates.lean:7253:100: This line exceeds the 100 character limit, please shorten it!

Note: This linter can be disabled with `set_option linter.style.longLine false`
warning: Math/GeneratedExcessTwoCertificates.lean:7256:100: This line exceeds the 100 character limit, please shorten it!

Note: This linter can be disabled with `set_option linter.style.longLine false`
warning: Math/GeneratedExcessTwoCertificates.lean:7257:100: This line exceeds the 100 character limit, please shorten it!

Note: This linter can be disabled with `set_option linter.style.longLine false`
warning: Math/GeneratedExcessTwoCertificates.lean:7258:100: This line exceeds the 100 character limit, please shorten it!

Note: This linter can be disabled with `set_option linter.style.longLine false`
warning: Math/GeneratedExcessTwoCertificates.lean:7259:100: This line exceeds the 100 character limit, please shorten it!

Note: This linter can be disabled with `set_option linter.style.longLine false`
warning: Math/GeneratedExcessTwoCertificates.lean:7260:100: This line exceeds the 100 character limit, please shorten it!

Note: This linter can be disabled with `set_option linter.style.longLine false`
warning: Math/GeneratedExcessTwoCertificates.lean:7266:100: This line exceeds the 100 character limit, please shorten it!

Note: This linter can be disabled with `set_option linter.style.longLine false`
warning: Math/GeneratedExcessTwoCertificates.lean:7267:100: This line exceeds the 100 character limit, please shorten it!

Note: This linter can be disabled with `set_option linter.style.longLine false`
warning: Math/GeneratedExcessTwoCertificates.lean:7268:100: This line exceeds the 100 character limit, please shorten it!

Note: This linter can be disabled with `set_option linter.style.longLine false`
warning: Math/GeneratedExcessTwoCertificates.lean:7269:100: This line exceeds the 100 character limit, please shorten it!

Note: This linter can be disabled with `set_option linter.style.longLine false`
warning: Math/GeneratedExcessTwoCertificates.lean:7270:100: This line exceeds the 100 character limit, please shorten it!

Note: This linter can be disabled with `set_option linter.style.longLine false`
warning: Math/GeneratedExcessTwoCertificates.lean:7271:100: This line exceeds the 100 character limit, please shorten it!

Note: This linter can be disabled with `set_option linter.style.longLine false`
warning: Math/GeneratedExcessTwoCertificates.lean:7272:100: This line exceeds the 100 character limit, please shorten it!

Note: This linter can be disabled with `set_option linter.style.longLine false`
warning: Math/GeneratedExcessTwoCertificates.lean:7274:100: This line exceeds the 100 character limit, please shorten it!

Note: This linter can be disabled with `set_option linter.style.longLine false`
warning: Math/GeneratedExcessTwoCertificates.lean:7277:100: This line exceeds the 100 character limit, please shorten it!

Note: This linter can be disabled with `set_option linter.style.longLine false`
warning: Math/GeneratedExcessTwoCertificates.lean:7278:100: This line exceeds the 100 character limit, please shorten it!

Note: This linter can be disabled with `set_option linter.style.longLine false`
warning: Math/GeneratedExcessTwoCertificates.lean:7280:100: This line exceeds the 100 character limit, please shorten it!

Note: This linter can be disabled with `set_option linter.style.longLine false`
warning: Math/GeneratedExcessTwoCertificates.lean:7286:100: This line exceeds the 100 character limit, please shorten it!

Note: This linter can be disabled with `set_option linter.style.longLine false`
warning: Math/GeneratedExcessTwoCertificates.lean:7292:100: This line exceeds the 100 character limit, please shorten it!

Note: This linter can be disabled with `set_option linter.style.longLine false`
warning: Math/GeneratedExcessTwoCertificates.lean:7293:100: This line exceeds the 100 character limit, please shorten it!

Note: This linter can be disabled with `set_option linter.style.longLine false`
warning: Math/GeneratedExcessTwoCertificates.lean:7332:100: This line exceeds the 100 character limit, please shorten it!

Note: This linter can be disabled with `set_option linter.style.longLine false`
warning: Math/GeneratedExcessTwoCertificates.lean:7333:100: This line exceeds the 100 character limit, please shorten it!

Note: This linter can be disabled with `set_option linter.style.longLine false`
warning: Math/GeneratedExcessTwoCertificates.lean:7335:100: This line exceeds the 100 character limit, please shorten it!

Note: This linter can be disabled with `set_option linter.style.longLine false`
warning: Math/GeneratedExcessTwoCertificates.lean:7341:100: This line exceeds the 100 character limit, please shorten it!

Note: This linter can be disabled with `set_option linter.style.longLine false`
warning: Math/GeneratedExcessTwoCertificates.lean:7347:100: This line exceeds the 100 character limit, please shorten it!

Note: This linter can be disabled with `set_option linter.style.longLine false`
warning: Math/GeneratedExcessTwoCertificates.lean:7348:100: This line exceeds the 100 character limit, please shorten it!

Note: This linter can be disabled with `set_option linter.style.longLine false`
warning: Math/GeneratedExcessTwoCertificates.lean:7387:100: This line exceeds the 100 character limit, please shorten it!

Note: This linter can be disabled with `set_option linter.style.longLine false`
warning: Math/GeneratedExcessTwoCertificates.lean:7388:100: This line exceeds the 100 character limit, please shorten it!

Note: This linter can be disabled with `set_option linter.style.longLine false`
warning: Math/GeneratedExcessTwoCertificates.lean:7390:100: This line exceeds the 100 character limit, please shorten it!

Note: This linter can be disabled with `set_option linter.style.longLine false`
warning: Math/GeneratedExcessTwoCertificates.lean:7396:100: This line exceeds the 100 character limit, please shorten it!

Note: This linter can be disabled with `set_option linter.style.longLine false`
warning: Math/GeneratedExcessTwoCertificates.lean:7402:100: This line exceeds the 100 character limit, please shorten it!

Note: This linter can be disabled with `set_option linter.style.longLine false`
warning: Math/GeneratedExcessTwoCertificates.lean:7403:100: This line exceeds the 100 character limit, please shorten it!

Note: This linter can be disabled with `set_option linter.style.longLine false`
warning: Math/GeneratedExcessTwoCertificates.lean:7442:100: This line exceeds the 100 character limit, please shorten it!

Note: This linter can be disabled with `set_option linter.style.longLine false`
warning: Math/GeneratedExcessTwoCertificates.lean:7443:100: This line exceeds the 100 character limit, please shorten it!

Note: This linter can be disabled with `set_option linter.style.longLine false`
warning: Math/GeneratedExcessTwoCertificates.lean:7445:100: This line exceeds the 100 character limit, please shorten it!

Note: This linter can be disabled with `set_option linter.style.longLine false`
warning: Math/GeneratedExcessTwoCertificates.lean:7451:100: This line exceeds the 100 character limit, please shorten it!

Note: This linter can be disabled with `set_option linter.style.longLine false`
warning: Math/GeneratedExcessTwoCertificates.lean:7457:100: This line exceeds the 100 character limit, please shorten it!

Note: This linter can be disabled with `set_option linter.style.longLine false`
warning: Math/GeneratedExcessTwoCertificates.lean:7458:100: This line exceeds the 100 character limit, please shorten it!

Note: This linter can be disabled with `set_option linter.style.longLine false`
warning: Math/GeneratedExcessTwoCertificates.lean:7471:100: This line exceeds the 100 character limit, please shorten it!

Note: This linter can be disabled with `set_option linter.style.longLine false`
warning: Math/GeneratedExcessTwoCertificates.lean:7472:100: This line exceeds the 100 character limit, please shorten it!

Note: This linter can be disabled with `set_option linter.style.longLine false`
warning: Math/GeneratedExcessTwoCertificates.lean:7473:100: This line exceeds the 100 character limit, please shorten it!

Note: This linter can be disabled with `set_option linter.style.longLine false`
warning: Math/GeneratedExcessTwoCertificates.lean:7474:100: This line exceeds the 100 character limit, please shorten it!

Note: This linter can be disabled with `set_option linter.style.longLine false`
warning: Math/GeneratedExcessTwoCertificates.lean:7481:100: This line exceeds the 100 character limit, please shorten it!

Note: This linter can be disabled with `set_option linter.style.longLine false`
warning: Math/GeneratedExcessTwoCertificates.lean:7482:100: This line exceeds the 100 character limit, please shorten it!

Note: This linter can be disabled with `set_option linter.style.longLine false`
warning: Math/GeneratedExcessTwoCertificates.lean:7483:100: This line exceeds the 100 character limit, please shorten it!

Note: This linter can be disabled with `set_option linter.style.longLine false`
warning: Math/GeneratedExcessTwoCertificates.lean:7484:100: This line exceeds the 100 character limit, please shorten it!

Note: This linter can be disabled with `set_option linter.style.longLine false`
warning: Math/GeneratedExcessTwoCertificates.lean:7485:100: This line exceeds the 100 character limit, please shorten it!

Note: This linter can be disabled with `set_option linter.style.longLine false`
warning: Math/GeneratedExcessTwoCertificates.lean:7487:100: This line exceeds the 100 character limit, please shorten it!

Note: This linter can be disabled with `set_option linter.style.longLine false`
warning: Math/GeneratedExcessTwoCertificates.lean:7488:100: This line exceeds the 100 character limit, please shorten it!

Note: This linter can be disabled with `set_option linter.style.longLine false`
warning: Math/GeneratedExcessTwoCertificates.lean:7489:100: This line exceeds the 100 character limit, please shorten it!

Note: This linter can be disabled with `set_option linter.style.longLine false`
warning: Math/GeneratedExcessTwoCertificates.lean:7490:100: This line exceeds the 100 character limit, please shorten it!

Note: This linter can be disabled with `set_option linter.style.longLine false`
warning: Math/GeneratedExcessTwoCertificates.lean:7491:100: This line exceeds the 100 character limit, please shorten it!

Note: This linter can be disabled with `set_option linter.style.longLine false`
warning: Math/GeneratedExcessTwoCertificates.lean:7492:100: This line exceeds the 100 character limit, please shorten it!

Note: This linter can be disabled with `set_option linter.style.longLine false`
warning: Math/GeneratedExcessTwoCertificates.lean:7493:100: This line exceeds the 100 character limit, please shorten it!

Note: This linter can be disabled with `set_option linter.style.longLine false`
warning: Math/GeneratedExcessTwoCertificates.lean:7497:100: This line exceeds the 100 character limit, please shorten it!

Note: This linter can be disabled with `set_option linter.style.longLine false`
warning: Math/GeneratedExcessTwoCertificates.lean:7498:100: This line exceeds the 100 character limit, please shorten it!

Note: This linter can be disabled with `set_option linter.style.longLine false`
warning: Math/GeneratedExcessTwoCertificates.lean:7500:100: This line exceeds the 100 character limit, please shorten it!

Note: This linter can be disabled with `set_option linter.style.longLine false`
warning: Math/GeneratedExcessTwoCertificates.lean:7506:100: This line exceeds the 100 character limit, please shorten it!

Note: This linter can be disabled with `set_option linter.style.longLine false`
warning: Math/GeneratedExcessTwoCertificates.lean:7512:100: This line exceeds the 100 character limit, please shorten it!

Note: This linter can be disabled with `set_option linter.style.longLine false`
warning: Math/GeneratedExcessTwoCertificates.lean:7513:100: This line exceeds the 100 character limit, please shorten it!

Note: This linter can be disabled with `set_option linter.style.longLine false`
warning: Math/GeneratedExcessTwoCertificates.lean:7552:100: This line exceeds the 100 character limit, please shorten it!

Note: This linter can be disabled with `set_option linter.style.longLine false`
warning: Math/GeneratedExcessTwoCertificates.lean:7553:100: This line exceeds the 100 character limit, please shorten it!

Note: This linter can be disabled with `set_option linter.style.longLine false`
warning: Math/GeneratedExcessTwoCertificates.lean:7555:100: This line exceeds the 100 character limit, please shorten it!

Note: This linter can be disabled with `set_option linter.style.longLine false`
warning: Math/GeneratedExcessTwoCertificates.lean:7561:100: This line exceeds the 100 character limit, please shorten it!

Note: This linter can be disabled with `set_option linter.style.longLine false`
warning: Math/GeneratedExcessTwoCertificates.lean:7567:100: This line exceeds the 100 character limit, please shorten it!

Note: This linter can be disabled with `set_option linter.style.longLine false`
warning: Math/GeneratedExcessTwoCertificates.lean:7568:100: This line exceeds the 100 character limit, please shorten it!

Note: This linter can be disabled with `set_option linter.style.longLine false`
warning: Math/GeneratedExcessTwoCertificates.lean:7581:100: This line exceeds the 100 character limit, please shorten it!

Note: This linter can be disabled with `set_option linter.style.longLine false`
warning: Math/GeneratedExcessTwoCertificates.lean:7582:100: This line exceeds the 100 character limit, please shorten it!

Note: This linter can be disabled with `set_option linter.style.longLine false`
warning: Math/GeneratedExcessTwoCertificates.lean:7585:100: This line exceeds the 100 character limit, please shorten it!

Note: This linter can be disabled with `set_option linter.style.longLine false`
warning: Math/GeneratedExcessTwoCertificates.lean:7586:100: This line exceeds the 100 character limit, please shorten it!

Note: This linter can be disabled with `set_option linter.style.longLine false`
warning: Math/GeneratedExcessTwoCertificates.lean:7587:100: This line exceeds the 100 character limit, please shorten it!

Note: This linter can be disabled with `set_option linter.style.longLine false`
warning: Math/GeneratedExcessTwoCertificates.lean:7588:100: This line exceeds the 100 character limit, please shorten it!

Note: This linter can be disabled with `set_option linter.style.longLine false`
warning: Math/GeneratedExcessTwoCertificates.lean:7589:100: This line exceeds the 100 character limit, please shorten it!

Note: This linter can be disabled with `set_option linter.style.longLine false`
warning: Math/GeneratedExcessTwoCertificates.lean:7590:100: This line exceeds the 100 character limit, please shorten it!

Note: This linter can be disabled with `set_option linter.style.longLine false`
warning: Math/GeneratedExcessTwoCertificates.lean:7596:100: This line exceeds the 100 character limit, please shorten it!

Note: This linter can be disabled with `set_option linter.style.longLine false`
warning: Math/GeneratedExcessTwoCertificates.lean:7597:100: This line exceeds the 100 character limit, please shorten it!

Note: This linter can be disabled with `set_option linter.style.longLine false`
warning: Math/GeneratedExcessTwoCertificates.lean:7598:100: This line exceeds the 100 character limit, please shorten it!

Note: This linter can be disabled with `set_option linter.style.longLine false`
warning: Math/GeneratedExcessTwoCertificates.lean:7599:100: This line exceeds the 100 character limit, please shorten it!

Note: This linter can be disabled with `set_option linter.style.longLine false`
warning: Math/GeneratedExcessTwoCertificates.lean:7600:100: This line exceeds the 100 character limit, please shorten it!

Note: This linter can be disabled with `set_option linter.style.longLine false`
warning: Math/GeneratedExcessTwoCertificates.lean:7601:100: This line exceeds the 100 character limit, please shorten it!

Note: This linter can be disabled with `set_option linter.style.longLine false`
warning: Math/GeneratedExcessTwoCertificates.lean:7602:100: This line exceeds the 100 character limit, please shorten it!

Note: This linter can be disabled with `set_option linter.style.longLine false`
warning: Math/GeneratedExcessTwoCertificates.lean:7604:100: This line exceeds the 100 character limit, please shorten it!

Note: This linter can be disabled with `set_option linter.style.longLine false`
warning: Math/GeneratedExcessTwoCertificates.lean:7607:100: This line exceeds the 100 character limit, please shorten it!

Note: This linter can be disabled with `set_option linter.style.longLine false`
warning: Math/GeneratedExcessTwoCertificates.lean:7608:100: This line exceeds the 100 character limit, please shorten it!

Note: This linter can be disabled with `set_option linter.style.longLine false`
warning: Math/GeneratedExcessTwoCertificates.lean:7610:100: This line exceeds the 100 character limit, please shorten it!

Note: This linter can be disabled with `set_option linter.style.longLine false`
warning: Math/GeneratedExcessTwoCertificates.lean:7616:100: This line exceeds the 100 character limit, please shorten it!

Note: This linter can be disabled with `set_option linter.style.longLine false`
warning: Math/GeneratedExcessTwoCertificates.lean:7622:100: This line exceeds the 100 character limit, please shorten it!

Note: This linter can be disabled with `set_option linter.style.longLine false`
warning: Math/GeneratedExcessTwoCertificates.lean:7623:100: This line exceeds the 100 character limit, please shorten it!

Note: This linter can be disabled with `set_option linter.style.longLine false`
warning: Math/GeneratedExcessTwoCertificates.lean:7636:100: This line exceeds the 100 character limit, please shorten it!

Note: This linter can be disabled with `set_option linter.style.longLine false`
warning: Math/GeneratedExcessTwoCertificates.lean:7637:100: This line exceeds the 100 character limit, please shorten it!

Note: This linter can be disabled with `set_option linter.style.longLine false`
warning: Math/GeneratedExcessTwoCertificates.lean:7640:100: This line exceeds the 100 character limit, please shorten it!

Note: This linter can be disabled with `set_option linter.style.longLine false`
warning: Math/GeneratedExcessTwoCertificates.lean:7641:100: This line exceeds the 100 character limit, please shorten it!

Note: This linter can be disabled with `set_option linter.style.longLine false`
warning: Math/GeneratedExcessTwoCertificates.lean:7642:100: This line exceeds the 100 character limit, please shorten it!

Note: This linter can be disabled with `set_option linter.style.longLine false`
warning: Math/GeneratedExcessTwoCertificates.lean:7643:100: This line exceeds the 100 character limit, please shorten it!

Note: This linter can be disabled with `set_option linter.style.longLine false`
warning: Math/GeneratedExcessTwoCertificates.lean:7644:100: This line exceeds the 100 character limit, please shorten it!

Note: This linter can be disabled with `set_option linter.style.longLine false`
warning: Math/GeneratedExcessTwoCertificates.lean:7645:100: This line exceeds the 100 character limit, please shorten it!

Note: This linter can be disabled with `set_option linter.style.longLine false`
warning: Math/GeneratedExcessTwoCertificates.lean:7650:100: This line exceeds the 100 character limit, please shorten it!

Note: This linter can be disabled with `set_option linter.style.longLine false`
warning: Math/GeneratedExcessTwoCertificates.lean:7651:100: This line exceeds the 100 character limit, please shorten it!

Note: This linter can be disabled with `set_option linter.style.longLine false`
warning: Math/GeneratedExcessTwoCertificates.lean:7652:100: This line exceeds the 100 character limit, please shorten it!

Note: This linter can be disabled with `set_option linter.style.longLine false`
warning: Math/GeneratedExcessTwoCertificates.lean:7653:100: This line exceeds the 100 character limit, please shorten it!

Note: This linter can be disabled with `set_option linter.style.longLine false`
warning: Math/GeneratedExcessTwoCertificates.lean:7655:100: This line exceeds the 100 character limit, please shorten it!

Note: This linter can be disabled with `set_option linter.style.longLine false`
warning: Math/GeneratedExcessTwoCertificates.lean:7656:100: This line exceeds the 100 character limit, please shorten it!

Note: This linter can be disabled with `set_option linter.style.longLine false`
warning: Math/GeneratedExcessTwoCertificates.lean:7657:100: This line exceeds the 100 character limit, please shorten it!

Note: This linter can be disabled with `set_option linter.style.longLine false`
warning: Math/GeneratedExcessTwoCertificates.lean:7659:100: This line exceeds the 100 character limit, please shorten it!

Note: This linter can be disabled with `set_option linter.style.longLine false`
warning: Math/GeneratedExcessTwoCertificates.lean:7662:100: This line exceeds the 100 character limit, please shorten it!

Note: This linter can be disabled with `set_option linter.style.longLine false`
warning: Math/GeneratedExcessTwoCertificates.lean:7663:100: This line exceeds the 100 character limit, please shorten it!

Note: This linter can be disabled with `set_option linter.style.longLine false`
warning: Math/GeneratedExcessTwoCertificates.lean:7665:100: This line exceeds the 100 character limit, please shorten it!

Note: This linter can be disabled with `set_option linter.style.longLine false`
warning: Math/GeneratedExcessTwoCertificates.lean:7671:100: This line exceeds the 100 character limit, please shorten it!

Note: This linter can be disabled with `set_option linter.style.longLine false`
warning: Math/GeneratedExcessTwoCertificates.lean:7677:100: This line exceeds the 100 character limit, please shorten it!

Note: This linter can be disabled with `set_option linter.style.longLine false`
warning: Math/GeneratedExcessTwoCertificates.lean:7678:100: This line exceeds the 100 character limit, please shorten it!

Note: This linter can be disabled with `set_option linter.style.longLine false`
warning: Math/GeneratedExcessTwoCertificates.lean:7717:100: This line exceeds the 100 character limit, please shorten it!

Note: This linter can be disabled with `set_option linter.style.longLine false`
warning: Math/GeneratedExcessTwoCertificates.lean:7718:100: This line exceeds the 100 character limit, please shorten it!

Note: This linter can be disabled with `set_option linter.style.longLine false`
warning: Math/GeneratedExcessTwoCertificates.lean:7720:100: This line exceeds the 100 character limit, please shorten it!

Note: This linter can be disabled with `set_option linter.style.longLine false`
warning: Math/GeneratedExcessTwoCertificates.lean:7726:100: This line exceeds the 100 character limit, please shorten it!

Note: This linter can be disabled with `set_option linter.style.longLine false`
warning: Math/GeneratedExcessTwoCertificates.lean:7732:100: This line exceeds the 100 character limit, please shorten it!

Note: This linter can be disabled with `set_option linter.style.longLine false`
warning: Math/GeneratedExcessTwoCertificates.lean:7733:100: This line exceeds the 100 character limit, please shorten it!

Note: This linter can be disabled with `set_option linter.style.longLine false`
warning: Math/GeneratedExcessTwoCertificates.lean:7772:100: This line exceeds the 100 character limit, please shorten it!

Note: This linter can be disabled with `set_option linter.style.longLine false`
warning: Math/GeneratedExcessTwoCertificates.lean:7773:100: This line exceeds the 100 character limit, please shorten it!

Note: This linter can be disabled with `set_option linter.style.longLine false`
warning: Math/GeneratedExcessTwoCertificates.lean:7775:100: This line exceeds the 100 character limit, please shorten it!

Note: This linter can be disabled with `set_option linter.style.longLine false`
warning: Math/GeneratedExcessTwoCertificates.lean:7781:100: This line exceeds the 100 character limit, please shorten it!

Note: This linter can be disabled with `set_option linter.style.longLine false`
warning: Math/GeneratedExcessTwoCertificates.lean:7787:100: This line exceeds the 100 character limit, please shorten it!

Note: This linter can be disabled with `set_option linter.style.longLine false`
warning: Math/GeneratedExcessTwoCertificates.lean:7788:100: This line exceeds the 100 character limit, please shorten it!

Note: This linter can be disabled with `set_option linter.style.longLine false`
warning: Math/GeneratedExcessTwoCertificates.lean:7827:100: This line exceeds the 100 character limit, please shorten it!

Note: This linter can be disabled with `set_option linter.style.longLine false`
warning: Math/GeneratedExcessTwoCertificates.lean:7828:100: This line exceeds the 100 character limit, please shorten it!

Note: This linter can be disabled with `set_option linter.style.longLine false`
warning: Math/GeneratedExcessTwoCertificates.lean:7830:100: This line exceeds the 100 character limit, please shorten it!

Note: This linter can be disabled with `set_option linter.style.longLine false`
warning: Math/GeneratedExcessTwoCertificates.lean:7836:100: This line exceeds the 100 character limit, please shorten it!

Note: This linter can be disabled with `set_option linter.style.longLine false`
warning: Math/GeneratedExcessTwoCertificates.lean:7842:100: This line exceeds the 100 character limit, please shorten it!

Note: This linter can be disabled with `set_option linter.style.longLine false`
warning: Math/GeneratedExcessTwoCertificates.lean:7843:100: This line exceeds the 100 character limit, please shorten it!

Note: This linter can be disabled with `set_option linter.style.longLine false`
warning: Math/GeneratedExcessTwoCertificates.lean:7882:100: This line exceeds the 100 character limit, please shorten it!

Note: This linter can be disabled with `set_option linter.style.longLine false`
warning: Math/GeneratedExcessTwoCertificates.lean:7883:100: This line exceeds the 100 character limit, please shorten it!

Note: This linter can be disabled with `set_option linter.style.longLine false`
warning: Math/GeneratedExcessTwoCertificates.lean:7885:100: This line exceeds the 100 character limit, please shorten it!

Note: This linter can be disabled with `set_option linter.style.longLine false`
warning: Math/GeneratedExcessTwoCertificates.lean:7891:100: This line exceeds the 100 character limit, please shorten it!

Note: This linter can be disabled with `set_option linter.style.longLine false`
warning: Math/GeneratedExcessTwoCertificates.lean:7897:100: This line exceeds the 100 character limit, please shorten it!

Note: This linter can be disabled with `set_option linter.style.longLine false`
warning: Math/GeneratedExcessTwoCertificates.lean:7898:100: This line exceeds the 100 character limit, please shorten it!

Note: This linter can be disabled with `set_option linter.style.longLine false`
warning: Math/GeneratedExcessTwoCertificates.lean:7937:100: This line exceeds the 100 character limit, please shorten it!

Note: This linter can be disabled with `set_option linter.style.longLine false`
warning: Math/GeneratedExcessTwoCertificates.lean:7938:100: This line exceeds the 100 character limit, please shorten it!

Note: This linter can be disabled with `set_option linter.style.longLine false`
warning: Math/GeneratedExcessTwoCertificates.lean:7940:100: This line exceeds the 100 character limit, please shorten it!

Note: This linter can be disabled with `set_option linter.style.longLine false`
warning: Math/GeneratedExcessTwoCertificates.lean:7946:100: This line exceeds the 100 character limit, please shorten it!

Note: This linter can be disabled with `set_option linter.style.longLine false`
warning: Math/GeneratedExcessTwoCertificates.lean:7952:100: This line exceeds the 100 character limit, please shorten it!

Note: This linter can be disabled with `set_option linter.style.longLine false`
warning: Math/GeneratedExcessTwoCertificates.lean:7953:100: This line exceeds the 100 character limit, please shorten it!

Note: This linter can be disabled with `set_option linter.style.longLine false`
warning: Math/GeneratedExcessTwoCertificates.lean:7992:100: This line exceeds the 100 character limit, please shorten it!

Note: This linter can be disabled with `set_option linter.style.longLine false`
warning: Math/GeneratedExcessTwoCertificates.lean:7993:100: This line exceeds the 100 character limit, please shorten it!

Note: This linter can be disabled with `set_option linter.style.longLine false`
warning: Math/GeneratedExcessTwoCertificates.lean:7995:100: This line exceeds the 100 character limit, please shorten it!

Note: This linter can be disabled with `set_option linter.style.longLine false`
warning: Math/GeneratedExcessTwoCertificates.lean:8001:100: This line exceeds the 100 character limit, please shorten it!

Note: This linter can be disabled with `set_option linter.style.longLine false`
warning: Math/GeneratedExcessTwoCertificates.lean:8007:100: This line exceeds the 100 character limit, please shorten it!

Note: This linter can be disabled with `set_option linter.style.longLine false`
warning: Math/GeneratedExcessTwoCertificates.lean:8008:100: This line exceeds the 100 character limit, please shorten it!

Note: This linter can be disabled with `set_option linter.style.longLine false`
warning: Math/GeneratedExcessTwoCertificates.lean:8047:100: This line exceeds the 100 character limit, please shorten it!

Note: This linter can be disabled with `set_option linter.style.longLine false`
warning: Math/GeneratedExcessTwoCertificates.lean:8048:100: This line exceeds the 100 character limit, please shorten it!

Note: This linter can be disabled with `set_option linter.style.longLine false`
warning: Math/GeneratedExcessTwoCertificates.lean:8050:100: This line exceeds the 100 character limit, please shorten it!

Note: This linter can be disabled with `set_option linter.style.longLine false`
warning: Math/GeneratedExcessTwoCertificates.lean:8056:100: This line exceeds the 100 character limit, please shorten it!

Note: This linter can be disabled with `set_option linter.style.longLine false`
warning: Math/GeneratedExcessTwoCertificates.lean:8062:100: This line exceeds the 100 character limit, please shorten it!

Note: This linter can be disabled with `set_option linter.style.longLine false`
warning: Math/GeneratedExcessTwoCertificates.lean:8063:100: This line exceeds the 100 character limit, please shorten it!

Note: This linter can be disabled with `set_option linter.style.longLine false`
warning: Math/GeneratedExcessTwoCertificates.lean:8102:100: This line exceeds the 100 character limit, please shorten it!

Note: This linter can be disabled with `set_option linter.style.longLine false`
warning: Math/GeneratedExcessTwoCertificates.lean:8103:100: This line exceeds the 100 character limit, please shorten it!

Note: This linter can be disabled with `set_option linter.style.longLine false`
warning: Math/GeneratedExcessTwoCertificates.lean:8105:100: This line exceeds the 100 character limit, please shorten it!

Note: This linter can be disabled with `set_option linter.style.longLine false`
warning: Math/GeneratedExcessTwoCertificates.lean:8111:100: This line exceeds the 100 character limit, please shorten it!

Note: This linter can be disabled with `set_option linter.style.longLine false`
warning: Math/GeneratedExcessTwoCertificates.lean:8117:100: This line exceeds the 100 character limit, please shorten it!

Note: This linter can be disabled with `set_option linter.style.longLine false`
warning: Math/GeneratedExcessTwoCertificates.lean:8118:100: This line exceeds the 100 character limit, please shorten it!

Note: This linter can be disabled with `set_option linter.style.longLine false`
warning: Math/GeneratedExcessTwoCertificates.lean:8157:100: This line exceeds the 100 character limit, please shorten it!

Note: This linter can be disabled with `set_option linter.style.longLine false`
warning: Math/GeneratedExcessTwoCertificates.lean:8158:100: This line exceeds the 100 character limit, please shorten it!

Note: This linter can be disabled with `set_option linter.style.longLine false`
warning: Math/GeneratedExcessTwoCertificates.lean:8160:100: This line exceeds the 100 character limit, please shorten it!

Note: This linter can be disabled with `set_option linter.style.longLine false`
warning: Math/GeneratedExcessTwoCertificates.lean:8166:100: This line exceeds the 100 character limit, please shorten it!

Note: This linter can be disabled with `set_option linter.style.longLine false`
warning: Math/GeneratedExcessTwoCertificates.lean:8172:100: This line exceeds the 100 character limit, please shorten it!

Note: This linter can be disabled with `set_option linter.style.longLine false`
warning: Math/GeneratedExcessTwoCertificates.lean:8173:100: This line exceeds the 100 character limit, please shorten it!

Note: This linter can be disabled with `set_option linter.style.longLine false`
warning: Math/GeneratedExcessTwoCertificates.lean:8212:100: This line exceeds the 100 character limit, please shorten it!

Note: This linter can be disabled with `set_option linter.style.longLine false`
warning: Math/GeneratedExcessTwoCertificates.lean:8213:100: This line exceeds the 100 character limit, please shorten it!

Note: This linter can be disabled with `set_option linter.style.longLine false`
warning: Math/GeneratedExcessTwoCertificates.lean:8215:100: This line exceeds the 100 character limit, please shorten it!

Note: This linter can be disabled with `set_option linter.style.longLine false`
warning: Math/GeneratedExcessTwoCertificates.lean:8221:100: This line exceeds the 100 character limit, please shorten it!

Note: This linter can be disabled with `set_option linter.style.longLine false`
warning: Math/GeneratedExcessTwoCertificates.lean:8227:100: This line exceeds the 100 character limit, please shorten it!

Note: This linter can be disabled with `set_option linter.style.longLine false`
warning: Math/GeneratedExcessTwoCertificates.lean:8228:100: This line exceeds the 100 character limit, please shorten it!

Note: This linter can be disabled with `set_option linter.style.longLine false`
warning: Math/GeneratedExcessTwoCertificates.lean:8267:100: This line exceeds the 100 character limit, please shorten it!

Note: This linter can be disabled with `set_option linter.style.longLine false`
warning: Math/GeneratedExcessTwoCertificates.lean:8268:100: This line exceeds the 100 character limit, please shorten it!

Note: This linter can be disabled with `set_option linter.style.longLine false`
warning: Math/GeneratedExcessTwoCertificates.lean:8270:100: This line exceeds the 100 character limit, please shorten it!

Note: This linter can be disabled with `set_option linter.style.longLine false`
warning: Math/GeneratedExcessTwoCertificates.lean:8276:100: This line exceeds the 100 character limit, please shorten it!

Note: This linter can be disabled with `set_option linter.style.longLine false`
warning: Math/GeneratedExcessTwoCertificates.lean:8282:100: This line exceeds the 100 character limit, please shorten it!

Note: This linter can be disabled with `set_option linter.style.longLine false`
warning: Math/GeneratedExcessTwoCertificates.lean:8283:100: This line exceeds the 100 character limit, please shorten it!

Note: This linter can be disabled with `set_option linter.style.longLine false`
warning: Math/GeneratedExcessTwoCertificates.lean:8322:100: This line exceeds the 100 character limit, please shorten it!

Note: This linter can be disabled with `set_option linter.style.longLine false`
warning: Math/GeneratedExcessTwoCertificates.lean:8323:100: This line exceeds the 100 character limit, please shorten it!

Note: This linter can be disabled with `set_option linter.style.longLine false`
warning: Math/GeneratedExcessTwoCertificates.lean:8325:100: This line exceeds the 100 character limit, please shorten it!

Note: This linter can be disabled with `set_option linter.style.longLine false`
warning: Math/GeneratedExcessTwoCertificates.lean:8331:100: This line exceeds the 100 character limit, please shorten it!

Note: This linter can be disabled with `set_option linter.style.longLine false`
warning: Math/GeneratedExcessTwoCertificates.lean:8337:100: This line exceeds the 100 character limit, please shorten it!

Note: This linter can be disabled with `set_option linter.style.longLine false`
warning: Math/GeneratedExcessTwoCertificates.lean:8338:100: This line exceeds the 100 character limit, please shorten it!

Note: This linter can be disabled with `set_option linter.style.longLine false`
warning: Math/GeneratedExcessTwoCertificates.lean:8379:100: This line exceeds the 100 character limit, please shorten it!

Note: This linter can be disabled with `set_option linter.style.longLine false`
warning: Math/GeneratedExcessTwoCertificates.lean:8380:100: This line exceeds the 100 character limit, please shorten it!

Note: This linter can be disabled with `set_option linter.style.longLine false`
warning: Math/GeneratedExcessTwoCertificates.lean:8382:100: This line exceeds the 100 character limit, please shorten it!

Note: This linter can be disabled with `set_option linter.style.longLine false`
warning: Math/GeneratedExcessTwoCertificates.lean:8388:100: This line exceeds the 100 character limit, please shorten it!

Note: This linter can be disabled with `set_option linter.style.longLine false`
warning: Math/GeneratedExcessTwoCertificates.lean:8394:100: This line exceeds the 100 character limit, please shorten it!

Note: This linter can be disabled with `set_option linter.style.longLine false`
warning: Math/GeneratedExcessTwoCertificates.lean:8395:100: This line exceeds the 100 character limit, please shorten it!

Note: This linter can be disabled with `set_option linter.style.longLine false`
warning: Math/GeneratedExcessTwoCertificates.lean:8436:100: This line exceeds the 100 character limit, please shorten it!

Note: This linter can be disabled with `set_option linter.style.longLine false`
warning: Math/GeneratedExcessTwoCertificates.lean:8437:100: This line exceeds the 100 character limit, please shorten it!

Note: This linter can be disabled with `set_option linter.style.longLine false`
warning: Math/GeneratedExcessTwoCertificates.lean:8439:100: This line exceeds the 100 character limit, please shorten it!

Note: This linter can be disabled with `set_option linter.style.longLine false`
warning: Math/GeneratedExcessTwoCertificates.lean:8445:100: This line exceeds the 100 character limit, please shorten it!

Note: This linter can be disabled with `set_option linter.style.longLine false`
warning: Math/GeneratedExcessTwoCertificates.lean:8451:100: This line exceeds the 100 character limit, please shorten it!

Note: This linter can be disabled with `set_option linter.style.longLine false`
warning: Math/GeneratedExcessTwoCertificates.lean:8452:100: This line exceeds the 100 character limit, please shorten it!

Note: This linter can be disabled with `set_option linter.style.longLine false`
warning: Math/GeneratedExcessTwoCertificates.lean:8493:100: This line exceeds the 100 character limit, please shorten it!

Note: This linter can be disabled with `set_option linter.style.longLine false`
warning: Math/GeneratedExcessTwoCertificates.lean:8494:100: This line exceeds the 100 character limit, please shorten it!

Note: This linter can be disabled with `set_option linter.style.longLine false`
warning: Math/GeneratedExcessTwoCertificates.lean:8496:100: This line exceeds the 100 character limit, please shorten it!

Note: This linter can be disabled with `set_option linter.style.longLine false`
warning: Math/GeneratedExcessTwoCertificates.lean:8502:100: This line exceeds the 100 character limit, please shorten it!

Note: This linter can be disabled with `set_option linter.style.longLine false`
warning: Math/GeneratedExcessTwoCertificates.lean:8508:100: This line exceeds the 100 character limit, please shorten it!

Note: This linter can be disabled with `set_option linter.style.longLine false`
warning: Math/GeneratedExcessTwoCertificates.lean:8509:100: This line exceeds the 100 character limit, please shorten it!

Note: This linter can be disabled with `set_option linter.style.longLine false`
warning: Math/GeneratedExcessTwoCertificates.lean:8552:100: This line exceeds the 100 character limit, please shorten it!

Note: This linter can be disabled with `set_option linter.style.longLine false`
warning: Math/GeneratedExcessTwoCertificates.lean:8553:100: This line exceeds the 100 character limit, please shorten it!

Note: This linter can be disabled with `set_option linter.style.longLine false`
warning: Math/GeneratedExcessTwoCertificates.lean:8555:100: This line exceeds the 100 character limit, please shorten it!

Note: This linter can be disabled with `set_option linter.style.longLine false`
warning: Math/GeneratedExcessTwoCertificates.lean:8561:100: This line exceeds the 100 character limit, please shorten it!

Note: This linter can be disabled with `set_option linter.style.longLine false`
warning: Math/GeneratedExcessTwoCertificates.lean:8567:100: This line exceeds the 100 character limit, please shorten it!

Note: This linter can be disabled with `set_option linter.style.longLine false`
warning: Math/GeneratedExcessTwoCertificates.lean:8568:100: This line exceeds the 100 character limit, please shorten it!

Note: This linter can be disabled with `set_option linter.style.longLine false`
warning: Math/GeneratedExcessTwoCertificates.lean:8609:100: This line exceeds the 100 character limit, please shorten it!

Note: This linter can be disabled with `set_option linter.style.longLine false`
warning: Math/GeneratedExcessTwoCertificates.lean:8610:100: This line exceeds the 100 character limit, please shorten it!

Note: This linter can be disabled with `set_option linter.style.longLine false`
warning: Math/GeneratedExcessTwoCertificates.lean:8612:100: This line exceeds the 100 character limit, please shorten it!

Note: This linter can be disabled with `set_option linter.style.longLine false`
warning: Math/GeneratedExcessTwoCertificates.lean:8618:100: This line exceeds the 100 character limit, please shorten it!

Note: This linter can be disabled with `set_option linter.style.longLine false`
warning: Math/GeneratedExcessTwoCertificates.lean:8624:100: This line exceeds the 100 character limit, please shorten it!

Note: This linter can be disabled with `set_option linter.style.longLine false`
warning: Math/GeneratedExcessTwoCertificates.lean:8625:100: This line exceeds the 100 character limit, please shorten it!

Note: This linter can be disabled with `set_option linter.style.longLine false`
warning: Math/GeneratedExcessTwoCertificates.lean:8666:100: This line exceeds the 100 character limit, please shorten it!

Note: This linter can be disabled with `set_option linter.style.longLine false`
warning: Math/GeneratedExcessTwoCertificates.lean:8667:100: This line exceeds the 100 character limit, please shorten it!

Note: This linter can be disabled with `set_option linter.style.longLine false`
warning: Math/GeneratedExcessTwoCertificates.lean:8669:100: This line exceeds the 100 character limit, please shorten it!

Note: This linter can be disabled with `set_option linter.style.longLine false`
warning: Math/GeneratedExcessTwoCertificates.lean:8675:100: This line exceeds the 100 character limit, please shorten it!

Note: This linter can be disabled with `set_option linter.style.longLine false`
warning: Math/GeneratedExcessTwoCertificates.lean:8681:100: This line exceeds the 100 character limit, please shorten it!

Note: This linter can be disabled with `set_option linter.style.longLine false`
warning: Math/GeneratedExcessTwoCertificates.lean:8682:100: This line exceeds the 100 character limit, please shorten it!

Note: This linter can be disabled with `set_option linter.style.longLine false`
warning: Math/GeneratedExcessTwoCertificates.lean:8723:100: This line exceeds the 100 character limit, please shorten it!

Note: This linter can be disabled with `set_option linter.style.longLine false`
warning: Math/GeneratedExcessTwoCertificates.lean:8724:100: This line exceeds the 100 character limit, please shorten it!

Note: This linter can be disabled with `set_option linter.style.longLine false`
warning: Math/GeneratedExcessTwoCertificates.lean:8726:100: This line exceeds the 100 character limit, please shorten it!

Note: This linter can be disabled with `set_option linter.style.longLine false`
warning: Math/GeneratedExcessTwoCertificates.lean:8732:100: This line exceeds the 100 character limit, please shorten it!

Note: This linter can be disabled with `set_option linter.style.longLine false`
warning: Math/GeneratedExcessTwoCertificates.lean:8738:100: This line exceeds the 100 character limit, please shorten it!

Note: This linter can be disabled with `set_option linter.style.longLine false`
warning: Math/GeneratedExcessTwoCertificates.lean:8739:100: This line exceeds the 100 character limit, please shorten it!

Note: This linter can be disabled with `set_option linter.style.longLine false`
warning: Math/GeneratedExcessTwoCertificates.lean:8780:100: This line exceeds the 100 character limit, please shorten it!

Note: This linter can be disabled with `set_option linter.style.longLine false`
warning: Math/GeneratedExcessTwoCertificates.lean:8781:100: This line exceeds the 100 character limit, please shorten it!

Note: This linter can be disabled with `set_option linter.style.longLine false`
warning: Math/GeneratedExcessTwoCertificates.lean:8783:100: This line exceeds the 100 character limit, please shorten it!

Note: This linter can be disabled with `set_option linter.style.longLine false`
warning: Math/GeneratedExcessTwoCertificates.lean:8789:100: This line exceeds the 100 character limit, please shorten it!

Note: This linter can be disabled with `set_option linter.style.longLine false`
warning: Math/GeneratedExcessTwoCertificates.lean:8795:100: This line exceeds the 100 character limit, please shorten it!

Note: This linter can be disabled with `set_option linter.style.longLine false`
warning: Math/GeneratedExcessTwoCertificates.lean:8796:100: This line exceeds the 100 character limit, please shorten it!

Note: This linter can be disabled with `set_option linter.style.longLine false`
warning: Math/GeneratedExcessTwoCertificates.lean:8837:100: This line exceeds the 100 character limit, please shorten it!

Note: This linter can be disabled with `set_option linter.style.longLine false`
warning: Math/GeneratedExcessTwoCertificates.lean:8838:100: This line exceeds the 100 character limit, please shorten it!

Note: This linter can be disabled with `set_option linter.style.longLine false`
warning: Math/GeneratedExcessTwoCertificates.lean:8840:100: This line exceeds the 100 character limit, please shorten it!

Note: This linter can be disabled with `set_option linter.style.longLine false`
warning: Math/GeneratedExcessTwoCertificates.lean:8846:100: This line exceeds the 100 character limit, please shorten it!

Note: This linter can be disabled with `set_option linter.style.longLine false`
warning: Math/GeneratedExcessTwoCertificates.lean:8852:100: This line exceeds the 100 character limit, please shorten it!

Note: This linter can be disabled with `set_option linter.style.longLine false`
warning: Math/GeneratedExcessTwoCertificates.lean:8853:100: This line exceeds the 100 character limit, please shorten it!

Note: This linter can be disabled with `set_option linter.style.longLine false`
warning: Math/GeneratedExcessTwoCertificates.lean:8896:100: This line exceeds the 100 character limit, please shorten it!

Note: This linter can be disabled with `set_option linter.style.longLine false`
warning: Math/GeneratedExcessTwoCertificates.lean:8897:100: This line exceeds the 100 character limit, please shorten it!

Note: This linter can be disabled with `set_option linter.style.longLine false`
warning: Math/GeneratedExcessTwoCertificates.lean:8899:100: This line exceeds the 100 character limit, please shorten it!

Note: This linter can be disabled with `set_option linter.style.longLine false`
warning: Math/GeneratedExcessTwoCertificates.lean:8905:100: This line exceeds the 100 character limit, please shorten it!

Note: This linter can be disabled with `set_option linter.style.longLine false`
warning: Math/GeneratedExcessTwoCertificates.lean:8911:100: This line exceeds the 100 character limit, please shorten it!

Note: This linter can be disabled with `set_option linter.style.longLine false`
warning: Math/GeneratedExcessTwoCertificates.lean:8912:100: This line exceeds the 100 character limit, please shorten it!

Note: This linter can be disabled with `set_option linter.style.longLine false`
warning: Math/GeneratedExcessTwoCertificates.lean:8955:100: This line exceeds the 100 character limit, please shorten it!

Note: This linter can be disabled with `set_option linter.style.longLine false`
warning: Math/GeneratedExcessTwoCertificates.lean:8956:100: This line exceeds the 100 character limit, please shorten it!

Note: This linter can be disabled with `set_option linter.style.longLine false`
warning: Math/GeneratedExcessTwoCertificates.lean:8958:100: This line exceeds the 100 character limit, please shorten it!

Note: This linter can be disabled with `set_option linter.style.longLine false`
warning: Math/GeneratedExcessTwoCertificates.lean:8964:100: This line exceeds the 100 character limit, please shorten it!

Note: This linter can be disabled with `set_option linter.style.longLine false`
warning: Math/GeneratedExcessTwoCertificates.lean:8970:100: This line exceeds the 100 character limit, please shorten it!

Note: This linter can be disabled with `set_option linter.style.longLine false`
warning: Math/GeneratedExcessTwoCertificates.lean:8971:100: This line exceeds the 100 character limit, please shorten it!

Note: This linter can be disabled with `set_option linter.style.longLine false`
warning: Math/GeneratedExcessTwoCertificates.lean:9012:100: This line exceeds the 100 character limit, please shorten it!

Note: This linter can be disabled with `set_option linter.style.longLine false`
warning: Math/GeneratedExcessTwoCertificates.lean:9013:100: This line exceeds the 100 character limit, please shorten it!

Note: This linter can be disabled with `set_option linter.style.longLine false`
warning: Math/GeneratedExcessTwoCertificates.lean:9015:100: This line exceeds the 100 character limit, please shorten it!

Note: This linter can be disabled with `set_option linter.style.longLine false`
warning: Math/GeneratedExcessTwoCertificates.lean:9021:100: This line exceeds the 100 character limit, please shorten it!

Note: This linter can be disabled with `set_option linter.style.longLine false`
warning: Math/GeneratedExcessTwoCertificates.lean:9027:100: This line exceeds the 100 character limit, please shorten it!

Note: This linter can be disabled with `set_option linter.style.longLine false`
warning: Math/GeneratedExcessTwoCertificates.lean:9028:100: This line exceeds the 100 character limit, please shorten it!

Note: This linter can be disabled with `set_option linter.style.longLine false`
warning: Math/GeneratedExcessTwoCertificates.lean:9069:100: This line exceeds the 100 character limit, please shorten it!

Note: This linter can be disabled with `set_option linter.style.longLine false`
warning: Math/GeneratedExcessTwoCertificates.lean:9070:100: This line exceeds the 100 character limit, please shorten it!

Note: This linter can be disabled with `set_option linter.style.longLine false`
warning: Math/GeneratedExcessTwoCertificates.lean:9072:100: This line exceeds the 100 character limit, please shorten it!

Note: This linter can be disabled with `set_option linter.style.longLine false`
warning: Math/GeneratedExcessTwoCertificates.lean:9078:100: This line exceeds the 100 character limit, please shorten it!

Note: This linter can be disabled with `set_option linter.style.longLine false`
warning: Math/GeneratedExcessTwoCertificates.lean:9084:100: This line exceeds the 100 character limit, please shorten it!

Note: This linter can be disabled with `set_option linter.style.longLine false`
warning: Math/GeneratedExcessTwoCertificates.lean:9085:100: This line exceeds the 100 character limit, please shorten it!

Note: This linter can be disabled with `set_option linter.style.longLine false`
warning: Math/GeneratedExcessTwoCertificates.lean:9126:100: This line exceeds the 100 character limit, please shorten it!

Note: This linter can be disabled with `set_option linter.style.longLine false`
warning: Math/GeneratedExcessTwoCertificates.lean:9127:100: This line exceeds the 100 character limit, please shorten it!

Note: This linter can be disabled with `set_option linter.style.longLine false`
warning: Math/GeneratedExcessTwoCertificates.lean:9129:100: This line exceeds the 100 character limit, please shorten it!

Note: This linter can be disabled with `set_option linter.style.longLine false`
warning: Math/GeneratedExcessTwoCertificates.lean:9135:100: This line exceeds the 100 character limit, please shorten it!

Note: This linter can be disabled with `set_option linter.style.longLine false`
warning: Math/GeneratedExcessTwoCertificates.lean:9141:100: This line exceeds the 100 character limit, please shorten it!

Note: This linter can be disabled with `set_option linter.style.longLine false`
warning: Math/GeneratedExcessTwoCertificates.lean:9142:100: This line exceeds the 100 character limit, please shorten it!

Note: This linter can be disabled with `set_option linter.style.longLine false`
warning: Math/GeneratedExcessTwoCertificates.lean:9183:100: This line exceeds the 100 character limit, please shorten it!

Note: This linter can be disabled with `set_option linter.style.longLine false`
warning: Math/GeneratedExcessTwoCertificates.lean:9184:100: This line exceeds the 100 character limit, please shorten it!

Note: This linter can be disabled with `set_option linter.style.longLine false`
warning: Math/GeneratedExcessTwoCertificates.lean:9186:100: This line exceeds the 100 character limit, please shorten it!

Note: This linter can be disabled with `set_option linter.style.longLine false`
warning: Math/GeneratedExcessTwoCertificates.lean:9192:100: This line exceeds the 100 character limit, please shorten it!

Note: This linter can be disabled with `set_option linter.style.longLine false`
warning: Math/GeneratedExcessTwoCertificates.lean:9198:100: This line exceeds the 100 character limit, please shorten it!

Note: This linter can be disabled with `set_option linter.style.longLine false`
warning: Math/GeneratedExcessTwoCertificates.lean:9199:100: This line exceeds the 100 character limit, please shorten it!

Note: This linter can be disabled with `set_option linter.style.longLine false`
warning: Math/GeneratedExcessTwoCertificates.lean:9240:100: This line exceeds the 100 character limit, please shorten it!

Note: This linter can be disabled with `set_option linter.style.longLine false`
warning: Math/GeneratedExcessTwoCertificates.lean:9241:100: This line exceeds the 100 character limit, please shorten it!

Note: This linter can be disabled with `set_option linter.style.longLine false`
warning: Math/GeneratedExcessTwoCertificates.lean:9243:100: This line exceeds the 100 character limit, please shorten it!

Note: This linter can be disabled with `set_option linter.style.longLine false`
warning: Math/GeneratedExcessTwoCertificates.lean:9249:100: This line exceeds the 100 character limit, please shorten it!

Note: This linter can be disabled with `set_option linter.style.longLine false`
warning: Math/GeneratedExcessTwoCertificates.lean:9255:100: This line exceeds the 100 character limit, please shorten it!

Note: This linter can be disabled with `set_option linter.style.longLine false`
warning: Math/GeneratedExcessTwoCertificates.lean:9256:100: This line exceeds the 100 character limit, please shorten it!

Note: This linter can be disabled with `set_option linter.style.longLine false`
warning: Math/GeneratedExcessTwoCertificates.lean:9297:100: This line exceeds the 100 character limit, please shorten it!

Note: This linter can be disabled with `set_option linter.style.longLine false`
warning: Math/GeneratedExcessTwoCertificates.lean:9298:100: This line exceeds the 100 character limit, please shorten it!

Note: This linter can be disabled with `set_option linter.style.longLine false`
warning: Math/GeneratedExcessTwoCertificates.lean:9300:100: This line exceeds the 100 character limit, please shorten it!

Note: This linter can be disabled with `set_option linter.style.longLine false`
warning: Math/GeneratedExcessTwoCertificates.lean:9306:100: This line exceeds the 100 character limit, please shorten it!

Note: This linter can be disabled with `set_option linter.style.longLine false`
warning: Math/GeneratedExcessTwoCertificates.lean:9312:100: This line exceeds the 100 character limit, please shorten it!

Note: This linter can be disabled with `set_option linter.style.longLine false`
warning: Math/GeneratedExcessTwoCertificates.lean:9313:100: This line exceeds the 100 character limit, please shorten it!

Note: This linter can be disabled with `set_option linter.style.longLine false`
warning: Math/GeneratedExcessTwoCertificates.lean:9354:100: This line exceeds the 100 character limit, please shorten it!

Note: This linter can be disabled with `set_option linter.style.longLine false`
warning: Math/GeneratedExcessTwoCertificates.lean:9355:100: This line exceeds the 100 character limit, please shorten it!

Note: This linter can be disabled with `set_option linter.style.longLine false`
warning: Math/GeneratedExcessTwoCertificates.lean:9357:100: This line exceeds the 100 character limit, please shorten it!

Note: This linter can be disabled with `set_option linter.style.longLine false`
warning: Math/GeneratedExcessTwoCertificates.lean:9363:100: This line exceeds the 100 character limit, please shorten it!

Note: This linter can be disabled with `set_option linter.style.longLine false`
warning: Math/GeneratedExcessTwoCertificates.lean:9369:100: This line exceeds the 100 character limit, please shorten it!

Note: This linter can be disabled with `set_option linter.style.longLine false`
warning: Math/GeneratedExcessTwoCertificates.lean:9370:100: This line exceeds the 100 character limit, please shorten it!

Note: This linter can be disabled with `set_option linter.style.longLine false`
warning: Math/GeneratedExcessTwoCertificates.lean:9411:100: This line exceeds the 100 character limit, please shorten it!

Note: This linter can be disabled with `set_option linter.style.longLine false`
warning: Math/GeneratedExcessTwoCertificates.lean:9412:100: This line exceeds the 100 character limit, please shorten it!

Note: This linter can be disabled with `set_option linter.style.longLine false`
warning: Math/GeneratedExcessTwoCertificates.lean:9414:100: This line exceeds the 100 character limit, please shorten it!

Note: This linter can be disabled with `set_option linter.style.longLine false`
warning: Math/GeneratedExcessTwoCertificates.lean:9420:100: This line exceeds the 100 character limit, please shorten it!

Note: This linter can be disabled with `set_option linter.style.longLine false`
warning: Math/GeneratedExcessTwoCertificates.lean:9426:100: This line exceeds the 100 character limit, please shorten it!

Note: This linter can be disabled with `set_option linter.style.longLine false`
warning: Math/GeneratedExcessTwoCertificates.lean:9427:100: This line exceeds the 100 character limit, please shorten it!

Note: This linter can be disabled with `set_option linter.style.longLine false`
warning: Math/GeneratedExcessTwoCertificates.lean:9468:100: This line exceeds the 100 character limit, please shorten it!

Note: This linter can be disabled with `set_option linter.style.longLine false`
warning: Math/GeneratedExcessTwoCertificates.lean:9469:100: This line exceeds the 100 character limit, please shorten it!

Note: This linter can be disabled with `set_option linter.style.longLine false`
warning: Math/GeneratedExcessTwoCertificates.lean:9471:100: This line exceeds the 100 character limit, please shorten it!

Note: This linter can be disabled with `set_option linter.style.longLine false`
warning: Math/GeneratedExcessTwoCertificates.lean:9477:100: This line exceeds the 100 character limit, please shorten it!

Note: This linter can be disabled with `set_option linter.style.longLine false`
warning: Math/GeneratedExcessTwoCertificates.lean:9483:100: This line exceeds the 100 character limit, please shorten it!

Note: This linter can be disabled with `set_option linter.style.longLine false`
warning: Math/GeneratedExcessTwoCertificates.lean:9484:100: This line exceeds the 100 character limit, please shorten it!

Note: This linter can be disabled with `set_option linter.style.longLine false`
warning: Math/GeneratedExcessTwoCertificates.lean:9525:100: This line exceeds the 100 character limit, please shorten it!

Note: This linter can be disabled with `set_option linter.style.longLine false`
warning: Math/GeneratedExcessTwoCertificates.lean:9526:100: This line exceeds the 100 character limit, please shorten it!

Note: This linter can be disabled with `set_option linter.style.longLine false`
warning: Math/GeneratedExcessTwoCertificates.lean:9528:100: This line exceeds the 100 character limit, please shorten it!

Note: This linter can be disabled with `set_option linter.style.longLine false`
warning: Math/GeneratedExcessTwoCertificates.lean:9534:100: This line exceeds the 100 character limit, please shorten it!

Note: This linter can be disabled with `set_option linter.style.longLine false`
warning: Math/GeneratedExcessTwoCertificates.lean:9540:100: This line exceeds the 100 character limit, please shorten it!

Note: This linter can be disabled with `set_option linter.style.longLine false`
warning: Math/GeneratedExcessTwoCertificates.lean:9541:100: This line exceeds the 100 character limit, please shorten it!

Note: This linter can be disabled with `set_option linter.style.longLine false`
warning: Math/GeneratedExcessTwoCertificates.lean:9582:100: This line exceeds the 100 character limit, please shorten it!

Note: This linter can be disabled with `set_option linter.style.longLine false`
warning: Math/GeneratedExcessTwoCertificates.lean:9583:100: This line exceeds the 100 character limit, please shorten it!

Note: This linter can be disabled with `set_option linter.style.longLine false`
warning: Math/GeneratedExcessTwoCertificates.lean:9585:100: This line exceeds the 100 character limit, please shorten it!

Note: This linter can be disabled with `set_option linter.style.longLine false`
warning: Math/GeneratedExcessTwoCertificates.lean:9591:100: This line exceeds the 100 character limit, please shorten it!

Note: This linter can be disabled with `set_option linter.style.longLine false`
warning: Math/GeneratedExcessTwoCertificates.lean:9597:100: This line exceeds the 100 character limit, please shorten it!

Note: This linter can be disabled with `set_option linter.style.longLine false`
warning: Math/GeneratedExcessTwoCertificates.lean:9598:100: This line exceeds the 100 character limit, please shorten it!

Note: This linter can be disabled with `set_option linter.style.longLine false`
warning: Math/GeneratedExcessTwoCertificates.lean:9639:100: This line exceeds the 100 character limit, please shorten it!

Note: This linter can be disabled with `set_option linter.style.longLine false`
warning: Math/GeneratedExcessTwoCertificates.lean:9640:100: This line exceeds the 100 character limit, please shorten it!

Note: This linter can be disabled with `set_option linter.style.longLine false`
warning: Math/GeneratedExcessTwoCertificates.lean:9642:100: This line exceeds the 100 character limit, please shorten it!

Note: This linter can be disabled with `set_option linter.style.longLine false`
warning: Math/GeneratedExcessTwoCertificates.lean:9648:100: This line exceeds the 100 character limit, please shorten it!

Note: This linter can be disabled with `set_option linter.style.longLine false`
warning: Math/GeneratedExcessTwoCertificates.lean:9654:100: This line exceeds the 100 character limit, please shorten it!

Note: This linter can be disabled with `set_option linter.style.longLine false`
warning: Math/GeneratedExcessTwoCertificates.lean:9655:100: This line exceeds the 100 character limit, please shorten it!

Note: This linter can be disabled with `set_option linter.style.longLine false`
warning: Math/GeneratedExcessTwoCertificates.lean:9696:100: This line exceeds the 100 character limit, please shorten it!

Note: This linter can be disabled with `set_option linter.style.longLine false`
warning: Math/GeneratedExcessTwoCertificates.lean:9697:100: This line exceeds the 100 character limit, please shorten it!

Note: This linter can be disabled with `set_option linter.style.longLine false`
warning: Math/GeneratedExcessTwoCertificates.lean:9699:100: This line exceeds the 100 character limit, please shorten it!

Note: This linter can be disabled with `set_option linter.style.longLine false`
warning: Math/GeneratedExcessTwoCertificates.lean:9705:100: This line exceeds the 100 character limit, please shorten it!

Note: This linter can be disabled with `set_option linter.style.longLine false`
warning: Math/GeneratedExcessTwoCertificates.lean:9711:100: This line exceeds the 100 character limit, please shorten it!

Note: This linter can be disabled with `set_option linter.style.longLine false`
warning: Math/GeneratedExcessTwoCertificates.lean:9712:100: This line exceeds the 100 character limit, please shorten it!

Note: This linter can be disabled with `set_option linter.style.longLine false`
warning: Math/GeneratedExcessTwoCertificates.lean:9753:100: This line exceeds the 100 character limit, please shorten it!

Note: This linter can be disabled with `set_option linter.style.longLine false`
warning: Math/GeneratedExcessTwoCertificates.lean:9754:100: This line exceeds the 100 character limit, please shorten it!

Note: This linter can be disabled with `set_option linter.style.longLine false`
warning: Math/GeneratedExcessTwoCertificates.lean:9756:100: This line exceeds the 100 character limit, please shorten it!

Note: This linter can be disabled with `set_option linter.style.longLine false`
warning: Math/GeneratedExcessTwoCertificates.lean:9762:100: This line exceeds the 100 character limit, please shorten it!

Note: This linter can be disabled with `set_option linter.style.longLine false`
warning: Math/GeneratedExcessTwoCertificates.lean:9768:100: This line exceeds the 100 character limit, please shorten it!

Note: This linter can be disabled with `set_option linter.style.longLine false`
warning: Math/GeneratedExcessTwoCertificates.lean:9769:100: This line exceeds the 100 character limit, please shorten it!

Note: This linter can be disabled with `set_option linter.style.longLine false`
warning: Math/GeneratedExcessTwoCertificates.lean:9810:100: This line exceeds the 100 character limit, please shorten it!

Note: This linter can be disabled with `set_option linter.style.longLine false`
warning: Math/GeneratedExcessTwoCertificates.lean:9811:100: This line exceeds the 100 character limit, please shorten it!

Note: This linter can be disabled with `set_option linter.style.longLine false`
warning: Math/GeneratedExcessTwoCertificates.lean:9813:100: This line exceeds the 100 character limit, please shorten it!

Note: This linter can be disabled with `set_option linter.style.longLine false`
warning: Math/GeneratedExcessTwoCertificates.lean:9819:100: This line exceeds the 100 character limit, please shorten it!

Note: This linter can be disabled with `set_option linter.style.longLine false`
warning: Math/GeneratedExcessTwoCertificates.lean:9825:100: This line exceeds the 100 character limit, please shorten it!

Note: This linter can be disabled with `set_option linter.style.longLine false`
warning: Math/GeneratedExcessTwoCertificates.lean:9826:100: This line exceeds the 100 character limit, please shorten it!

Note: This linter can be disabled with `set_option linter.style.longLine false`
warning: Math/GeneratedExcessTwoCertificates.lean:9867:100: This line exceeds the 100 character limit, please shorten it!

Note: This linter can be disabled with `set_option linter.style.longLine false`
warning: Math/GeneratedExcessTwoCertificates.lean:9868:100: This line exceeds the 100 character limit, please shorten it!

Note: This linter can be disabled with `set_option linter.style.longLine false`
warning: Math/GeneratedExcessTwoCertificates.lean:9870:100: This line exceeds the 100 character limit, please shorten it!

Note: This linter can be disabled with `set_option linter.style.longLine false`
ℹ [8837/8837] Built Math.ExcessTwoCertificatesAudit (3.5s)
info: Math/ExcessTwoCertificatesAudit.lean:14:0: 'FiveBoundary.ExcessTwo.check_from_parts' depends on axioms: [propext, Classical.choice, Quot.sound]
info: Math/ExcessTwoCertificatesAudit.lean:15:0: 'FiveBoundary.ExcessTwo.check_finite_sound' depends on axioms: [propext, Classical.choice, Quot.sound]
info: Math/ExcessTwoCertificatesAudit.lean:16:0: 'FiveBoundary.ExcessTwo.check_sound' depends on axioms: [propext,
 Classical.choice,
 Quot.sound,
 color_orbits_cover._native.native_decide.ax_1]
info: Math/ExcessTwoCertificatesAudit.lean:17:0: 'FiveBoundary.ExcessTwo.extends_iff_sigma' depends on axioms: [propext, Classical.choice, Quot.sound]
info: Math/ExcessTwoCertificatesAudit.lean:18:0: 'FiveBoundary.ExcessTwo.accepted_sound' depends on axioms: [propext, Classical.choice, Quot.sound]
info: Math/ExcessTwoCertificatesAudit.lean:19:0: 'FiveBoundary.ExcessTwo.row_sound' depends on axioms: [propext, Classical.choice, Quot.sound]
info: Math/ExcessTwoCertificatesAudit.lean:20:0: 'FiveBoundary.ExcessTwo.boundaryRow_cover' depends on axioms: [propext, Classical.choice, Quot.sound]
info: Math/ExcessTwoCertificatesAudit.lean:21:0: 'FiveBoundary.ExcessTwo.rows_exact_sigma' depends on axioms: [propext,
 Classical.choice,
 Quot.sound,
 color_orbits_cover._native.native_decide.ax_1]
info: Math/ExcessTwoCertificatesAudit.lean:22:0: 'FiveBoundary.ExcessTwo.deletion_sound' depends on axioms: [propext, Classical.choice, Quot.sound]
info: Math/ExcessTwoCertificatesAudit.lean:23:0: 'FiveBoundary.ExcessTwo.reachInterior_sound' depends on axioms: [propext, Quot.sound]
info: Math/ExcessTwoCertificatesAudit.lean:24:0: 'FiveBoundary.ExcessTwo.connectedInterior_sound' depends on axioms: [propext, Quot.sound]
info: Math/ExcessTwoCertificatesAudit.lean:25:0: 'FiveBoundary.ExcessTwo.checkShape_sound' does not depend on any axioms
info: Math/ExcessTwoCertificatesAudit.lean:26:0: 'FiveBoundary.ExcessTwo.checkShape_interior_paths' depends on axioms: [propext, Quot.sound]
info: Math/ExcessTwoCertificatesAudit.lean:27:0: 'FiveBoundary.ExcessTwo.checkQ_sound' depends on axioms: [propext]
info: Math/ExcessTwoCertificatesAudit.lean:28:0: 'FiveBoundary.ExcessTwo.checkRotation_sound' depends on axioms: [propext, Quot.sound]
info: Math/ExcessTwoCertificatesAudit.lean:29:0: 'FiveBoundary.ExcessTwo.checkRotation_iff' depends on axioms: [propext, Quot.sound]
info: Math/ExcessTwoCertificatesAudit.lean:30:0: 'FiveBoundary.edgeCheck_exact' depends on axioms: [propext, Quot.sound]
info: Math/ExcessTwoCertificatesAudit.lean:31:0: 'FiveBoundary.color_orbits_cover' depends on axioms: [propext,
 Classical.choice,
 Quot.sound,
 color_orbits_cover._native.native_decide.ax_1]
info: Math/ExcessTwoCertificatesAudit.lean:35:0: 'FiveBoundary.ExcessTwo.Generated.certificate_count' depends on axioms: [propext]
info: Math/ExcessTwoCertificatesAudit.lean:36:0: 'FiveBoundary.ExcessTwo.Generated.all_certificates_valid' depends on axioms: [propext,
 Classical.choice,
 Quot.sound,
 cert_ad_k3_orbit_0001_rejected._native.native_decide.ax_1,
 cert_ad_k6_orbit_0001_rejected._native.native_decide.ax_1,
 cert_ad_k6_orbit_0002_rejected._native.native_decide.ax_1,
 cert_ad_k7_orbit_0001_rejected._native.native_decide.ax_1,
 cert_ad_k9_orbit_0001_rejected._native.native_decide.ax_1,
 cert_ad_k9_orbit_0002_rejected._native.native_decide.ax_1,
 cert_ad_k9_orbit_0003_rejected._native.native_decide.ax_1,
 cert_ad_k9_orbit_0004_rejected._native.native_decide.ax_1,
 cert_ad_k9_orbit_0005_rejected._native.native_decide.ax_1,
 cert_d6_k4_orbit_0001_rejected._native.native_decide.ax_1,
 cert_d6_k4_orbit_0002_rejected._native.native_decide.ax_1,
 cert_d6_k5_orbit_0001_rejected._native.native_decide.ax_1,
 cert_d6_k5_orbit_0002_rejected._native.native_decide.ax_1,
 cert_d6_k5_orbit_0003_rejected._native.native_decide.ax_1,
 cert_d6_k5_orbit_0004_rejected._native.native_decide.ax_1,
 cert_d6_k5_orbit_0005_rejected._native.native_decide.ax_1,
 cert_d6_k5_orbit_0006_rejected._native.native_decide.ax_1,
 cert_d6_k5_orbit_0007_rejected._native.native_decide.ax_1,
 cert_d6_k5_orbit_0008_rejected._native.native_decide.ax_1,
 cert_d6_k5_orbit_0009_rejected._native.native_decide.ax_1,
 cert_d6_k6_orbit_0001_rejected._native.native_decide.ax_1,
 cert_d6_k6_orbit_0002_rejected._native.native_decide.ax_1,
 cert_d6_k6_orbit_0003_rejected._native.native_decide.ax_1,
 cert_d6_k6_orbit_0004_rejected._native.native_decide.ax_1,
 cert_d6_k7_orbit_0001_rejected._native.native_decide.ax_1,
 cert_d6_k7_orbit_0002_rejected._native.native_decide.ax_1,
 cert_d6_k7_orbit_0003_rejected._native.native_decide.ax_1,
 cert_d6_k7_orbit_0004_rejected._native.native_decide.ax_1,
 cert_d6_k7_orbit_0005_rejected._native.native_decide.ax_1,
 cert_d6_k7_orbit_0006_rejected._native.native_decide.ax_1,
 cert_d6_k7_orbit_0007_rejected._native.native_decide.ax_1,
 cert_d6_k7_orbit_0008_rejected._native.native_decide.ax_1,
 cert_d6_k7_orbit_0009_rejected._native.native_decide.ax_1,
 cert_d6_k7_orbit_0010_rejected._native.native_decide.ax_1,
 cert_d6_k7_orbit_0011_rejected._native.native_decide.ax_1,
 cert_d6_k7_orbit_0012_rejected._native.native_decide.ax_1,
 cert_d6_k7_orbit_0013_rejected._native.native_decide.ax_1,
 cert_d6_k7_orbit_0014_rejected._native.native_decide.ax_1,
 cert_d6_k7_orbit_0015_rejected._native.native_decide.ax_1,
 cert_d6_k7_orbit_0016_rejected._native.native_decide.ax_1,
 cert_d6_k7_orbit_0017_rejected._native.native_decide.ax_1,
 cert_d6_k7_orbit_0018_rejected._native.native_decide.ax_1,
 cert_d6_k7_orbit_0019_rejected._native.native_decide.ax_1,
 cert_d6_k7_orbit_0020_rejected._native.native_decide.ax_1,
 cert_d6_k7_orbit_0021_rejected._native.native_decide.ax_1,
 cert_d6_k7_orbit_0022_rejected._native.native_decide.ax_1,
 cert_d6_k7_orbit_0023_rejected._native.native_decide.ax_1,
 cert_d6_k7_orbit_0024_rejected._native.native_decide.ax_1,
 cert_d6_k7_orbit_0025_rejected._native.native_decide.ax_1,
 cert_d6_k8_orbit_0001_rejected._native.native_decide.ax_1,
 cert_d6_k8_orbit_0002_rejected._native.native_decide.ax_1,
 cert_d6_k8_orbit_0003_rejected._native.native_decide.ax_1,
 cert_d6_k8_orbit_0004_rejected._native.native_decide.ax_1,
 cert_d6_k8_orbit_0005_rejected._native.native_decide.ax_1,
 cert_d6_k8_orbit_0006_rejected._native.native_decide.ax_1,
 cert_d6_k8_orbit_0007_rejected._native.native_decide.ax_1,
 cert_d6_k8_orbit_0008_rejected._native.native_decide.ax_1,
 cert_d6_k8_orbit_0009_rejected._native.native_decide.ax_1,
 cert_d6_k8_orbit_0010_rejected._native.native_decide.ax_1,
 cert_d6_k8_orbit_0011_rejected._native.native_decide.ax_1,
 cert_d6_k8_orbit_0012_rejected._native.native_decide.ax_1,
 cert_d6_k8_orbit_0013_rejected._native.native_decide.ax_1,
 cert_d6_k8_orbit_0014_rejected._native.native_decide.ax_1,
 cert_d6_k8_orbit_0015_rejected._native.native_decide.ax_1,
 cert_d6_k8_orbit_0016_rejected._native.native_decide.ax_1,
 cert_d6_k8_orbit_0017_rejected._native.native_decide.ax_1,
 cert_d6_k8_orbit_0018_rejected._native.native_decide.ax_1,
 cert_d6_k8_orbit_0019_rejected._native.native_decide.ax_1,
 cert_d6_k8_orbit_0020_rejected._native.native_decide.ax_1,
 cert_d6_k8_orbit_0021_rejected._native.native_decide.ax_1,
 cert_d6_k8_orbit_0022_rejected._native.native_decide.ax_1,
 cert_d6_k8_orbit_0023_rejected._native.native_decide.ax_1,
 cert_d6_k8_orbit_0024_rejected._native.native_decide.ax_1,
 cert_d6_k8_orbit_0025_rejected._native.native_decide.ax_1,
 cert_d6_k8_orbit_0026_rejected._native.native_decide.ax_1,
 cert_d6_k8_orbit_0027_rejected._native.native_decide.ax_1,
 cert_d6_k8_orbit_0028_rejected._native.native_decide.ax_1,
 cert_d6_k8_orbit_0029_rejected._native.native_decide.ax_1,
 cert_d6_k8_orbit_0030_rejected._native.native_decide.ax_1,
 cert_d6_k8_orbit_0031_rejected._native.native_decide.ax_1,
 cert_d6_k8_orbit_0032_rejected._native.native_decide.ax_1,
 cert_d6_k8_orbit_0033_rejected._native.native_decide.ax_1,
 cert_d6_k8_orbit_0034_rejected._native.native_decide.ax_1,
 cert_d6_k8_orbit_0035_rejected._native.native_decide.ax_1,
 cert_d6_k8_orbit_0036_rejected._native.native_decide.ax_1,
 cert_d6_k8_orbit_0037_rejected._native.native_decide.ax_1,
 cert_d6_k8_orbit_0038_rejected._native.native_decide.ax_1,
 cert_d6_k8_orbit_0039_rejected._native.native_decide.ax_1,
 cert_d6_k8_orbit_0040_rejected._native.native_decide.ax_1,
 cert_d6_k8_orbit_0041_rejected._native.native_decide.ax_1,
 cert_d6_k9_orbit_0001_rejected._native.native_decide.ax_1,
 cert_d6_k9_orbit_0002_rejected._native.native_decide.ax_1,
 cert_d6_k9_orbit_0003_rejected._native.native_decide.ax_1,
 cert_d6_k9_orbit_0004_rejected._native.native_decide.ax_1,
 cert_d6_k9_orbit_0005_rejected._native.native_decide.ax_1,
 cert_d6_k9_orbit_0006_rejected._native.native_decide.ax_1,
 cert_d6_k9_orbit_0007_rejected._native.native_decide.ax_1,
 cert_d6_k9_orbit_0008_rejected._native.native_decide.ax_1,
 cert_d6_k9_orbit_0009_rejected._native.native_decide.ax_1,
 cert_d6_k9_orbit_0010_rejected._native.native_decide.ax_1,
 cert_d6_k9_orbit_0011_rejected._native.native_decide.ax_1,
 cert_d6_k9_orbit_0012_rejected._native.native_decide.ax_1,
 cert_d6_k9_orbit_0013_rejected._native.native_decide.ax_1,
 cert_d6_k9_orbit_0014_rejected._native.native_decide.ax_1,
 cert_d6_k9_orbit_0015_rejected._native.native_decide.ax_1,
 cert_d6_k9_orbit_0016_rejected._native.native_decide.ax_1,
 cert_d6_k9_orbit_0017_rejected._native.native_decide.ax_1,
 cert_d6_k9_orbit_0018_rejected._native.native_decide.ax_1,
 cert_d6_k9_orbit_0019_rejected._native.native_decide.ax_1,
 cert_d6_k9_orbit_0020_rejected._native.native_decide.ax_1,
 cert_d6_k9_orbit_0021_rejected._native.native_decide.ax_1,
 cert_d6_k9_orbit_0022_rejected._native.native_decide.ax_1,
 cert_d6_k9_orbit_0023_rejected._native.native_decide.ax_1,
 cert_d6_k9_orbit_0024_rejected._native.native_decide.ax_1,
 cert_d6_k9_orbit_0025_rejected._native.native_decide.ax_1,
 cert_d6_k9_orbit_0026_rejected._native.native_decide.ax_1,
 cert_d6_k9_orbit_0027_rejected._native.native_decide.ax_1,
 cert_d6_k9_orbit_0028_rejected._native.native_decide.ax_1,
 cert_d6_k9_orbit_0029_rejected._native.native_decide.ax_1,
 cert_d6_k9_orbit_0030_rejected._native.native_decide.ax_1,
 cert_d6_k9_orbit_0031_rejected._native.native_decide.ax_1,
 cert_d6_k9_orbit_0032_rejected._native.native_decide.ax_1,
 cert_d6_k9_orbit_0033_rejected._native.native_decide.ax_1,
 cert_d6_k9_orbit_0034_rejected._native.native_decide.ax_1,
 cert_d6_k9_orbit_0035_rejected._native.native_decide.ax_1,
 cert_na_k6_orbit_0001_rejected._native.native_decide.ax_1,
 cert_na_k6_orbit_0002_rejected._native.native_decide.ax_1,
 cert_na_k6_orbit_0003_rejected._native.native_decide.ax_1,
 cert_na_k7_orbit_0001_rejected._native.native_decide.ax_1,
 cert_na_k7_orbit_0002_rejected._native.native_decide.ax_1,
 cert_na_k8_orbit_0001_rejected._native.native_decide.ax_1,
 cert_na_k8_orbit_0002_rejected._native.native_decide.ax_1,
 cert_na_k8_orbit_0003_rejected._native.native_decide.ax_1,
 cert_na_k8_orbit_0004_rejected._native.native_decide.ax_1,
 cert_na_k8_orbit_0005_rejected._native.native_decide.ax_1,
 cert_na_k8_orbit_0006_rejected._native.native_decide.ax_1,
 cert_na_k8_orbit_0007_rejected._native.native_decide.ax_1,
 cert_na_k8_orbit_0008_rejected._native.native_decide.ax_1,
 cert_na_k8_orbit_0009_rejected._native.native_decide.ax_1,
 cert_na_k8_orbit_0010_rejected._native.native_decide.ax_1,
 cert_na_k8_orbit_0011_rejected._native.native_decide.ax_1,
 cert_na_k8_orbit_0012_rejected._native.native_decide.ax_1,
 cert_na_k8_orbit_0013_rejected._native.native_decide.ax_1,
 cert_na_k8_orbit_0014_rejected._native.native_decide.ax_1,
 cert_na_k8_orbit_0015_rejected._native.native_decide.ax_1,
 cert_na_k8_orbit_0016_rejected._native.native_decide.ax_1,
 cert_na_k8_orbit_0017_rejected._native.native_decide.ax_1,
 cert_na_k8_orbit_0018_rejected._native.native_decide.ax_1,
 cert_na_k8_orbit_0019_rejected._native.native_decide.ax_1,
 cert_na_k8_orbit_0020_rejected._native.native_decide.ax_1,
 cert_na_k8_orbit_0021_rejected._native.native_decide.ax_1,
 cert_na_k8_orbit_0022_rejected._native.native_decide.ax_1,
 cert_na_k9_orbit_0001_rejected._native.native_decide.ax_1,
 cert_na_k9_orbit_0002_rejected._native.native_decide.ax_1,
 cert_na_k9_orbit_0003_rejected._native.native_decide.ax_1,
 cert_na_k9_orbit_0004_rejected._native.native_decide.ax_1,
 cert_na_k9_orbit_0005_rejected._native.native_decide.ax_1,
 cert_na_k9_orbit_0006_rejected._native.native_decide.ax_1,
 cert_na_k9_orbit_0007_rejected._native.native_decide.ax_1,
 cert_na_k9_orbit_0008_rejected._native.native_decide.ax_1,
 cert_na_k9_orbit_0009_rejected._native.native_decide.ax_1,
 cert_na_k9_orbit_0010_rejected._native.native_decide.ax_1,
 cert_na_k9_orbit_0011_rejected._native.native_decide.ax_1,
 cert_na_k9_orbit_0012_rejected._native.native_decide.ax_1,
 cert_na_k9_orbit_0013_rejected._native.native_decide.ax_1,
 cert_na_k9_orbit_0014_rejected._native.native_decide.ax_1,
 cert_na_k9_orbit_0015_rejected._native.native_decide.ax_1,
 cert_na_k9_orbit_0016_rejected._native.native_decide.ax_1,
 cert_na_k9_orbit_0017_rejected._native.native_decide.ax_1,
 cert_na_k9_orbit_0018_rejected._native.native_decide.ax_1,
 cert_na_k9_orbit_0019_rejected._native.native_decide.ax_1,
 cert_na_k9_orbit_0020_rejected._native.native_decide.ax_1,
 cert_na_k9_orbit_0021_rejected._native.native_decide.ax_1,
 cert_na_k9_orbit_0022_rejected._native.native_decide.ax_1,
 cert_na_k9_orbit_0023_rejected._native.native_decide.ax_1,
 cert_na_k9_orbit_0024_rejected._native.native_decide.ax_1,
 cert_na_k9_orbit_0025_rejected._native.native_decide.ax_1,
 cert_na_k9_orbit_0026_rejected._native.native_decide.ax_1,
 cert_na_k9_orbit_0027_rejected._native.native_decide.ax_1]
info: Math/ExcessTwoCertificatesAudit.lean:37:0: 'FiveBoundary.ExcessTwo.Generated.all_certificates_sound' depends on axioms: [propext,
 Classical.choice,
 Quot.sound,
 color_orbits_cover._native.native_decide.ax_1,
 cert_ad_k3_orbit_0001_rejected._native.native_decide.ax_1,
 cert_ad_k6_orbit_0001_rejected._native.native_decide.ax_1,
 cert_ad_k6_orbit_0002_rejected._native.native_decide.ax_1,
 cert_ad_k7_orbit_0001_rejected._native.native_decide.ax_1,
 cert_ad_k9_orbit_0001_rejected._native.native_decide.ax_1,
 cert_ad_k9_orbit_0002_rejected._native.native_decide.ax_1,
 cert_ad_k9_orbit_0003_rejected._native.native_decide.ax_1,
 cert_ad_k9_orbit_0004_rejected._native.native_decide.ax_1,
 cert_ad_k9_orbit_0005_rejected._native.native_decide.ax_1,
 cert_d6_k4_orbit_0001_rejected._native.native_decide.ax_1,
 cert_d6_k4_orbit_0002_rejected._native.native_decide.ax_1,
 cert_d6_k5_orbit_0001_rejected._native.native_decide.ax_1,
 cert_d6_k5_orbit_0002_rejected._native.native_decide.ax_1,
 cert_d6_k5_orbit_0003_rejected._native.native_decide.ax_1,
 cert_d6_k5_orbit_0004_rejected._native.native_decide.ax_1,
 cert_d6_k5_orbit_0005_rejected._native.native_decide.ax_1,
 cert_d6_k5_orbit_0006_rejected._native.native_decide.ax_1,
 cert_d6_k5_orbit_0007_rejected._native.native_decide.ax_1,
 cert_d6_k5_orbit_0008_rejected._native.native_decide.ax_1,
 cert_d6_k5_orbit_0009_rejected._native.native_decide.ax_1,
 cert_d6_k6_orbit_0001_rejected._native.native_decide.ax_1,
 cert_d6_k6_orbit_0002_rejected._native.native_decide.ax_1,
 cert_d6_k6_orbit_0003_rejected._native.native_decide.ax_1,
 cert_d6_k6_orbit_0004_rejected._native.native_decide.ax_1,
 cert_d6_k7_orbit_0001_rejected._native.native_decide.ax_1,
 cert_d6_k7_orbit_0002_rejected._native.native_decide.ax_1,
 cert_d6_k7_orbit_0003_rejected._native.native_decide.ax_1,
 cert_d6_k7_orbit_0004_rejected._native.native_decide.ax_1,
 cert_d6_k7_orbit_0005_rejected._native.native_decide.ax_1,
 cert_d6_k7_orbit_0006_rejected._native.native_decide.ax_1,
 cert_d6_k7_orbit_0007_rejected._native.native_decide.ax_1,
 cert_d6_k7_orbit_0008_rejected._native.native_decide.ax_1,
 cert_d6_k7_orbit_0009_rejected._native.native_decide.ax_1,
 cert_d6_k7_orbit_0010_rejected._native.native_decide.ax_1,
 cert_d6_k7_orbit_0011_rejected._native.native_decide.ax_1,
 cert_d6_k7_orbit_0012_rejected._native.native_decide.ax_1,
 cert_d6_k7_orbit_0013_rejected._native.native_decide.ax_1,
 cert_d6_k7_orbit_0014_rejected._native.native_decide.ax_1,
 cert_d6_k7_orbit_0015_rejected._native.native_decide.ax_1,
 cert_d6_k7_orbit_0016_rejected._native.native_decide.ax_1,
 cert_d6_k7_orbit_0017_rejected._native.native_decide.ax_1,
 cert_d6_k7_orbit_0018_rejected._native.native_decide.ax_1,
 cert_d6_k7_orbit_0019_rejected._native.native_decide.ax_1,
 cert_d6_k7_orbit_0020_rejected._native.native_decide.ax_1,
 cert_d6_k7_orbit_0021_rejected._native.native_decide.ax_1,
 cert_d6_k7_orbit_0022_rejected._native.native_decide.ax_1,
 cert_d6_k7_orbit_0023_rejected._native.native_decide.ax_1,
 cert_d6_k7_orbit_0024_rejected._native.native_decide.ax_1,
 cert_d6_k7_orbit_0025_rejected._native.native_decide.ax_1,
 cert_d6_k8_orbit_0001_rejected._native.native_decide.ax_1,
 cert_d6_k8_orbit_0002_rejected._native.native_decide.ax_1,
 cert_d6_k8_orbit_0003_rejected._native.native_decide.ax_1,
 cert_d6_k8_orbit_0004_rejected._native.native_decide.ax_1,
 cert_d6_k8_orbit_0005_rejected._native.native_decide.ax_1,
 cert_d6_k8_orbit_0006_rejected._native.native_decide.ax_1,
 cert_d6_k8_orbit_0007_rejected._native.native_decide.ax_1,
 cert_d6_k8_orbit_0008_rejected._native.native_decide.ax_1,
 cert_d6_k8_orbit_0009_rejected._native.native_decide.ax_1,
 cert_d6_k8_orbit_0010_rejected._native.native_decide.ax_1,
 cert_d6_k8_orbit_0011_rejected._native.native_decide.ax_1,
 cert_d6_k8_orbit_0012_rejected._native.native_decide.ax_1,
 cert_d6_k8_orbit_0013_rejected._native.native_decide.ax_1,
 cert_d6_k8_orbit_0014_rejected._native.native_decide.ax_1,
 cert_d6_k8_orbit_0015_rejected._native.native_decide.ax_1,
 cert_d6_k8_orbit_0016_rejected._native.native_decide.ax_1,
 cert_d6_k8_orbit_0017_rejected._native.native_decide.ax_1,
 cert_d6_k8_orbit_0018_rejected._native.native_decide.ax_1,
 cert_d6_k8_orbit_0019_rejected._native.native_decide.ax_1,
 cert_d6_k8_orbit_0020_rejected._native.native_decide.ax_1,
 cert_d6_k8_orbit_0021_rejected._native.native_decide.ax_1,
 cert_d6_k8_orbit_0022_rejected._native.native_decide.ax_1,
 cert_d6_k8_orbit_0023_rejected._native.native_decide.ax_1,
 cert_d6_k8_orbit_0024_rejected._native.native_decide.ax_1,
 cert_d6_k8_orbit_0025_rejected._native.native_decide.ax_1,
 cert_d6_k8_orbit_0026_rejected._native.native_decide.ax_1,
 cert_d6_k8_orbit_0027_rejected._native.native_decide.ax_1,
 cert_d6_k8_orbit_0028_rejected._native.native_decide.ax_1,
 cert_d6_k8_orbit_0029_rejected._native.native_decide.ax_1,
 cert_d6_k8_orbit_0030_rejected._native.native_decide.ax_1,
 cert_d6_k8_orbit_0031_rejected._native.native_decide.ax_1,
 cert_d6_k8_orbit_0032_rejected._native.native_decide.ax_1,
 cert_d6_k8_orbit_0033_rejected._native.native_decide.ax_1,
 cert_d6_k8_orbit_0034_rejected._native.native_decide.ax_1,
 cert_d6_k8_orbit_0035_rejected._native.native_decide.ax_1,
 cert_d6_k8_orbit_0036_rejected._native.native_decide.ax_1,
 cert_d6_k8_orbit_0037_rejected._native.native_decide.ax_1,
 cert_d6_k8_orbit_0038_rejected._native.native_decide.ax_1,
 cert_d6_k8_orbit_0039_rejected._native.native_decide.ax_1,
 cert_d6_k8_orbit_0040_rejected._native.native_decide.ax_1,
 cert_d6_k8_orbit_0041_rejected._native.native_decide.ax_1,
 cert_d6_k9_orbit_0001_rejected._native.native_decide.ax_1,
 cert_d6_k9_orbit_0002_rejected._native.native_decide.ax_1,
 cert_d6_k9_orbit_0003_rejected._native.native_decide.ax_1,
 cert_d6_k9_orbit_0004_rejected._native.native_decide.ax_1,
 cert_d6_k9_orbit_0005_rejected._native.native_decide.ax_1,
 cert_d6_k9_orbit_0006_rejected._native.native_decide.ax_1,
 cert_d6_k9_orbit_0007_rejected._native.native_decide.ax_1,
 cert_d6_k9_orbit_0008_rejected._native.native_decide.ax_1,
 cert_d6_k9_orbit_0009_rejected._native.native_decide.ax_1,
 cert_d6_k9_orbit_0010_rejected._native.native_decide.ax_1,
 cert_d6_k9_orbit_0011_rejected._native.native_decide.ax_1,
 cert_d6_k9_orbit_0012_rejected._native.native_decide.ax_1,
 cert_d6_k9_orbit_0013_rejected._native.native_decide.ax_1,
 cert_d6_k9_orbit_0014_rejected._native.native_decide.ax_1,
 cert_d6_k9_orbit_0015_rejected._native.native_decide.ax_1,
 cert_d6_k9_orbit_0016_rejected._native.native_decide.ax_1,
 cert_d6_k9_orbit_0017_rejected._native.native_decide.ax_1,
 cert_d6_k9_orbit_0018_rejected._native.native_decide.ax_1,
 cert_d6_k9_orbit_0019_rejected._native.native_decide.ax_1,
 cert_d6_k9_orbit_0020_rejected._native.native_decide.ax_1,
 cert_d6_k9_orbit_0021_rejected._native.native_decide.ax_1,
 cert_d6_k9_orbit_0022_rejected._native.native_decide.ax_1,
 cert_d6_k9_orbit_0023_rejected._native.native_decide.ax_1,
 cert_d6_k9_orbit_0024_rejected._native.native_decide.ax_1,
 cert_d6_k9_orbit_0025_rejected._native.native_decide.ax_1,
 cert_d6_k9_orbit_0026_rejected._native.native_decide.ax_1,
 cert_d6_k9_orbit_0027_rejected._native.native_decide.ax_1,
 cert_d6_k9_orbit_0028_rejected._native.native_decide.ax_1,
 cert_d6_k9_orbit_0029_rejected._native.native_decide.ax_1,
 cert_d6_k9_orbit_0030_rejected._native.native_decide.ax_1,
 cert_d6_k9_orbit_0031_rejected._native.native_decide.ax_1,
 cert_d6_k9_orbit_0032_rejected._native.native_decide.ax_1,
 cert_d6_k9_orbit_0033_rejected._native.native_decide.ax_1,
 cert_d6_k9_orbit_0034_rejected._native.native_decide.ax_1,
 cert_d6_k9_orbit_0035_rejected._native.native_decide.ax_1,
 cert_na_k6_orbit_0001_rejected._native.native_decide.ax_1,
 cert_na_k6_orbit_0002_rejected._native.native_decide.ax_1,
 cert_na_k6_orbit_0003_rejected._native.native_decide.ax_1,
 cert_na_k7_orbit_0001_rejected._native.native_decide.ax_1,
 cert_na_k7_orbit_0002_rejected._native.native_decide.ax_1,
 cert_na_k8_orbit_0001_rejected._native.native_decide.ax_1,
 cert_na_k8_orbit_0002_rejected._native.native_decide.ax_1,
 cert_na_k8_orbit_0003_rejected._native.native_decide.ax_1,
 cert_na_k8_orbit_0004_rejected._native.native_decide.ax_1,
 cert_na_k8_orbit_0005_rejected._native.native_decide.ax_1,
 cert_na_k8_orbit_0006_rejected._native.native_decide.ax_1,
 cert_na_k8_orbit_0007_rejected._native.native_decide.ax_1,
 cert_na_k8_orbit_0008_rejected._native.native_decide.ax_1,
 cert_na_k8_orbit_0009_rejected._native.native_decide.ax_1,
 cert_na_k8_orbit_0010_rejected._native.native_decide.ax_1,
 cert_na_k8_orbit_0011_rejected._native.native_decide.ax_1,
 cert_na_k8_orbit_0012_rejected._native.native_decide.ax_1,
 cert_na_k8_orbit_0013_rejected._native.native_decide.ax_1,
 cert_na_k8_orbit_0014_rejected._native.native_decide.ax_1,
 cert_na_k8_orbit_0015_rejected._native.native_decide.ax_1,
 cert_na_k8_orbit_0016_rejected._native.native_decide.ax_1,
 cert_na_k8_orbit_0017_rejected._native.native_decide.ax_1,
 cert_na_k8_orbit_0018_rejected._native.native_decide.ax_1,
 cert_na_k8_orbit_0019_rejected._native.native_decide.ax_1,
 cert_na_k8_orbit_0020_rejected._native.native_decide.ax_1,
 cert_na_k8_orbit_0021_rejected._native.native_decide.ax_1,
 cert_na_k8_orbit_0022_rejected._native.native_decide.ax_1,
 cert_na_k9_orbit_0001_rejected._native.native_decide.ax_1,
 cert_na_k9_orbit_0002_rejected._native.native_decide.ax_1,
 cert_na_k9_orbit_0003_rejected._native.native_decide.ax_1,
 cert_na_k9_orbit_0004_rejected._native.native_decide.ax_1,
 cert_na_k9_orbit_0005_rejected._native.native_decide.ax_1,
 cert_na_k9_orbit_0006_rejected._native.native_decide.ax_1,
 cert_na_k9_orbit_0007_rejected._native.native_decide.ax_1,
 cert_na_k9_orbit_0008_rejected._native.native_decide.ax_1,
 cert_na_k9_orbit_0009_rejected._native.native_decide.ax_1,
 cert_na_k9_orbit_0010_rejected._native.native_decide.ax_1,
 cert_na_k9_orbit_0011_rejected._native.native_decide.ax_1,
 cert_na_k9_orbit_0012_rejected._native.native_decide.ax_1,
 cert_na_k9_orbit_0013_rejected._native.native_decide.ax_1,
 cert_na_k9_orbit_0014_rejected._native.native_decide.ax_1,
 cert_na_k9_orbit_0015_rejected._native.native_decide.ax_1,
 cert_na_k9_orbit_0016_rejected._native.native_decide.ax_1,
 cert_na_k9_orbit_0017_rejected._native.native_decide.ax_1,
 cert_na_k9_orbit_0018_rejected._native.native_decide.ax_1,
 cert_na_k9_orbit_0019_rejected._native.native_decide.ax_1,
 cert_na_k9_orbit_0020_rejected._native.native_decide.ax_1,
 cert_na_k9_orbit_0021_rejected._native.native_decide.ax_1,
 cert_na_k9_orbit_0022_rejected._native.native_decide.ax_1,
 cert_na_k9_orbit_0023_rejected._native.native_decide.ax_1,
 cert_na_k9_orbit_0024_rejected._native.native_decide.ax_1,
 cert_na_k9_orbit_0025_rejected._native.native_decide.ax_1,
 cert_na_k9_orbit_0026_rejected._native.native_decide.ax_1,
 cert_na_k9_orbit_0027_rejected._native.native_decide.ax_1]
info: Math/ExcessTwoCertificatesAudit.lean:39:0: 'FiveBoundary.ExcessTwo.Generated.cert_ad_k3_orbit_0001_positive' depends on axioms: [propext,
 Classical.choice,
 Quot.sound]
info: Math/ExcessTwoCertificatesAudit.lean:40:0: 'FiveBoundary.ExcessTwo.Generated.cert_ad_k3_orbit_0001_rejected' depends on axioms: [propext,
 Classical.choice,
 Quot.sound,
 cert_ad_k3_orbit_0001_rejected._native.native_decide.ax_1]
info: Math/ExcessTwoCertificatesAudit.lean:41:0: 'FiveBoundary.ExcessTwo.Generated.cert_ad_k3_orbit_0001_valid' depends on axioms: [propext,
 Classical.choice,
 Quot.sound,
 cert_ad_k3_orbit_0001_rejected._native.native_decide.ax_1]
info: Math/ExcessTwoCertificatesAudit.lean:42:0: 'FiveBoundary.ExcessTwo.Generated.cert_ad_k6_orbit_0001_positive' depends on axioms: [propext,
 Classical.choice,
 Quot.sound]
info: Math/ExcessTwoCertificatesAudit.lean:43:0: 'FiveBoundary.ExcessTwo.Generated.cert_ad_k6_orbit_0001_rejected' depends on axioms: [propext,
 Classical.choice,
 Quot.sound,
 cert_ad_k6_orbit_0001_rejected._native.native_decide.ax_1]
info: Math/ExcessTwoCertificatesAudit.lean:44:0: 'FiveBoundary.ExcessTwo.Generated.cert_ad_k6_orbit_0001_valid' depends on axioms: [propext,
 Classical.choice,
 Quot.sound,
 cert_ad_k6_orbit_0001_rejected._native.native_decide.ax_1]
info: Math/ExcessTwoCertificatesAudit.lean:45:0: 'FiveBoundary.ExcessTwo.Generated.cert_ad_k6_orbit_0002_positive' depends on axioms: [propext,
 Classical.choice,
 Quot.sound]
info: Math/ExcessTwoCertificatesAudit.lean:46:0: 'FiveBoundary.ExcessTwo.Generated.cert_ad_k6_orbit_0002_rejected' depends on axioms: [propext,
 Classical.choice,
 Quot.sound,
 cert_ad_k6_orbit_0002_rejected._native.native_decide.ax_1]
info: Math/ExcessTwoCertificatesAudit.lean:47:0: 'FiveBoundary.ExcessTwo.Generated.cert_ad_k6_orbit_0002_valid' depends on axioms: [propext,
 Classical.choice,
 Quot.sound,
 cert_ad_k6_orbit_0002_rejected._native.native_decide.ax_1]
info: Math/ExcessTwoCertificatesAudit.lean:48:0: 'FiveBoundary.ExcessTwo.Generated.cert_ad_k7_orbit_0001_positive' depends on axioms: [propext,
 Classical.choice,
 Quot.sound]
info: Math/ExcessTwoCertificatesAudit.lean:49:0: 'FiveBoundary.ExcessTwo.Generated.cert_ad_k7_orbit_0001_rejected' depends on axioms: [propext,
 Classical.choice,
 Quot.sound,
 cert_ad_k7_orbit_0001_rejected._native.native_decide.ax_1]
info: Math/ExcessTwoCertificatesAudit.lean:50:0: 'FiveBoundary.ExcessTwo.Generated.cert_ad_k7_orbit_0001_valid' depends on axioms: [propext,
 Classical.choice,
 Quot.sound,
 cert_ad_k7_orbit_0001_rejected._native.native_decide.ax_1]
info: Math/ExcessTwoCertificatesAudit.lean:51:0: 'FiveBoundary.ExcessTwo.Generated.cert_ad_k9_orbit_0001_positive' depends on axioms: [propext,
 Classical.choice,
 Quot.sound]
info: Math/ExcessTwoCertificatesAudit.lean:52:0: 'FiveBoundary.ExcessTwo.Generated.cert_ad_k9_orbit_0001_rejected' depends on axioms: [propext,
 Classical.choice,
 Quot.sound,
 cert_ad_k9_orbit_0001_rejected._native.native_decide.ax_1]
info: Math/ExcessTwoCertificatesAudit.lean:53:0: 'FiveBoundary.ExcessTwo.Generated.cert_ad_k9_orbit_0001_valid' depends on axioms: [propext,
 Classical.choice,
 Quot.sound,
 cert_ad_k9_orbit_0001_rejected._native.native_decide.ax_1]
info: Math/ExcessTwoCertificatesAudit.lean:54:0: 'FiveBoundary.ExcessTwo.Generated.cert_ad_k9_orbit_0002_positive' depends on axioms: [propext,
 Classical.choice,
 Quot.sound]
info: Math/ExcessTwoCertificatesAudit.lean:55:0: 'FiveBoundary.ExcessTwo.Generated.cert_ad_k9_orbit_0002_rejected' depends on axioms: [propext,
 Classical.choice,
 Quot.sound,
 cert_ad_k9_orbit_0002_rejected._native.native_decide.ax_1]
info: Math/ExcessTwoCertificatesAudit.lean:56:0: 'FiveBoundary.ExcessTwo.Generated.cert_ad_k9_orbit_0002_valid' depends on axioms: [propext,
 Classical.choice,
 Quot.sound,
 cert_ad_k9_orbit_0002_rejected._native.native_decide.ax_1]
info: Math/ExcessTwoCertificatesAudit.lean:57:0: 'FiveBoundary.ExcessTwo.Generated.cert_ad_k9_orbit_0003_positive' depends on axioms: [propext,
 Classical.choice,
 Quot.sound]
info: Math/ExcessTwoCertificatesAudit.lean:58:0: 'FiveBoundary.ExcessTwo.Generated.cert_ad_k9_orbit_0003_rejected' depends on axioms: [propext,
 Classical.choice,
 Quot.sound,
 cert_ad_k9_orbit_0003_rejected._native.native_decide.ax_1]
info: Math/ExcessTwoCertificatesAudit.lean:59:0: 'FiveBoundary.ExcessTwo.Generated.cert_ad_k9_orbit_0003_valid' depends on axioms: [propext,
 Classical.choice,
 Quot.sound,
 cert_ad_k9_orbit_0003_rejected._native.native_decide.ax_1]
info: Math/ExcessTwoCertificatesAudit.lean:60:0: 'FiveBoundary.ExcessTwo.Generated.cert_ad_k9_orbit_0004_positive' depends on axioms: [propext,
 Classical.choice,
 Quot.sound]
info: Math/ExcessTwoCertificatesAudit.lean:61:0: 'FiveBoundary.ExcessTwo.Generated.cert_ad_k9_orbit_0004_rejected' depends on axioms: [propext,
 Classical.choice,
 Quot.sound,
 cert_ad_k9_orbit_0004_rejected._native.native_decide.ax_1]
info: Math/ExcessTwoCertificatesAudit.lean:62:0: 'FiveBoundary.ExcessTwo.Generated.cert_ad_k9_orbit_0004_valid' depends on axioms: [propext,
 Classical.choice,
 Quot.sound,
 cert_ad_k9_orbit_0004_rejected._native.native_decide.ax_1]
info: Math/ExcessTwoCertificatesAudit.lean:63:0: 'FiveBoundary.ExcessTwo.Generated.cert_ad_k9_orbit_0005_positive' depends on axioms: [propext,
 Classical.choice,
 Quot.sound]
info: Math/ExcessTwoCertificatesAudit.lean:64:0: 'FiveBoundary.ExcessTwo.Generated.cert_ad_k9_orbit_0005_rejected' depends on axioms: [propext,
 Classical.choice,
 Quot.sound,
 cert_ad_k9_orbit_0005_rejected._native.native_decide.ax_1]
info: Math/ExcessTwoCertificatesAudit.lean:65:0: 'FiveBoundary.ExcessTwo.Generated.cert_ad_k9_orbit_0005_valid' depends on axioms: [propext,
 Classical.choice,
 Quot.sound,
 cert_ad_k9_orbit_0005_rejected._native.native_decide.ax_1]
info: Math/ExcessTwoCertificatesAudit.lean:66:0: 'FiveBoundary.ExcessTwo.Generated.cert_d6_k4_orbit_0001_positive' depends on axioms: [propext,
 Classical.choice,
 Quot.sound]
info: Math/ExcessTwoCertificatesAudit.lean:67:0: 'FiveBoundary.ExcessTwo.Generated.cert_d6_k4_orbit_0001_rejected' depends on axioms: [propext,
 Classical.choice,
 Quot.sound,
 cert_d6_k4_orbit_0001_rejected._native.native_decide.ax_1]
info: Math/ExcessTwoCertificatesAudit.lean:68:0: 'FiveBoundary.ExcessTwo.Generated.cert_d6_k4_orbit_0001_valid' depends on axioms: [propext,
 Classical.choice,
 Quot.sound,
 cert_d6_k4_orbit_0001_rejected._native.native_decide.ax_1]
info: Math/ExcessTwoCertificatesAudit.lean:69:0: 'FiveBoundary.ExcessTwo.Generated.cert_d6_k4_orbit_0002_positive' depends on axioms: [propext,
 Classical.choice,
 Quot.sound]
info: Math/ExcessTwoCertificatesAudit.lean:70:0: 'FiveBoundary.ExcessTwo.Generated.cert_d6_k4_orbit_0002_rejected' depends on axioms: [propext,
 Classical.choice,
 Quot.sound,
 cert_d6_k4_orbit_0002_rejected._native.native_decide.ax_1]
info: Math/ExcessTwoCertificatesAudit.lean:71:0: 'FiveBoundary.ExcessTwo.Generated.cert_d6_k4_orbit_0002_valid' depends on axioms: [propext,
 Classical.choice,
 Quot.sound,
 cert_d6_k4_orbit_0002_rejected._native.native_decide.ax_1]
info: Math/ExcessTwoCertificatesAudit.lean:72:0: 'FiveBoundary.ExcessTwo.Generated.cert_d6_k5_orbit_0001_positive' depends on axioms: [propext,
 Classical.choice,
 Quot.sound]
info: Math/ExcessTwoCertificatesAudit.lean:73:0: 'FiveBoundary.ExcessTwo.Generated.cert_d6_k5_orbit_0001_rejected' depends on axioms: [propext,
 Classical.choice,
 Quot.sound,
 cert_d6_k5_orbit_0001_rejected._native.native_decide.ax_1]
info: Math/ExcessTwoCertificatesAudit.lean:74:0: 'FiveBoundary.ExcessTwo.Generated.cert_d6_k5_orbit_0001_valid' depends on axioms: [propext,
 Classical.choice,
 Quot.sound,
 cert_d6_k5_orbit_0001_rejected._native.native_decide.ax_1]
info: Math/ExcessTwoCertificatesAudit.lean:75:0: 'FiveBoundary.ExcessTwo.Generated.cert_d6_k5_orbit_0002_positive' depends on axioms: [propext,
 Classical.choice,
 Quot.sound]
info: Math/ExcessTwoCertificatesAudit.lean:76:0: 'FiveBoundary.ExcessTwo.Generated.cert_d6_k5_orbit_0002_rejected' depends on axioms: [propext,
 Classical.choice,
 Quot.sound,
 cert_d6_k5_orbit_0002_rejected._native.native_decide.ax_1]
info: Math/ExcessTwoCertificatesAudit.lean:77:0: 'FiveBoundary.ExcessTwo.Generated.cert_d6_k5_orbit_0002_valid' depends on axioms: [propext,
 Classical.choice,
 Quot.sound,
 cert_d6_k5_orbit_0002_rejected._native.native_decide.ax_1]
info: Math/ExcessTwoCertificatesAudit.lean:78:0: 'FiveBoundary.ExcessTwo.Generated.cert_d6_k5_orbit_0003_positive' depends on axioms: [propext,
 Classical.choice,
 Quot.sound]
info: Math/ExcessTwoCertificatesAudit.lean:79:0: 'FiveBoundary.ExcessTwo.Generated.cert_d6_k5_orbit_0003_rejected' depends on axioms: [propext,
 Classical.choice,
 Quot.sound,
 cert_d6_k5_orbit_0003_rejected._native.native_decide.ax_1]
info: Math/ExcessTwoCertificatesAudit.lean:80:0: 'FiveBoundary.ExcessTwo.Generated.cert_d6_k5_orbit_0003_valid' depends on axioms: [propext,
 Classical.choice,
 Quot.sound,
 cert_d6_k5_orbit_0003_rejected._native.native_decide.ax_1]
info: Math/ExcessTwoCertificatesAudit.lean:81:0: 'FiveBoundary.ExcessTwo.Generated.cert_d6_k5_orbit_0004_positive' depends on axioms: [propext,
 Classical.choice,
 Quot.sound]
info: Math/ExcessTwoCertificatesAudit.lean:82:0: 'FiveBoundary.ExcessTwo.Generated.cert_d6_k5_orbit_0004_rejected' depends on axioms: [propext,
 Classical.choice,
 Quot.sound,
 cert_d6_k5_orbit_0004_rejected._native.native_decide.ax_1]
info: Math/ExcessTwoCertificatesAudit.lean:83:0: 'FiveBoundary.ExcessTwo.Generated.cert_d6_k5_orbit_0004_valid' depends on axioms: [propext,
 Classical.choice,
 Quot.sound,
 cert_d6_k5_orbit_0004_rejected._native.native_decide.ax_1]
info: Math/ExcessTwoCertificatesAudit.lean:84:0: 'FiveBoundary.ExcessTwo.Generated.cert_d6_k5_orbit_0005_positive' depends on axioms: [propext,
 Classical.choice,
 Quot.sound]
info: Math/ExcessTwoCertificatesAudit.lean:85:0: 'FiveBoundary.ExcessTwo.Generated.cert_d6_k5_orbit_0005_rejected' depends on axioms: [propext,
 Classical.choice,
 Quot.sound,
 cert_d6_k5_orbit_0005_rejected._native.native_decide.ax_1]
info: Math/ExcessTwoCertificatesAudit.lean:86:0: 'FiveBoundary.ExcessTwo.Generated.cert_d6_k5_orbit_0005_valid' depends on axioms: [propext,
 Classical.choice,
 Quot.sound,
 cert_d6_k5_orbit_0005_rejected._native.native_decide.ax_1]
info: Math/ExcessTwoCertificatesAudit.lean:87:0: 'FiveBoundary.ExcessTwo.Generated.cert_d6_k5_orbit_0006_positive' depends on axioms: [propext,
 Classical.choice,
 Quot.sound]
info: Math/ExcessTwoCertificatesAudit.lean:88:0: 'FiveBoundary.ExcessTwo.Generated.cert_d6_k5_orbit_0006_rejected' depends on axioms: [propext,
 Classical.choice,
 Quot.sound,
 cert_d6_k5_orbit_0006_rejected._native.native_decide.ax_1]
info: Math/ExcessTwoCertificatesAudit.lean:89:0: 'FiveBoundary.ExcessTwo.Generated.cert_d6_k5_orbit_0006_valid' depends on axioms: [propext,
 Classical.choice,
 Quot.sound,
 cert_d6_k5_orbit_0006_rejected._native.native_decide.ax_1]
info: Math/ExcessTwoCertificatesAudit.lean:90:0: 'FiveBoundary.ExcessTwo.Generated.cert_d6_k5_orbit_0007_positive' depends on axioms: [propext,
 Classical.choice,
 Quot.sound]
info: Math/ExcessTwoCertificatesAudit.lean:91:0: 'FiveBoundary.ExcessTwo.Generated.cert_d6_k5_orbit_0007_rejected' depends on axioms: [propext,
 Classical.choice,
 Quot.sound,
 cert_d6_k5_orbit_0007_rejected._native.native_decide.ax_1]
info: Math/ExcessTwoCertificatesAudit.lean:92:0: 'FiveBoundary.ExcessTwo.Generated.cert_d6_k5_orbit_0007_valid' depends on axioms: [propext,
 Classical.choice,
 Quot.sound,
 cert_d6_k5_orbit_0007_rejected._native.native_decide.ax_1]
info: Math/ExcessTwoCertificatesAudit.lean:93:0: 'FiveBoundary.ExcessTwo.Generated.cert_d6_k5_orbit_0008_positive' depends on axioms: [propext,
 Classical.choice,
 Quot.sound]
info: Math/ExcessTwoCertificatesAudit.lean:94:0: 'FiveBoundary.ExcessTwo.Generated.cert_d6_k5_orbit_0008_rejected' depends on axioms: [propext,
 Classical.choice,
 Quot.sound,
 cert_d6_k5_orbit_0008_rejected._native.native_decide.ax_1]
info: Math/ExcessTwoCertificatesAudit.lean:95:0: 'FiveBoundary.ExcessTwo.Generated.cert_d6_k5_orbit_0008_valid' depends on axioms: [propext,
 Classical.choice,
 Quot.sound,
 cert_d6_k5_orbit_0008_rejected._native.native_decide.ax_1]
info: Math/ExcessTwoCertificatesAudit.lean:96:0: 'FiveBoundary.ExcessTwo.Generated.cert_d6_k5_orbit_0009_positive' depends on axioms: [propext,
 Classical.choice,
 Quot.sound]
info: Math/ExcessTwoCertificatesAudit.lean:97:0: 'FiveBoundary.ExcessTwo.Generated.cert_d6_k5_orbit_0009_rejected' depends on axioms: [propext,
 Classical.choice,
 Quot.sound,
 cert_d6_k5_orbit_0009_rejected._native.native_decide.ax_1]
info: Math/ExcessTwoCertificatesAudit.lean:98:0: 'FiveBoundary.ExcessTwo.Generated.cert_d6_k5_orbit_0009_valid' depends on axioms: [propext,
 Classical.choice,
 Quot.sound,
 cert_d6_k5_orbit_0009_rejected._native.native_decide.ax_1]
info: Math/ExcessTwoCertificatesAudit.lean:99:0: 'FiveBoundary.ExcessTwo.Generated.cert_d6_k6_orbit_0001_positive' depends on axioms: [propext,
 Classical.choice,
 Quot.sound]
info: Math/ExcessTwoCertificatesAudit.lean:100:0: 'FiveBoundary.ExcessTwo.Generated.cert_d6_k6_orbit_0001_rejected' depends on axioms: [propext,
 Classical.choice,
 Quot.sound,
 cert_d6_k6_orbit_0001_rejected._native.native_decide.ax_1]
info: Math/ExcessTwoCertificatesAudit.lean:101:0: 'FiveBoundary.ExcessTwo.Generated.cert_d6_k6_orbit_0001_valid' depends on axioms: [propext,
 Classical.choice,
 Quot.sound,
 cert_d6_k6_orbit_0001_rejected._native.native_decide.ax_1]
info: Math/ExcessTwoCertificatesAudit.lean:102:0: 'FiveBoundary.ExcessTwo.Generated.cert_d6_k6_orbit_0002_positive' depends on axioms: [propext,
 Classical.choice,
 Quot.sound]
info: Math/ExcessTwoCertificatesAudit.lean:103:0: 'FiveBoundary.ExcessTwo.Generated.cert_d6_k6_orbit_0002_rejected' depends on axioms: [propext,
 Classical.choice,
 Quot.sound,
 cert_d6_k6_orbit_0002_rejected._native.native_decide.ax_1]
info: Math/ExcessTwoCertificatesAudit.lean:104:0: 'FiveBoundary.ExcessTwo.Generated.cert_d6_k6_orbit_0002_valid' depends on axioms: [propext,
 Classical.choice,
 Quot.sound,
 cert_d6_k6_orbit_0002_rejected._native.native_decide.ax_1]
info: Math/ExcessTwoCertificatesAudit.lean:105:0: 'FiveBoundary.ExcessTwo.Generated.cert_d6_k6_orbit_0003_positive' depends on axioms: [propext,
 Classical.choice,
 Quot.sound]
info: Math/ExcessTwoCertificatesAudit.lean:106:0: 'FiveBoundary.ExcessTwo.Generated.cert_d6_k6_orbit_0003_rejected' depends on axioms: [propext,
 Classical.choice,
 Quot.sound,
 cert_d6_k6_orbit_0003_rejected._native.native_decide.ax_1]
info: Math/ExcessTwoCertificatesAudit.lean:107:0: 'FiveBoundary.ExcessTwo.Generated.cert_d6_k6_orbit_0003_valid' depends on axioms: [propext,
 Classical.choice,
 Quot.sound,
 cert_d6_k6_orbit_0003_rejected._native.native_decide.ax_1]
info: Math/ExcessTwoCertificatesAudit.lean:108:0: 'FiveBoundary.ExcessTwo.Generated.cert_d6_k6_orbit_0004_positive' depends on axioms: [propext,
 Classical.choice,
 Quot.sound]
info: Math/ExcessTwoCertificatesAudit.lean:109:0: 'FiveBoundary.ExcessTwo.Generated.cert_d6_k6_orbit_0004_rejected' depends on axioms: [propext,
 Classical.choice,
 Quot.sound,
 cert_d6_k6_orbit_0004_rejected._native.native_decide.ax_1]
info: Math/ExcessTwoCertificatesAudit.lean:110:0: 'FiveBoundary.ExcessTwo.Generated.cert_d6_k6_orbit_0004_valid' depends on axioms: [propext,
 Classical.choice,
 Quot.sound,
 cert_d6_k6_orbit_0004_rejected._native.native_decide.ax_1]
info: Math/ExcessTwoCertificatesAudit.lean:111:0: 'FiveBoundary.ExcessTwo.Generated.cert_d6_k7_orbit_0001_positive' depends on axioms: [propext,
 Classical.choice,
 Quot.sound]
info: Math/ExcessTwoCertificatesAudit.lean:112:0: 'FiveBoundary.ExcessTwo.Generated.cert_d6_k7_orbit_0001_rejected' depends on axioms: [propext,
 Classical.choice,
 Quot.sound,
 cert_d6_k7_orbit_0001_rejected._native.native_decide.ax_1]
info: Math/ExcessTwoCertificatesAudit.lean:113:0: 'FiveBoundary.ExcessTwo.Generated.cert_d6_k7_orbit_0001_valid' depends on axioms: [propext,
 Classical.choice,
 Quot.sound,
 cert_d6_k7_orbit_0001_rejected._native.native_decide.ax_1]
info: Math/ExcessTwoCertificatesAudit.lean:114:0: 'FiveBoundary.ExcessTwo.Generated.cert_d6_k7_orbit_0002_positive' depends on axioms: [propext,
 Classical.choice,
 Quot.sound]
info: Math/ExcessTwoCertificatesAudit.lean:115:0: 'FiveBoundary.ExcessTwo.Generated.cert_d6_k7_orbit_0002_rejected' depends on axioms: [propext,
 Classical.choice,
 Quot.sound,
 cert_d6_k7_orbit_0002_rejected._native.native_decide.ax_1]
info: Math/ExcessTwoCertificatesAudit.lean:116:0: 'FiveBoundary.ExcessTwo.Generated.cert_d6_k7_orbit_0002_valid' depends on axioms: [propext,
 Classical.choice,
 Quot.sound,
 cert_d6_k7_orbit_0002_rejected._native.native_decide.ax_1]
info: Math/ExcessTwoCertificatesAudit.lean:117:0: 'FiveBoundary.ExcessTwo.Generated.cert_d6_k7_orbit_0003_positive' depends on axioms: [propext,
 Classical.choice,
 Quot.sound]
info: Math/ExcessTwoCertificatesAudit.lean:118:0: 'FiveBoundary.ExcessTwo.Generated.cert_d6_k7_orbit_0003_rejected' depends on axioms: [propext,
 Classical.choice,
 Quot.sound,
 cert_d6_k7_orbit_0003_rejected._native.native_decide.ax_1]
info: Math/ExcessTwoCertificatesAudit.lean:119:0: 'FiveBoundary.ExcessTwo.Generated.cert_d6_k7_orbit_0003_valid' depends on axioms: [propext,
 Classical.choice,
 Quot.sound,
 cert_d6_k7_orbit_0003_rejected._native.native_decide.ax_1]
info: Math/ExcessTwoCertificatesAudit.lean:120:0: 'FiveBoundary.ExcessTwo.Generated.cert_d6_k7_orbit_0004_positive' depends on axioms: [propext,
 Classical.choice,
 Quot.sound]
info: Math/ExcessTwoCertificatesAudit.lean:121:0: 'FiveBoundary.ExcessTwo.Generated.cert_d6_k7_orbit_0004_rejected' depends on axioms: [propext,
 Classical.choice,
 Quot.sound,
 cert_d6_k7_orbit_0004_rejected._native.native_decide.ax_1]
info: Math/ExcessTwoCertificatesAudit.lean:122:0: 'FiveBoundary.ExcessTwo.Generated.cert_d6_k7_orbit_0004_valid' depends on axioms: [propext,
 Classical.choice,
 Quot.sound,
 cert_d6_k7_orbit_0004_rejected._native.native_decide.ax_1]
info: Math/ExcessTwoCertificatesAudit.lean:123:0: 'FiveBoundary.ExcessTwo.Generated.cert_d6_k7_orbit_0005_positive' depends on axioms: [propext,
 Classical.choice,
 Quot.sound]
info: Math/ExcessTwoCertificatesAudit.lean:124:0: 'FiveBoundary.ExcessTwo.Generated.cert_d6_k7_orbit_0005_rejected' depends on axioms: [propext,
 Classical.choice,
 Quot.sound,
 cert_d6_k7_orbit_0005_rejected._native.native_decide.ax_1]
info: Math/ExcessTwoCertificatesAudit.lean:125:0: 'FiveBoundary.ExcessTwo.Generated.cert_d6_k7_orbit_0005_valid' depends on axioms: [propext,
 Classical.choice,
 Quot.sound,
 cert_d6_k7_orbit_0005_rejected._native.native_decide.ax_1]
info: Math/ExcessTwoCertificatesAudit.lean:126:0: 'FiveBoundary.ExcessTwo.Generated.cert_d6_k7_orbit_0006_positive' depends on axioms: [propext,
 Classical.choice,
 Quot.sound]
info: Math/ExcessTwoCertificatesAudit.lean:127:0: 'FiveBoundary.ExcessTwo.Generated.cert_d6_k7_orbit_0006_rejected' depends on axioms: [propext,
 Classical.choice,
 Quot.sound,
 cert_d6_k7_orbit_0006_rejected._native.native_decide.ax_1]
info: Math/ExcessTwoCertificatesAudit.lean:128:0: 'FiveBoundary.ExcessTwo.Generated.cert_d6_k7_orbit_0006_valid' depends on axioms: [propext,
 Classical.choice,
 Quot.sound,
 cert_d6_k7_orbit_0006_rejected._native.native_decide.ax_1]
info: Math/ExcessTwoCertificatesAudit.lean:129:0: 'FiveBoundary.ExcessTwo.Generated.cert_d6_k7_orbit_0007_positive' depends on axioms: [propext,
 Classical.choice,
 Quot.sound]
info: Math/ExcessTwoCertificatesAudit.lean:130:0: 'FiveBoundary.ExcessTwo.Generated.cert_d6_k7_orbit_0007_rejected' depends on axioms: [propext,
 Classical.choice,
 Quot.sound,
 cert_d6_k7_orbit_0007_rejected._native.native_decide.ax_1]
info: Math/ExcessTwoCertificatesAudit.lean:131:0: 'FiveBoundary.ExcessTwo.Generated.cert_d6_k7_orbit_0007_valid' depends on axioms: [propext,
 Classical.choice,
 Quot.sound,
 cert_d6_k7_orbit_0007_rejected._native.native_decide.ax_1]
info: Math/ExcessTwoCertificatesAudit.lean:132:0: 'FiveBoundary.ExcessTwo.Generated.cert_d6_k7_orbit_0008_positive' depends on axioms: [propext,
 Classical.choice,
 Quot.sound]
info: Math/ExcessTwoCertificatesAudit.lean:133:0: 'FiveBoundary.ExcessTwo.Generated.cert_d6_k7_orbit_0008_rejected' depends on axioms: [propext,
 Classical.choice,
 Quot.sound,
 cert_d6_k7_orbit_0008_rejected._native.native_decide.ax_1]
info: Math/ExcessTwoCertificatesAudit.lean:134:0: 'FiveBoundary.ExcessTwo.Generated.cert_d6_k7_orbit_0008_valid' depends on axioms: [propext,
 Classical.choice,
 Quot.sound,
 cert_d6_k7_orbit_0008_rejected._native.native_decide.ax_1]
info: Math/ExcessTwoCertificatesAudit.lean:135:0: 'FiveBoundary.ExcessTwo.Generated.cert_d6_k7_orbit_0009_positive' depends on axioms: [propext,
 Classical.choice,
 Quot.sound]
info: Math/ExcessTwoCertificatesAudit.lean:136:0: 'FiveBoundary.ExcessTwo.Generated.cert_d6_k7_orbit_0009_rejected' depends on axioms: [propext,
 Classical.choice,
 Quot.sound,
 cert_d6_k7_orbit_0009_rejected._native.native_decide.ax_1]
info: Math/ExcessTwoCertificatesAudit.lean:137:0: 'FiveBoundary.ExcessTwo.Generated.cert_d6_k7_orbit_0009_valid' depends on axioms: [propext,
 Classical.choice,
 Quot.sound,
 cert_d6_k7_orbit_0009_rejected._native.native_decide.ax_1]
info: Math/ExcessTwoCertificatesAudit.lean:138:0: 'FiveBoundary.ExcessTwo.Generated.cert_d6_k7_orbit_0010_positive' depends on axioms: [propext,
 Classical.choice,
 Quot.sound]
info: Math/ExcessTwoCertificatesAudit.lean:139:0: 'FiveBoundary.ExcessTwo.Generated.cert_d6_k7_orbit_0010_rejected' depends on axioms: [propext,
 Classical.choice,
 Quot.sound,
 cert_d6_k7_orbit_0010_rejected._native.native_decide.ax_1]
info: Math/ExcessTwoCertificatesAudit.lean:140:0: 'FiveBoundary.ExcessTwo.Generated.cert_d6_k7_orbit_0010_valid' depends on axioms: [propext,
 Classical.choice,
 Quot.sound,
 cert_d6_k7_orbit_0010_rejected._native.native_decide.ax_1]
info: Math/ExcessTwoCertificatesAudit.lean:141:0: 'FiveBoundary.ExcessTwo.Generated.cert_d6_k7_orbit_0011_positive' depends on axioms: [propext,
 Classical.choice,
 Quot.sound]
info: Math/ExcessTwoCertificatesAudit.lean:142:0: 'FiveBoundary.ExcessTwo.Generated.cert_d6_k7_orbit_0011_rejected' depends on axioms: [propext,
 Classical.choice,
 Quot.sound,
 cert_d6_k7_orbit_0011_rejected._native.native_decide.ax_1]
info: Math/ExcessTwoCertificatesAudit.lean:143:0: 'FiveBoundary.ExcessTwo.Generated.cert_d6_k7_orbit_0011_valid' depends on axioms: [propext,
 Classical.choice,
 Quot.sound,
 cert_d6_k7_orbit_0011_rejected._native.native_decide.ax_1]
info: Math/ExcessTwoCertificatesAudit.lean:144:0: 'FiveBoundary.ExcessTwo.Generated.cert_d6_k7_orbit_0012_positive' depends on axioms: [propext,
 Classical.choice,
 Quot.sound]
info: Math/ExcessTwoCertificatesAudit.lean:145:0: 'FiveBoundary.ExcessTwo.Generated.cert_d6_k7_orbit_0012_rejected' depends on axioms: [propext,
 Classical.choice,
 Quot.sound,
 cert_d6_k7_orbit_0012_rejected._native.native_decide.ax_1]
info: Math/ExcessTwoCertificatesAudit.lean:146:0: 'FiveBoundary.ExcessTwo.Generated.cert_d6_k7_orbit_0012_valid' depends on axioms: [propext,
 Classical.choice,
 Quot.sound,
 cert_d6_k7_orbit_0012_rejected._native.native_decide.ax_1]
info: Math/ExcessTwoCertificatesAudit.lean:147:0: 'FiveBoundary.ExcessTwo.Generated.cert_d6_k7_orbit_0013_positive' depends on axioms: [propext,
 Classical.choice,
 Quot.sound]
info: Math/ExcessTwoCertificatesAudit.lean:148:0: 'FiveBoundary.ExcessTwo.Generated.cert_d6_k7_orbit_0013_rejected' depends on axioms: [propext,
 Classical.choice,
 Quot.sound,
 cert_d6_k7_orbit_0013_rejected._native.native_decide.ax_1]
info: Math/ExcessTwoCertificatesAudit.lean:149:0: 'FiveBoundary.ExcessTwo.Generated.cert_d6_k7_orbit_0013_valid' depends on axioms: [propext,
 Classical.choice,
 Quot.sound,
 cert_d6_k7_orbit_0013_rejected._native.native_decide.ax_1]
info: Math/ExcessTwoCertificatesAudit.lean:150:0: 'FiveBoundary.ExcessTwo.Generated.cert_d6_k7_orbit_0014_positive' depends on axioms: [propext,
 Classical.choice,
 Quot.sound]
info: Math/ExcessTwoCertificatesAudit.lean:151:0: 'FiveBoundary.ExcessTwo.Generated.cert_d6_k7_orbit_0014_rejected' depends on axioms: [propext,
 Classical.choice,
 Quot.sound,
 cert_d6_k7_orbit_0014_rejected._native.native_decide.ax_1]
info: Math/ExcessTwoCertificatesAudit.lean:152:0: 'FiveBoundary.ExcessTwo.Generated.cert_d6_k7_orbit_0014_valid' depends on axioms: [propext,
 Classical.choice,
 Quot.sound,
 cert_d6_k7_orbit_0014_rejected._native.native_decide.ax_1]
info: Math/ExcessTwoCertificatesAudit.lean:153:0: 'FiveBoundary.ExcessTwo.Generated.cert_d6_k7_orbit_0015_positive' depends on axioms: [propext,
 Classical.choice,
 Quot.sound]
info: Math/ExcessTwoCertificatesAudit.lean:154:0: 'FiveBoundary.ExcessTwo.Generated.cert_d6_k7_orbit_0015_rejected' depends on axioms: [propext,
 Classical.choice,
 Quot.sound,
 cert_d6_k7_orbit_0015_rejected._native.native_decide.ax_1]
info: Math/ExcessTwoCertificatesAudit.lean:155:0: 'FiveBoundary.ExcessTwo.Generated.cert_d6_k7_orbit_0015_valid' depends on axioms: [propext,
 Classical.choice,
 Quot.sound,
 cert_d6_k7_orbit_0015_rejected._native.native_decide.ax_1]
info: Math/ExcessTwoCertificatesAudit.lean:156:0: 'FiveBoundary.ExcessTwo.Generated.cert_d6_k7_orbit_0016_positive' depends on axioms: [propext,
 Classical.choice,
 Quot.sound]
info: Math/ExcessTwoCertificatesAudit.lean:157:0: 'FiveBoundary.ExcessTwo.Generated.cert_d6_k7_orbit_0016_rejected' depends on axioms: [propext,
 Classical.choice,
 Quot.sound,
 cert_d6_k7_orbit_0016_rejected._native.native_decide.ax_1]
info: Math/ExcessTwoCertificatesAudit.lean:158:0: 'FiveBoundary.ExcessTwo.Generated.cert_d6_k7_orbit_0016_valid' depends on axioms: [propext,
 Classical.choice,
 Quot.sound,
 cert_d6_k7_orbit_0016_rejected._native.native_decide.ax_1]
info: Math/ExcessTwoCertificatesAudit.lean:159:0: 'FiveBoundary.ExcessTwo.Generated.cert_d6_k7_orbit_0017_positive' depends on axioms: [propext,
 Classical.choice,
 Quot.sound]
info: Math/ExcessTwoCertificatesAudit.lean:160:0: 'FiveBoundary.ExcessTwo.Generated.cert_d6_k7_orbit_0017_rejected' depends on axioms: [propext,
 Classical.choice,
 Quot.sound,
 cert_d6_k7_orbit_0017_rejected._native.native_decide.ax_1]
info: Math/ExcessTwoCertificatesAudit.lean:161:0: 'FiveBoundary.ExcessTwo.Generated.cert_d6_k7_orbit_0017_valid' depends on axioms: [propext,
 Classical.choice,
 Quot.sound,
 cert_d6_k7_orbit_0017_rejected._native.native_decide.ax_1]
info: Math/ExcessTwoCertificatesAudit.lean:162:0: 'FiveBoundary.ExcessTwo.Generated.cert_d6_k7_orbit_0018_positive' depends on axioms: [propext,
 Classical.choice,
 Quot.sound]
info: Math/ExcessTwoCertificatesAudit.lean:163:0: 'FiveBoundary.ExcessTwo.Generated.cert_d6_k7_orbit_0018_rejected' depends on axioms: [propext,
 Classical.choice,
 Quot.sound,
 cert_d6_k7_orbit_0018_rejected._native.native_decide.ax_1]
info: Math/ExcessTwoCertificatesAudit.lean:164:0: 'FiveBoundary.ExcessTwo.Generated.cert_d6_k7_orbit_0018_valid' depends on axioms: [propext,
 Classical.choice,
 Quot.sound,
 cert_d6_k7_orbit_0018_rejected._native.native_decide.ax_1]
info: Math/ExcessTwoCertificatesAudit.lean:165:0: 'FiveBoundary.ExcessTwo.Generated.cert_d6_k7_orbit_0019_positive' depends on axioms: [propext,
 Classical.choice,
 Quot.sound]
info: Math/ExcessTwoCertificatesAudit.lean:166:0: 'FiveBoundary.ExcessTwo.Generated.cert_d6_k7_orbit_0019_rejected' depends on axioms: [propext,
 Classical.choice,
 Quot.sound,
 cert_d6_k7_orbit_0019_rejected._native.native_decide.ax_1]
info: Math/ExcessTwoCertificatesAudit.lean:167:0: 'FiveBoundary.ExcessTwo.Generated.cert_d6_k7_orbit_0019_valid' depends on axioms: [propext,
 Classical.choice,
 Quot.sound,
 cert_d6_k7_orbit_0019_rejected._native.native_decide.ax_1]
info: Math/ExcessTwoCertificatesAudit.lean:168:0: 'FiveBoundary.ExcessTwo.Generated.cert_d6_k7_orbit_0020_positive' depends on axioms: [propext,
 Classical.choice,
 Quot.sound]
info: Math/ExcessTwoCertificatesAudit.lean:169:0: 'FiveBoundary.ExcessTwo.Generated.cert_d6_k7_orbit_0020_rejected' depends on axioms: [propext,
 Classical.choice,
 Quot.sound,
 cert_d6_k7_orbit_0020_rejected._native.native_decide.ax_1]
info: Math/ExcessTwoCertificatesAudit.lean:170:0: 'FiveBoundary.ExcessTwo.Generated.cert_d6_k7_orbit_0020_valid' depends on axioms: [propext,
 Classical.choice,
 Quot.sound,
 cert_d6_k7_orbit_0020_rejected._native.native_decide.ax_1]
info: Math/ExcessTwoCertificatesAudit.lean:171:0: 'FiveBoundary.ExcessTwo.Generated.cert_d6_k7_orbit_0021_positive' depends on axioms: [propext,
 Classical.choice,
 Quot.sound]
info: Math/ExcessTwoCertificatesAudit.lean:172:0: 'FiveBoundary.ExcessTwo.Generated.cert_d6_k7_orbit_0021_rejected' depends on axioms: [propext,
 Classical.choice,
 Quot.sound,
 cert_d6_k7_orbit_0021_rejected._native.native_decide.ax_1]
info: Math/ExcessTwoCertificatesAudit.lean:173:0: 'FiveBoundary.ExcessTwo.Generated.cert_d6_k7_orbit_0021_valid' depends on axioms: [propext,
 Classical.choice,
 Quot.sound,
 cert_d6_k7_orbit_0021_rejected._native.native_decide.ax_1]
info: Math/ExcessTwoCertificatesAudit.lean:174:0: 'FiveBoundary.ExcessTwo.Generated.cert_d6_k7_orbit_0022_positive' depends on axioms: [propext,
 Classical.choice,
 Quot.sound]
info: Math/ExcessTwoCertificatesAudit.lean:175:0: 'FiveBoundary.ExcessTwo.Generated.cert_d6_k7_orbit_0022_rejected' depends on axioms: [propext,
 Classical.choice,
 Quot.sound,
 cert_d6_k7_orbit_0022_rejected._native.native_decide.ax_1]
info: Math/ExcessTwoCertificatesAudit.lean:176:0: 'FiveBoundary.ExcessTwo.Generated.cert_d6_k7_orbit_0022_valid' depends on axioms: [propext,
 Classical.choice,
 Quot.sound,
 cert_d6_k7_orbit_0022_rejected._native.native_decide.ax_1]
info: Math/ExcessTwoCertificatesAudit.lean:177:0: 'FiveBoundary.ExcessTwo.Generated.cert_d6_k7_orbit_0023_positive' depends on axioms: [propext,
 Classical.choice,
 Quot.sound]
info: Math/ExcessTwoCertificatesAudit.lean:178:0: 'FiveBoundary.ExcessTwo.Generated.cert_d6_k7_orbit_0023_rejected' depends on axioms: [propext,
 Classical.choice,
 Quot.sound,
 cert_d6_k7_orbit_0023_rejected._native.native_decide.ax_1]
info: Math/ExcessTwoCertificatesAudit.lean:179:0: 'FiveBoundary.ExcessTwo.Generated.cert_d6_k7_orbit_0023_valid' depends on axioms: [propext,
 Classical.choice,
 Quot.sound,
 cert_d6_k7_orbit_0023_rejected._native.native_decide.ax_1]
info: Math/ExcessTwoCertificatesAudit.lean:180:0: 'FiveBoundary.ExcessTwo.Generated.cert_d6_k7_orbit_0024_positive' depends on axioms: [propext,
 Classical.choice,
 Quot.sound]
info: Math/ExcessTwoCertificatesAudit.lean:181:0: 'FiveBoundary.ExcessTwo.Generated.cert_d6_k7_orbit_0024_rejected' depends on axioms: [propext,
 Classical.choice,
 Quot.sound,
 cert_d6_k7_orbit_0024_rejected._native.native_decide.ax_1]
info: Math/ExcessTwoCertificatesAudit.lean:182:0: 'FiveBoundary.ExcessTwo.Generated.cert_d6_k7_orbit_0024_valid' depends on axioms: [propext,
 Classical.choice,
 Quot.sound,
 cert_d6_k7_orbit_0024_rejected._native.native_decide.ax_1]
info: Math/ExcessTwoCertificatesAudit.lean:183:0: 'FiveBoundary.ExcessTwo.Generated.cert_d6_k7_orbit_0025_positive' depends on axioms: [propext,
 Classical.choice,
 Quot.sound]
info: Math/ExcessTwoCertificatesAudit.lean:184:0: 'FiveBoundary.ExcessTwo.Generated.cert_d6_k7_orbit_0025_rejected' depends on axioms: [propext,
 Classical.choice,
 Quot.sound,
 cert_d6_k7_orbit_0025_rejected._native.native_decide.ax_1]
info: Math/ExcessTwoCertificatesAudit.lean:185:0: 'FiveBoundary.ExcessTwo.Generated.cert_d6_k7_orbit_0025_valid' depends on axioms: [propext,
 Classical.choice,
 Quot.sound,
 cert_d6_k7_orbit_0025_rejected._native.native_decide.ax_1]
info: Math/ExcessTwoCertificatesAudit.lean:186:0: 'FiveBoundary.ExcessTwo.Generated.cert_d6_k8_orbit_0001_positive' depends on axioms: [propext,
 Classical.choice,
 Quot.sound]
info: Math/ExcessTwoCertificatesAudit.lean:187:0: 'FiveBoundary.ExcessTwo.Generated.cert_d6_k8_orbit_0001_rejected' depends on axioms: [propext,
 Classical.choice,
 Quot.sound,
 cert_d6_k8_orbit_0001_rejected._native.native_decide.ax_1]
info: Math/ExcessTwoCertificatesAudit.lean:188:0: 'FiveBoundary.ExcessTwo.Generated.cert_d6_k8_orbit_0001_valid' depends on axioms: [propext,
 Classical.choice,
 Quot.sound,
 cert_d6_k8_orbit_0001_rejected._native.native_decide.ax_1]
info: Math/ExcessTwoCertificatesAudit.lean:189:0: 'FiveBoundary.ExcessTwo.Generated.cert_d6_k8_orbit_0002_positive' depends on axioms: [propext,
 Classical.choice,
 Quot.sound]
info: Math/ExcessTwoCertificatesAudit.lean:190:0: 'FiveBoundary.ExcessTwo.Generated.cert_d6_k8_orbit_0002_rejected' depends on axioms: [propext,
 Classical.choice,
 Quot.sound,
 cert_d6_k8_orbit_0002_rejected._native.native_decide.ax_1]
info: Math/ExcessTwoCertificatesAudit.lean:191:0: 'FiveBoundary.ExcessTwo.Generated.cert_d6_k8_orbit_0002_valid' depends on axioms: [propext,
 Classical.choice,
 Quot.sound,
 cert_d6_k8_orbit_0002_rejected._native.native_decide.ax_1]
info: Math/ExcessTwoCertificatesAudit.lean:192:0: 'FiveBoundary.ExcessTwo.Generated.cert_d6_k8_orbit_0003_positive' depends on axioms: [propext,
 Classical.choice,
 Quot.sound]
info: Math/ExcessTwoCertificatesAudit.lean:193:0: 'FiveBoundary.ExcessTwo.Generated.cert_d6_k8_orbit_0003_rejected' depends on axioms: [propext,
 Classical.choice,
 Quot.sound,
 cert_d6_k8_orbit_0003_rejected._native.native_decide.ax_1]
info: Math/ExcessTwoCertificatesAudit.lean:194:0: 'FiveBoundary.ExcessTwo.Generated.cert_d6_k8_orbit_0003_valid' depends on axioms: [propext,
 Classical.choice,
 Quot.sound,
 cert_d6_k8_orbit_0003_rejected._native.native_decide.ax_1]
info: Math/ExcessTwoCertificatesAudit.lean:195:0: 'FiveBoundary.ExcessTwo.Generated.cert_d6_k8_orbit_0004_positive' depends on axioms: [propext,
 Classical.choice,
 Quot.sound]
info: Math/ExcessTwoCertificatesAudit.lean:196:0: 'FiveBoundary.ExcessTwo.Generated.cert_d6_k8_orbit_0004_rejected' depends on axioms: [propext,
 Classical.choice,
 Quot.sound,
 cert_d6_k8_orbit_0004_rejected._native.native_decide.ax_1]
info: Math/ExcessTwoCertificatesAudit.lean:197:0: 'FiveBoundary.ExcessTwo.Generated.cert_d6_k8_orbit_0004_valid' depends on axioms: [propext,
 Classical.choice,
 Quot.sound,
 cert_d6_k8_orbit_0004_rejected._native.native_decide.ax_1]
info: Math/ExcessTwoCertificatesAudit.lean:198:0: 'FiveBoundary.ExcessTwo.Generated.cert_d6_k8_orbit_0005_positive' depends on axioms: [propext,
 Classical.choice,
 Quot.sound]
info: Math/ExcessTwoCertificatesAudit.lean:199:0: 'FiveBoundary.ExcessTwo.Generated.cert_d6_k8_orbit_0005_rejected' depends on axioms: [propext,
 Classical.choice,
 Quot.sound,
 cert_d6_k8_orbit_0005_rejected._native.native_decide.ax_1]
info: Math/ExcessTwoCertificatesAudit.lean:200:0: 'FiveBoundary.ExcessTwo.Generated.cert_d6_k8_orbit_0005_valid' depends on axioms: [propext,
 Classical.choice,
 Quot.sound,
 cert_d6_k8_orbit_0005_rejected._native.native_decide.ax_1]
info: Math/ExcessTwoCertificatesAudit.lean:201:0: 'FiveBoundary.ExcessTwo.Generated.cert_d6_k8_orbit_0006_positive' depends on axioms: [propext,
 Classical.choice,
 Quot.sound]
info: Math/ExcessTwoCertificatesAudit.lean:202:0: 'FiveBoundary.ExcessTwo.Generated.cert_d6_k8_orbit_0006_rejected' depends on axioms: [propext,
 Classical.choice,
 Quot.sound,
 cert_d6_k8_orbit_0006_rejected._native.native_decide.ax_1]
info: Math/ExcessTwoCertificatesAudit.lean:203:0: 'FiveBoundary.ExcessTwo.Generated.cert_d6_k8_orbit_0006_valid' depends on axioms: [propext,
 Classical.choice,
 Quot.sound,
 cert_d6_k8_orbit_0006_rejected._native.native_decide.ax_1]
info: Math/ExcessTwoCertificatesAudit.lean:204:0: 'FiveBoundary.ExcessTwo.Generated.cert_d6_k8_orbit_0007_positive' depends on axioms: [propext,
 Classical.choice,
 Quot.sound]
info: Math/ExcessTwoCertificatesAudit.lean:205:0: 'FiveBoundary.ExcessTwo.Generated.cert_d6_k8_orbit_0007_rejected' depends on axioms: [propext,
 Classical.choice,
 Quot.sound,
 cert_d6_k8_orbit_0007_rejected._native.native_decide.ax_1]
info: Math/ExcessTwoCertificatesAudit.lean:206:0: 'FiveBoundary.ExcessTwo.Generated.cert_d6_k8_orbit_0007_valid' depends on axioms: [propext,
 Classical.choice,
 Quot.sound,
 cert_d6_k8_orbit_0007_rejected._native.native_decide.ax_1]
info: Math/ExcessTwoCertificatesAudit.lean:207:0: 'FiveBoundary.ExcessTwo.Generated.cert_d6_k8_orbit_0008_positive' depends on axioms: [propext,
 Classical.choice,
 Quot.sound]
info: Math/ExcessTwoCertificatesAudit.lean:208:0: 'FiveBoundary.ExcessTwo.Generated.cert_d6_k8_orbit_0008_rejected' depends on axioms: [propext,
 Classical.choice,
 Quot.sound,
 cert_d6_k8_orbit_0008_rejected._native.native_decide.ax_1]
info: Math/ExcessTwoCertificatesAudit.lean:209:0: 'FiveBoundary.ExcessTwo.Generated.cert_d6_k8_orbit_0008_valid' depends on axioms: [propext,
 Classical.choice,
 Quot.sound,
 cert_d6_k8_orbit_0008_rejected._native.native_decide.ax_1]
info: Math/ExcessTwoCertificatesAudit.lean:210:0: 'FiveBoundary.ExcessTwo.Generated.cert_d6_k8_orbit_0009_positive' depends on axioms: [propext,
 Classical.choice,
 Quot.sound]
info: Math/ExcessTwoCertificatesAudit.lean:211:0: 'FiveBoundary.ExcessTwo.Generated.cert_d6_k8_orbit_0009_rejected' depends on axioms: [propext,
 Classical.choice,
 Quot.sound,
 cert_d6_k8_orbit_0009_rejected._native.native_decide.ax_1]
info: Math/ExcessTwoCertificatesAudit.lean:212:0: 'FiveBoundary.ExcessTwo.Generated.cert_d6_k8_orbit_0009_valid' depends on axioms: [propext,
 Classical.choice,
 Quot.sound,
 cert_d6_k8_orbit_0009_rejected._native.native_decide.ax_1]
info: Math/ExcessTwoCertificatesAudit.lean:213:0: 'FiveBoundary.ExcessTwo.Generated.cert_d6_k8_orbit_0010_positive' depends on axioms: [propext,
 Classical.choice,
 Quot.sound]
info: Math/ExcessTwoCertificatesAudit.lean:214:0: 'FiveBoundary.ExcessTwo.Generated.cert_d6_k8_orbit_0010_rejected' depends on axioms: [propext,
 Classical.choice,
 Quot.sound,
 cert_d6_k8_orbit_0010_rejected._native.native_decide.ax_1]
info: Math/ExcessTwoCertificatesAudit.lean:215:0: 'FiveBoundary.ExcessTwo.Generated.cert_d6_k8_orbit_0010_valid' depends on axioms: [propext,
 Classical.choice,
 Quot.sound,
 cert_d6_k8_orbit_0010_rejected._native.native_decide.ax_1]
info: Math/ExcessTwoCertificatesAudit.lean:216:0: 'FiveBoundary.ExcessTwo.Generated.cert_d6_k8_orbit_0011_positive' depends on axioms: [propext,
 Classical.choice,
 Quot.sound]
info: Math/ExcessTwoCertificatesAudit.lean:217:0: 'FiveBoundary.ExcessTwo.Generated.cert_d6_k8_orbit_0011_rejected' depends on axioms: [propext,
 Classical.choice,
 Quot.sound,
 cert_d6_k8_orbit_0011_rejected._native.native_decide.ax_1]
info: Math/ExcessTwoCertificatesAudit.lean:218:0: 'FiveBoundary.ExcessTwo.Generated.cert_d6_k8_orbit_0011_valid' depends on axioms: [propext,
 Classical.choice,
 Quot.sound,
 cert_d6_k8_orbit_0011_rejected._native.native_decide.ax_1]
info: Math/ExcessTwoCertificatesAudit.lean:219:0: 'FiveBoundary.ExcessTwo.Generated.cert_d6_k8_orbit_0012_positive' depends on axioms: [propext,
 Classical.choice,
 Quot.sound]
info: Math/ExcessTwoCertificatesAudit.lean:220:0: 'FiveBoundary.ExcessTwo.Generated.cert_d6_k8_orbit_0012_rejected' depends on axioms: [propext,
 Classical.choice,
 Quot.sound,
 cert_d6_k8_orbit_0012_rejected._native.native_decide.ax_1]
info: Math/ExcessTwoCertificatesAudit.lean:221:0: 'FiveBoundary.ExcessTwo.Generated.cert_d6_k8_orbit_0012_valid' depends on axioms: [propext,
 Classical.choice,
 Quot.sound,
 cert_d6_k8_orbit_0012_rejected._native.native_decide.ax_1]
info: Math/ExcessTwoCertificatesAudit.lean:222:0: 'FiveBoundary.ExcessTwo.Generated.cert_d6_k8_orbit_0013_positive' depends on axioms: [propext,
 Classical.choice,
 Quot.sound]
info: Math/ExcessTwoCertificatesAudit.lean:223:0: 'FiveBoundary.ExcessTwo.Generated.cert_d6_k8_orbit_0013_rejected' depends on axioms: [propext,
 Classical.choice,
 Quot.sound,
 cert_d6_k8_orbit_0013_rejected._native.native_decide.ax_1]
info: Math/ExcessTwoCertificatesAudit.lean:224:0: 'FiveBoundary.ExcessTwo.Generated.cert_d6_k8_orbit_0013_valid' depends on axioms: [propext,
 Classical.choice,
 Quot.sound,
 cert_d6_k8_orbit_0013_rejected._native.native_decide.ax_1]
info: Math/ExcessTwoCertificatesAudit.lean:225:0: 'FiveBoundary.ExcessTwo.Generated.cert_d6_k8_orbit_0014_positive' depends on axioms: [propext,
 Classical.choice,
 Quot.sound]
info: Math/ExcessTwoCertificatesAudit.lean:226:0: 'FiveBoundary.ExcessTwo.Generated.cert_d6_k8_orbit_0014_rejected' depends on axioms: [propext,
 Classical.choice,
 Quot.sound,
 cert_d6_k8_orbit_0014_rejected._native.native_decide.ax_1]
info: Math/ExcessTwoCertificatesAudit.lean:227:0: 'FiveBoundary.ExcessTwo.Generated.cert_d6_k8_orbit_0014_valid' depends on axioms: [propext,
 Classical.choice,
 Quot.sound,
 cert_d6_k8_orbit_0014_rejected._native.native_decide.ax_1]
info: Math/ExcessTwoCertificatesAudit.lean:228:0: 'FiveBoundary.ExcessTwo.Generated.cert_d6_k8_orbit_0015_positive' depends on axioms: [propext,
 Classical.choice,
 Quot.sound]
info: Math/ExcessTwoCertificatesAudit.lean:229:0: 'FiveBoundary.ExcessTwo.Generated.cert_d6_k8_orbit_0015_rejected' depends on axioms: [propext,
 Classical.choice,
 Quot.sound,
 cert_d6_k8_orbit_0015_rejected._native.native_decide.ax_1]
info: Math/ExcessTwoCertificatesAudit.lean:230:0: 'FiveBoundary.ExcessTwo.Generated.cert_d6_k8_orbit_0015_valid' depends on axioms: [propext,
 Classical.choice,
 Quot.sound,
 cert_d6_k8_orbit_0015_rejected._native.native_decide.ax_1]
info: Math/ExcessTwoCertificatesAudit.lean:231:0: 'FiveBoundary.ExcessTwo.Generated.cert_d6_k8_orbit_0016_positive' depends on axioms: [propext,
 Classical.choice,
 Quot.sound]
info: Math/ExcessTwoCertificatesAudit.lean:232:0: 'FiveBoundary.ExcessTwo.Generated.cert_d6_k8_orbit_0016_rejected' depends on axioms: [propext,
 Classical.choice,
 Quot.sound,
 cert_d6_k8_orbit_0016_rejected._native.native_decide.ax_1]
info: Math/ExcessTwoCertificatesAudit.lean:233:0: 'FiveBoundary.ExcessTwo.Generated.cert_d6_k8_orbit_0016_valid' depends on axioms: [propext,
 Classical.choice,
 Quot.sound,
 cert_d6_k8_orbit_0016_rejected._native.native_decide.ax_1]
info: Math/ExcessTwoCertificatesAudit.lean:234:0: 'FiveBoundary.ExcessTwo.Generated.cert_d6_k8_orbit_0017_positive' depends on axioms: [propext,
 Classical.choice,
 Quot.sound]
info: Math/ExcessTwoCertificatesAudit.lean:235:0: 'FiveBoundary.ExcessTwo.Generated.cert_d6_k8_orbit_0017_rejected' depends on axioms: [propext,
 Classical.choice,
 Quot.sound,
 cert_d6_k8_orbit_0017_rejected._native.native_decide.ax_1]
info: Math/ExcessTwoCertificatesAudit.lean:236:0: 'FiveBoundary.ExcessTwo.Generated.cert_d6_k8_orbit_0017_valid' depends on axioms: [propext,
 Classical.choice,
 Quot.sound,
 cert_d6_k8_orbit_0017_rejected._native.native_decide.ax_1]
info: Math/ExcessTwoCertificatesAudit.lean:237:0: 'FiveBoundary.ExcessTwo.Generated.cert_d6_k8_orbit_0018_positive' depends on axioms: [propext,
 Classical.choice,
 Quot.sound]
info: Math/ExcessTwoCertificatesAudit.lean:238:0: 'FiveBoundary.ExcessTwo.Generated.cert_d6_k8_orbit_0018_rejected' depends on axioms: [propext,
 Classical.choice,
 Quot.sound,
 cert_d6_k8_orbit_0018_rejected._native.native_decide.ax_1]
info: Math/ExcessTwoCertificatesAudit.lean:239:0: 'FiveBoundary.ExcessTwo.Generated.cert_d6_k8_orbit_0018_valid' depends on axioms: [propext,
 Classical.choice,
 Quot.sound,
 cert_d6_k8_orbit_0018_rejected._native.native_decide.ax_1]
info: Math/ExcessTwoCertificatesAudit.lean:240:0: 'FiveBoundary.ExcessTwo.Generated.cert_d6_k8_orbit_0019_positive' depends on axioms: [propext,
 Classical.choice,
 Quot.sound]
info: Math/ExcessTwoCertificatesAudit.lean:241:0: 'FiveBoundary.ExcessTwo.Generated.cert_d6_k8_orbit_0019_rejected' depends on axioms: [propext,
 Classical.choice,
 Quot.sound,
 cert_d6_k8_orbit_0019_rejected._native.native_decide.ax_1]
info: Math/ExcessTwoCertificatesAudit.lean:242:0: 'FiveBoundary.ExcessTwo.Generated.cert_d6_k8_orbit_0019_valid' depends on axioms: [propext,
 Classical.choice,
 Quot.sound,
 cert_d6_k8_orbit_0019_rejected._native.native_decide.ax_1]
info: Math/ExcessTwoCertificatesAudit.lean:243:0: 'FiveBoundary.ExcessTwo.Generated.cert_d6_k8_orbit_0020_positive' depends on axioms: [propext,
 Classical.choice,
 Quot.sound]
info: Math/ExcessTwoCertificatesAudit.lean:244:0: 'FiveBoundary.ExcessTwo.Generated.cert_d6_k8_orbit_0020_rejected' depends on axioms: [propext,
 Classical.choice,
 Quot.sound,
 cert_d6_k8_orbit_0020_rejected._native.native_decide.ax_1]
info: Math/ExcessTwoCertificatesAudit.lean:245:0: 'FiveBoundary.ExcessTwo.Generated.cert_d6_k8_orbit_0020_valid' depends on axioms: [propext,
 Classical.choice,
 Quot.sound,
 cert_d6_k8_orbit_0020_rejected._native.native_decide.ax_1]
info: Math/ExcessTwoCertificatesAudit.lean:246:0: 'FiveBoundary.ExcessTwo.Generated.cert_d6_k8_orbit_0021_positive' depends on axioms: [propext,
 Classical.choice,
 Quot.sound]
info: Math/ExcessTwoCertificatesAudit.lean:247:0: 'FiveBoundary.ExcessTwo.Generated.cert_d6_k8_orbit_0021_rejected' depends on axioms: [propext,
 Classical.choice,
 Quot.sound,
 cert_d6_k8_orbit_0021_rejected._native.native_decide.ax_1]
info: Math/ExcessTwoCertificatesAudit.lean:248:0: 'FiveBoundary.ExcessTwo.Generated.cert_d6_k8_orbit_0021_valid' depends on axioms: [propext,
 Classical.choice,
 Quot.sound,
 cert_d6_k8_orbit_0021_rejected._native.native_decide.ax_1]
info: Math/ExcessTwoCertificatesAudit.lean:249:0: 'FiveBoundary.ExcessTwo.Generated.cert_d6_k8_orbit_0022_positive' depends on axioms: [propext,
 Classical.choice,
 Quot.sound]
info: Math/ExcessTwoCertificatesAudit.lean:250:0: 'FiveBoundary.ExcessTwo.Generated.cert_d6_k8_orbit_0022_rejected' depends on axioms: [propext,
 Classical.choice,
 Quot.sound,
 cert_d6_k8_orbit_0022_rejected._native.native_decide.ax_1]
info: Math/ExcessTwoCertificatesAudit.lean:251:0: 'FiveBoundary.ExcessTwo.Generated.cert_d6_k8_orbit_0022_valid' depends on axioms: [propext,
 Classical.choice,
 Quot.sound,
 cert_d6_k8_orbit_0022_rejected._native.native_decide.ax_1]
info: Math/ExcessTwoCertificatesAudit.lean:252:0: 'FiveBoundary.ExcessTwo.Generated.cert_d6_k8_orbit_0023_positive' depends on axioms: [propext,
 Classical.choice,
 Quot.sound]
info: Math/ExcessTwoCertificatesAudit.lean:253:0: 'FiveBoundary.ExcessTwo.Generated.cert_d6_k8_orbit_0023_rejected' depends on axioms: [propext,
 Classical.choice,
 Quot.sound,
 cert_d6_k8_orbit_0023_rejected._native.native_decide.ax_1]
info: Math/ExcessTwoCertificatesAudit.lean:254:0: 'FiveBoundary.ExcessTwo.Generated.cert_d6_k8_orbit_0023_valid' depends on axioms: [propext,
 Classical.choice,
 Quot.sound,
 cert_d6_k8_orbit_0023_rejected._native.native_decide.ax_1]
info: Math/ExcessTwoCertificatesAudit.lean:255:0: 'FiveBoundary.ExcessTwo.Generated.cert_d6_k8_orbit_0024_positive' depends on axioms: [propext,
 Classical.choice,
 Quot.sound]
info: Math/ExcessTwoCertificatesAudit.lean:256:0: 'FiveBoundary.ExcessTwo.Generated.cert_d6_k8_orbit_0024_rejected' depends on axioms: [propext,
 Classical.choice,
 Quot.sound,
 cert_d6_k8_orbit_0024_rejected._native.native_decide.ax_1]
info: Math/ExcessTwoCertificatesAudit.lean:257:0: 'FiveBoundary.ExcessTwo.Generated.cert_d6_k8_orbit_0024_valid' depends on axioms: [propext,
 Classical.choice,
 Quot.sound,
 cert_d6_k8_orbit_0024_rejected._native.native_decide.ax_1]
info: Math/ExcessTwoCertificatesAudit.lean:258:0: 'FiveBoundary.ExcessTwo.Generated.cert_d6_k8_orbit_0025_positive' depends on axioms: [propext,
 Classical.choice,
 Quot.sound]
info: Math/ExcessTwoCertificatesAudit.lean:259:0: 'FiveBoundary.ExcessTwo.Generated.cert_d6_k8_orbit_0025_rejected' depends on axioms: [propext,
 Classical.choice,
 Quot.sound,
 cert_d6_k8_orbit_0025_rejected._native.native_decide.ax_1]
info: Math/ExcessTwoCertificatesAudit.lean:260:0: 'FiveBoundary.ExcessTwo.Generated.cert_d6_k8_orbit_0025_valid' depends on axioms: [propext,
 Classical.choice,
 Quot.sound,
 cert_d6_k8_orbit_0025_rejected._native.native_decide.ax_1]
info: Math/ExcessTwoCertificatesAudit.lean:261:0: 'FiveBoundary.ExcessTwo.Generated.cert_d6_k8_orbit_0026_positive' depends on axioms: [propext,
 Classical.choice,
 Quot.sound]
info: Math/ExcessTwoCertificatesAudit.lean:262:0: 'FiveBoundary.ExcessTwo.Generated.cert_d6_k8_orbit_0026_rejected' depends on axioms: [propext,
 Classical.choice,
 Quot.sound,
 cert_d6_k8_orbit_0026_rejected._native.native_decide.ax_1]
info: Math/ExcessTwoCertificatesAudit.lean:263:0: 'FiveBoundary.ExcessTwo.Generated.cert_d6_k8_orbit_0026_valid' depends on axioms: [propext,
 Classical.choice,
 Quot.sound,
 cert_d6_k8_orbit_0026_rejected._native.native_decide.ax_1]
info: Math/ExcessTwoCertificatesAudit.lean:264:0: 'FiveBoundary.ExcessTwo.Generated.cert_d6_k8_orbit_0027_positive' depends on axioms: [propext,
 Classical.choice,
 Quot.sound]
info: Math/ExcessTwoCertificatesAudit.lean:265:0: 'FiveBoundary.ExcessTwo.Generated.cert_d6_k8_orbit_0027_rejected' depends on axioms: [propext,
 Classical.choice,
 Quot.sound,
 cert_d6_k8_orbit_0027_rejected._native.native_decide.ax_1]
info: Math/ExcessTwoCertificatesAudit.lean:266:0: 'FiveBoundary.ExcessTwo.Generated.cert_d6_k8_orbit_0027_valid' depends on axioms: [propext,
 Classical.choice,
 Quot.sound,
 cert_d6_k8_orbit_0027_rejected._native.native_decide.ax_1]
info: Math/ExcessTwoCertificatesAudit.lean:267:0: 'FiveBoundary.ExcessTwo.Generated.cert_d6_k8_orbit_0028_positive' depends on axioms: [propext,
 Classical.choice,
 Quot.sound]
info: Math/ExcessTwoCertificatesAudit.lean:268:0: 'FiveBoundary.ExcessTwo.Generated.cert_d6_k8_orbit_0028_rejected' depends on axioms: [propext,
 Classical.choice,
 Quot.sound,
 cert_d6_k8_orbit_0028_rejected._native.native_decide.ax_1]
info: Math/ExcessTwoCertificatesAudit.lean:269:0: 'FiveBoundary.ExcessTwo.Generated.cert_d6_k8_orbit_0028_valid' depends on axioms: [propext,
 Classical.choice,
 Quot.sound,
 cert_d6_k8_orbit_0028_rejected._native.native_decide.ax_1]
info: Math/ExcessTwoCertificatesAudit.lean:270:0: 'FiveBoundary.ExcessTwo.Generated.cert_d6_k8_orbit_0029_positive' depends on axioms: [propext,
 Classical.choice,
 Quot.sound]
info: Math/ExcessTwoCertificatesAudit.lean:271:0: 'FiveBoundary.ExcessTwo.Generated.cert_d6_k8_orbit_0029_rejected' depends on axioms: [propext,
 Classical.choice,
 Quot.sound,
 cert_d6_k8_orbit_0029_rejected._native.native_decide.ax_1]
info: Math/ExcessTwoCertificatesAudit.lean:272:0: 'FiveBoundary.ExcessTwo.Generated.cert_d6_k8_orbit_0029_valid' depends on axioms: [propext,
 Classical.choice,
 Quot.sound,
 cert_d6_k8_orbit_0029_rejected._native.native_decide.ax_1]
info: Math/ExcessTwoCertificatesAudit.lean:273:0: 'FiveBoundary.ExcessTwo.Generated.cert_d6_k8_orbit_0030_positive' depends on axioms: [propext,
 Classical.choice,
 Quot.sound]
info: Math/ExcessTwoCertificatesAudit.lean:274:0: 'FiveBoundary.ExcessTwo.Generated.cert_d6_k8_orbit_0030_rejected' depends on axioms: [propext,
 Classical.choice,
 Quot.sound,
 cert_d6_k8_orbit_0030_rejected._native.native_decide.ax_1]
info: Math/ExcessTwoCertificatesAudit.lean:275:0: 'FiveBoundary.ExcessTwo.Generated.cert_d6_k8_orbit_0030_valid' depends on axioms: [propext,
 Classical.choice,
 Quot.sound,
 cert_d6_k8_orbit_0030_rejected._native.native_decide.ax_1]
info: Math/ExcessTwoCertificatesAudit.lean:276:0: 'FiveBoundary.ExcessTwo.Generated.cert_d6_k8_orbit_0031_positive' depends on axioms: [propext,
 Classical.choice,
 Quot.sound]
info: Math/ExcessTwoCertificatesAudit.lean:277:0: 'FiveBoundary.ExcessTwo.Generated.cert_d6_k8_orbit_0031_rejected' depends on axioms: [propext,
 Classical.choice,
 Quot.sound,
 cert_d6_k8_orbit_0031_rejected._native.native_decide.ax_1]
info: Math/ExcessTwoCertificatesAudit.lean:278:0: 'FiveBoundary.ExcessTwo.Generated.cert_d6_k8_orbit_0031_valid' depends on axioms: [propext,
 Classical.choice,
 Quot.sound,
 cert_d6_k8_orbit_0031_rejected._native.native_decide.ax_1]
info: Math/ExcessTwoCertificatesAudit.lean:279:0: 'FiveBoundary.ExcessTwo.Generated.cert_d6_k8_orbit_0032_positive' depends on axioms: [propext,
 Classical.choice,
 Quot.sound]
info: Math/ExcessTwoCertificatesAudit.lean:280:0: 'FiveBoundary.ExcessTwo.Generated.cert_d6_k8_orbit_0032_rejected' depends on axioms: [propext,
 Classical.choice,
 Quot.sound,
 cert_d6_k8_orbit_0032_rejected._native.native_decide.ax_1]
info: Math/ExcessTwoCertificatesAudit.lean:281:0: 'FiveBoundary.ExcessTwo.Generated.cert_d6_k8_orbit_0032_valid' depends on axioms: [propext,
 Classical.choice,
 Quot.sound,
 cert_d6_k8_orbit_0032_rejected._native.native_decide.ax_1]
info: Math/ExcessTwoCertificatesAudit.lean:282:0: 'FiveBoundary.ExcessTwo.Generated.cert_d6_k8_orbit_0033_positive' depends on axioms: [propext,
 Classical.choice,
 Quot.sound]
info: Math/ExcessTwoCertificatesAudit.lean:283:0: 'FiveBoundary.ExcessTwo.Generated.cert_d6_k8_orbit_0033_rejected' depends on axioms: [propext,
 Classical.choice,
 Quot.sound,
 cert_d6_k8_orbit_0033_rejected._native.native_decide.ax_1]
info: Math/ExcessTwoCertificatesAudit.lean:284:0: 'FiveBoundary.ExcessTwo.Generated.cert_d6_k8_orbit_0033_valid' depends on axioms: [propext,
 Classical.choice,
 Quot.sound,
 cert_d6_k8_orbit_0033_rejected._native.native_decide.ax_1]
info: Math/ExcessTwoCertificatesAudit.lean:285:0: 'FiveBoundary.ExcessTwo.Generated.cert_d6_k8_orbit_0034_positive' depends on axioms: [propext,
 Classical.choice,
 Quot.sound]
info: Math/ExcessTwoCertificatesAudit.lean:286:0: 'FiveBoundary.ExcessTwo.Generated.cert_d6_k8_orbit_0034_rejected' depends on axioms: [propext,
 Classical.choice,
 Quot.sound,
 cert_d6_k8_orbit_0034_rejected._native.native_decide.ax_1]
info: Math/ExcessTwoCertificatesAudit.lean:287:0: 'FiveBoundary.ExcessTwo.Generated.cert_d6_k8_orbit_0034_valid' depends on axioms: [propext,
 Classical.choice,
 Quot.sound,
 cert_d6_k8_orbit_0034_rejected._native.native_decide.ax_1]
info: Math/ExcessTwoCertificatesAudit.lean:288:0: 'FiveBoundary.ExcessTwo.Generated.cert_d6_k8_orbit_0035_positive' depends on axioms: [propext,
 Classical.choice,
 Quot.sound]
info: Math/ExcessTwoCertificatesAudit.lean:289:0: 'FiveBoundary.ExcessTwo.Generated.cert_d6_k8_orbit_0035_rejected' depends on axioms: [propext,
 Classical.choice,
 Quot.sound,
 cert_d6_k8_orbit_0035_rejected._native.native_decide.ax_1]
info: Math/ExcessTwoCertificatesAudit.lean:290:0: 'FiveBoundary.ExcessTwo.Generated.cert_d6_k8_orbit_0035_valid' depends on axioms: [propext,
 Classical.choice,
 Quot.sound,
 cert_d6_k8_orbit_0035_rejected._native.native_decide.ax_1]
info: Math/ExcessTwoCertificatesAudit.lean:291:0: 'FiveBoundary.ExcessTwo.Generated.cert_d6_k8_orbit_0036_positive' depends on axioms: [propext,
 Classical.choice,
 Quot.sound]
info: Math/ExcessTwoCertificatesAudit.lean:292:0: 'FiveBoundary.ExcessTwo.Generated.cert_d6_k8_orbit_0036_rejected' depends on axioms: [propext,
 Classical.choice,
 Quot.sound,
 cert_d6_k8_orbit_0036_rejected._native.native_decide.ax_1]
info: Math/ExcessTwoCertificatesAudit.lean:293:0: 'FiveBoundary.ExcessTwo.Generated.cert_d6_k8_orbit_0036_valid' depends on axioms: [propext,
 Classical.choice,
 Quot.sound,
 cert_d6_k8_orbit_0036_rejected._native.native_decide.ax_1]
info: Math/ExcessTwoCertificatesAudit.lean:294:0: 'FiveBoundary.ExcessTwo.Generated.cert_d6_k8_orbit_0037_positive' depends on axioms: [propext,
 Classical.choice,
 Quot.sound]
info: Math/ExcessTwoCertificatesAudit.lean:295:0: 'FiveBoundary.ExcessTwo.Generated.cert_d6_k8_orbit_0037_rejected' depends on axioms: [propext,
 Classical.choice,
 Quot.sound,
 cert_d6_k8_orbit_0037_rejected._native.native_decide.ax_1]
info: Math/ExcessTwoCertificatesAudit.lean:296:0: 'FiveBoundary.ExcessTwo.Generated.cert_d6_k8_orbit_0037_valid' depends on axioms: [propext,
 Classical.choice,
 Quot.sound,
 cert_d6_k8_orbit_0037_rejected._native.native_decide.ax_1]
info: Math/ExcessTwoCertificatesAudit.lean:297:0: 'FiveBoundary.ExcessTwo.Generated.cert_d6_k8_orbit_0038_positive' depends on axioms: [propext,
 Classical.choice,
 Quot.sound]
info: Math/ExcessTwoCertificatesAudit.lean:298:0: 'FiveBoundary.ExcessTwo.Generated.cert_d6_k8_orbit_0038_rejected' depends on axioms: [propext,
 Classical.choice,
 Quot.sound,
 cert_d6_k8_orbit_0038_rejected._native.native_decide.ax_1]
info: Math/ExcessTwoCertificatesAudit.lean:299:0: 'FiveBoundary.ExcessTwo.Generated.cert_d6_k8_orbit_0038_valid' depends on axioms: [propext,
 Classical.choice,
 Quot.sound,
 cert_d6_k8_orbit_0038_rejected._native.native_decide.ax_1]
info: Math/ExcessTwoCertificatesAudit.lean:300:0: 'FiveBoundary.ExcessTwo.Generated.cert_d6_k8_orbit_0039_positive' depends on axioms: [propext,
 Classical.choice,
 Quot.sound]
info: Math/ExcessTwoCertificatesAudit.lean:301:0: 'FiveBoundary.ExcessTwo.Generated.cert_d6_k8_orbit_0039_rejected' depends on axioms: [propext,
 Classical.choice,
 Quot.sound,
 cert_d6_k8_orbit_0039_rejected._native.native_decide.ax_1]
info: Math/ExcessTwoCertificatesAudit.lean:302:0: 'FiveBoundary.ExcessTwo.Generated.cert_d6_k8_orbit_0039_valid' depends on axioms: [propext,
 Classical.choice,
 Quot.sound,
 cert_d6_k8_orbit_0039_rejected._native.native_decide.ax_1]
info: Math/ExcessTwoCertificatesAudit.lean:303:0: 'FiveBoundary.ExcessTwo.Generated.cert_d6_k8_orbit_0040_positive' depends on axioms: [propext,
 Classical.choice,
 Quot.sound]
info: Math/ExcessTwoCertificatesAudit.lean:304:0: 'FiveBoundary.ExcessTwo.Generated.cert_d6_k8_orbit_0040_rejected' depends on axioms: [propext,
 Classical.choice,
 Quot.sound,
 cert_d6_k8_orbit_0040_rejected._native.native_decide.ax_1]
info: Math/ExcessTwoCertificatesAudit.lean:305:0: 'FiveBoundary.ExcessTwo.Generated.cert_d6_k8_orbit_0040_valid' depends on axioms: [propext,
 Classical.choice,
 Quot.sound,
 cert_d6_k8_orbit_0040_rejected._native.native_decide.ax_1]
info: Math/ExcessTwoCertificatesAudit.lean:306:0: 'FiveBoundary.ExcessTwo.Generated.cert_d6_k8_orbit_0041_positive' depends on axioms: [propext,
 Classical.choice,
 Quot.sound]
info: Math/ExcessTwoCertificatesAudit.lean:307:0: 'FiveBoundary.ExcessTwo.Generated.cert_d6_k8_orbit_0041_rejected' depends on axioms: [propext,
 Classical.choice,
 Quot.sound,
 cert_d6_k8_orbit_0041_rejected._native.native_decide.ax_1]
info: Math/ExcessTwoCertificatesAudit.lean:308:0: 'FiveBoundary.ExcessTwo.Generated.cert_d6_k8_orbit_0041_valid' depends on axioms: [propext,
 Classical.choice,
 Quot.sound,
 cert_d6_k8_orbit_0041_rejected._native.native_decide.ax_1]
info: Math/ExcessTwoCertificatesAudit.lean:309:0: 'FiveBoundary.ExcessTwo.Generated.cert_d6_k9_orbit_0001_positive' depends on axioms: [propext,
 Classical.choice,
 Quot.sound]
info: Math/ExcessTwoCertificatesAudit.lean:310:0: 'FiveBoundary.ExcessTwo.Generated.cert_d6_k9_orbit_0001_rejected' depends on axioms: [propext,
 Classical.choice,
 Quot.sound,
 cert_d6_k9_orbit_0001_rejected._native.native_decide.ax_1]
info: Math/ExcessTwoCertificatesAudit.lean:311:0: 'FiveBoundary.ExcessTwo.Generated.cert_d6_k9_orbit_0001_valid' depends on axioms: [propext,
 Classical.choice,
 Quot.sound,
 cert_d6_k9_orbit_0001_rejected._native.native_decide.ax_1]
info: Math/ExcessTwoCertificatesAudit.lean:312:0: 'FiveBoundary.ExcessTwo.Generated.cert_d6_k9_orbit_0002_positive' depends on axioms: [propext,
 Classical.choice,
 Quot.sound]
info: Math/ExcessTwoCertificatesAudit.lean:313:0: 'FiveBoundary.ExcessTwo.Generated.cert_d6_k9_orbit_0002_rejected' depends on axioms: [propext,
 Classical.choice,
 Quot.sound,
 cert_d6_k9_orbit_0002_rejected._native.native_decide.ax_1]
info: Math/ExcessTwoCertificatesAudit.lean:314:0: 'FiveBoundary.ExcessTwo.Generated.cert_d6_k9_orbit_0002_valid' depends on axioms: [propext,
 Classical.choice,
 Quot.sound,
 cert_d6_k9_orbit_0002_rejected._native.native_decide.ax_1]
info: Math/ExcessTwoCertificatesAudit.lean:315:0: 'FiveBoundary.ExcessTwo.Generated.cert_d6_k9_orbit_0003_positive' depends on axioms: [propext,
 Classical.choice,
 Quot.sound]
info: Math/ExcessTwoCertificatesAudit.lean:316:0: 'FiveBoundary.ExcessTwo.Generated.cert_d6_k9_orbit_0003_rejected' depends on axioms: [propext,
 Classical.choice,
 Quot.sound,
 cert_d6_k9_orbit_0003_rejected._native.native_decide.ax_1]
info: Math/ExcessTwoCertificatesAudit.lean:317:0: 'FiveBoundary.ExcessTwo.Generated.cert_d6_k9_orbit_0003_valid' depends on axioms: [propext,
 Classical.choice,
 Quot.sound,
 cert_d6_k9_orbit_0003_rejected._native.native_decide.ax_1]
info: Math/ExcessTwoCertificatesAudit.lean:318:0: 'FiveBoundary.ExcessTwo.Generated.cert_d6_k9_orbit_0004_positive' depends on axioms: [propext,
 Classical.choice,
 Quot.sound]
info: Math/ExcessTwoCertificatesAudit.lean:319:0: 'FiveBoundary.ExcessTwo.Generated.cert_d6_k9_orbit_0004_rejected' depends on axioms: [propext,
 Classical.choice,
 Quot.sound,
 cert_d6_k9_orbit_0004_rejected._native.native_decide.ax_1]
info: Math/ExcessTwoCertificatesAudit.lean:320:0: 'FiveBoundary.ExcessTwo.Generated.cert_d6_k9_orbit_0004_valid' depends on axioms: [propext,
 Classical.choice,
 Quot.sound,
 cert_d6_k9_orbit_0004_rejected._native.native_decide.ax_1]
info: Math/ExcessTwoCertificatesAudit.lean:321:0: 'FiveBoundary.ExcessTwo.Generated.cert_d6_k9_orbit_0005_positive' depends on axioms: [propext,
 Classical.choice,
 Quot.sound]
info: Math/ExcessTwoCertificatesAudit.lean:322:0: 'FiveBoundary.ExcessTwo.Generated.cert_d6_k9_orbit_0005_rejected' depends on axioms: [propext,
 Classical.choice,
 Quot.sound,
 cert_d6_k9_orbit_0005_rejected._native.native_decide.ax_1]
info: Math/ExcessTwoCertificatesAudit.lean:323:0: 'FiveBoundary.ExcessTwo.Generated.cert_d6_k9_orbit_0005_valid' depends on axioms: [propext,
 Classical.choice,
 Quot.sound,
 cert_d6_k9_orbit_0005_rejected._native.native_decide.ax_1]
info: Math/ExcessTwoCertificatesAudit.lean:324:0: 'FiveBoundary.ExcessTwo.Generated.cert_d6_k9_orbit_0006_positive' depends on axioms: [propext,
 Classical.choice,
 Quot.sound]
info: Math/ExcessTwoCertificatesAudit.lean:325:0: 'FiveBoundary.ExcessTwo.Generated.cert_d6_k9_orbit_0006_rejected' depends on axioms: [propext,
 Classical.choice,
 Quot.sound,
 cert_d6_k9_orbit_0006_rejected._native.native_decide.ax_1]
info: Math/ExcessTwoCertificatesAudit.lean:326:0: 'FiveBoundary.ExcessTwo.Generated.cert_d6_k9_orbit_0006_valid' depends on axioms: [propext,
 Classical.choice,
 Quot.sound,
 cert_d6_k9_orbit_0006_rejected._native.native_decide.ax_1]
info: Math/ExcessTwoCertificatesAudit.lean:327:0: 'FiveBoundary.ExcessTwo.Generated.cert_d6_k9_orbit_0007_positive' depends on axioms: [propext,
 Classical.choice,
 Quot.sound]
info: Math/ExcessTwoCertificatesAudit.lean:328:0: 'FiveBoundary.ExcessTwo.Generated.cert_d6_k9_orbit_0007_rejected' depends on axioms: [propext,
 Classical.choice,
 Quot.sound,
 cert_d6_k9_orbit_0007_rejected._native.native_decide.ax_1]
info: Math/ExcessTwoCertificatesAudit.lean:329:0: 'FiveBoundary.ExcessTwo.Generated.cert_d6_k9_orbit_0007_valid' depends on axioms: [propext,
 Classical.choice,
 Quot.sound,
 cert_d6_k9_orbit_0007_rejected._native.native_decide.ax_1]
info: Math/ExcessTwoCertificatesAudit.lean:330:0: 'FiveBoundary.ExcessTwo.Generated.cert_d6_k9_orbit_0008_positive' depends on axioms: [propext,
 Classical.choice,
 Quot.sound]
info: Math/ExcessTwoCertificatesAudit.lean:331:0: 'FiveBoundary.ExcessTwo.Generated.cert_d6_k9_orbit_0008_rejected' depends on axioms: [propext,
 Classical.choice,
 Quot.sound,
 cert_d6_k9_orbit_0008_rejected._native.native_decide.ax_1]
info: Math/ExcessTwoCertificatesAudit.lean:332:0: 'FiveBoundary.ExcessTwo.Generated.cert_d6_k9_orbit_0008_valid' depends on axioms: [propext,
 Classical.choice,
 Quot.sound,
 cert_d6_k9_orbit_0008_rejected._native.native_decide.ax_1]
info: Math/ExcessTwoCertificatesAudit.lean:333:0: 'FiveBoundary.ExcessTwo.Generated.cert_d6_k9_orbit_0009_positive' depends on axioms: [propext,
 Classical.choice,
 Quot.sound]
info: Math/ExcessTwoCertificatesAudit.lean:334:0: 'FiveBoundary.ExcessTwo.Generated.cert_d6_k9_orbit_0009_rejected' depends on axioms: [propext,
 Classical.choice,
 Quot.sound,
 cert_d6_k9_orbit_0009_rejected._native.native_decide.ax_1]
info: Math/ExcessTwoCertificatesAudit.lean:335:0: 'FiveBoundary.ExcessTwo.Generated.cert_d6_k9_orbit_0009_valid' depends on axioms: [propext,
 Classical.choice,
 Quot.sound,
 cert_d6_k9_orbit_0009_rejected._native.native_decide.ax_1]
info: Math/ExcessTwoCertificatesAudit.lean:336:0: 'FiveBoundary.ExcessTwo.Generated.cert_d6_k9_orbit_0010_positive' depends on axioms: [propext,
 Classical.choice,
 Quot.sound]
info: Math/ExcessTwoCertificatesAudit.lean:337:0: 'FiveBoundary.ExcessTwo.Generated.cert_d6_k9_orbit_0010_rejected' depends on axioms: [propext,
 Classical.choice,
 Quot.sound,
 cert_d6_k9_orbit_0010_rejected._native.native_decide.ax_1]
info: Math/ExcessTwoCertificatesAudit.lean:338:0: 'FiveBoundary.ExcessTwo.Generated.cert_d6_k9_orbit_0010_valid' depends on axioms: [propext,
 Classical.choice,
 Quot.sound,
 cert_d6_k9_orbit_0010_rejected._native.native_decide.ax_1]
info: Math/ExcessTwoCertificatesAudit.lean:339:0: 'FiveBoundary.ExcessTwo.Generated.cert_d6_k9_orbit_0011_positive' depends on axioms: [propext,
 Classical.choice,
 Quot.sound]
info: Math/ExcessTwoCertificatesAudit.lean:340:0: 'FiveBoundary.ExcessTwo.Generated.cert_d6_k9_orbit_0011_rejected' depends on axioms: [propext,
 Classical.choice,
 Quot.sound,
 cert_d6_k9_orbit_0011_rejected._native.native_decide.ax_1]
info: Math/ExcessTwoCertificatesAudit.lean:341:0: 'FiveBoundary.ExcessTwo.Generated.cert_d6_k9_orbit_0011_valid' depends on axioms: [propext,
 Classical.choice,
 Quot.sound,
 cert_d6_k9_orbit_0011_rejected._native.native_decide.ax_1]
info: Math/ExcessTwoCertificatesAudit.lean:342:0: 'FiveBoundary.ExcessTwo.Generated.cert_d6_k9_orbit_0012_positive' depends on axioms: [propext,
 Classical.choice,
 Quot.sound]
info: Math/ExcessTwoCertificatesAudit.lean:343:0: 'FiveBoundary.ExcessTwo.Generated.cert_d6_k9_orbit_0012_rejected' depends on axioms: [propext,
 Classical.choice,
 Quot.sound,
 cert_d6_k9_orbit_0012_rejected._native.native_decide.ax_1]
info: Math/ExcessTwoCertificatesAudit.lean:344:0: 'FiveBoundary.ExcessTwo.Generated.cert_d6_k9_orbit_0012_valid' depends on axioms: [propext,
 Classical.choice,
 Quot.sound,
 cert_d6_k9_orbit_0012_rejected._native.native_decide.ax_1]
info: Math/ExcessTwoCertificatesAudit.lean:345:0: 'FiveBoundary.ExcessTwo.Generated.cert_d6_k9_orbit_0013_positive' depends on axioms: [propext,
 Classical.choice,
 Quot.sound]
info: Math/ExcessTwoCertificatesAudit.lean:346:0: 'FiveBoundary.ExcessTwo.Generated.cert_d6_k9_orbit_0013_rejected' depends on axioms: [propext,
 Classical.choice,
 Quot.sound,
 cert_d6_k9_orbit_0013_rejected._native.native_decide.ax_1]
info: Math/ExcessTwoCertificatesAudit.lean:347:0: 'FiveBoundary.ExcessTwo.Generated.cert_d6_k9_orbit_0013_valid' depends on axioms: [propext,
 Classical.choice,
 Quot.sound,
 cert_d6_k9_orbit_0013_rejected._native.native_decide.ax_1]
info: Math/ExcessTwoCertificatesAudit.lean:348:0: 'FiveBoundary.ExcessTwo.Generated.cert_d6_k9_orbit_0014_positive' depends on axioms: [propext,
 Classical.choice,
 Quot.sound]
info: Math/ExcessTwoCertificatesAudit.lean:349:0: 'FiveBoundary.ExcessTwo.Generated.cert_d6_k9_orbit_0014_rejected' depends on axioms: [propext,
 Classical.choice,
 Quot.sound,
 cert_d6_k9_orbit_0014_rejected._native.native_decide.ax_1]
info: Math/ExcessTwoCertificatesAudit.lean:350:0: 'FiveBoundary.ExcessTwo.Generated.cert_d6_k9_orbit_0014_valid' depends on axioms: [propext,
 Classical.choice,
 Quot.sound,
 cert_d6_k9_orbit_0014_rejected._native.native_decide.ax_1]
info: Math/ExcessTwoCertificatesAudit.lean:351:0: 'FiveBoundary.ExcessTwo.Generated.cert_d6_k9_orbit_0015_positive' depends on axioms: [propext,
 Classical.choice,
 Quot.sound]
info: Math/ExcessTwoCertificatesAudit.lean:352:0: 'FiveBoundary.ExcessTwo.Generated.cert_d6_k9_orbit_0015_rejected' depends on axioms: [propext,
 Classical.choice,
 Quot.sound,
 cert_d6_k9_orbit_0015_rejected._native.native_decide.ax_1]
info: Math/ExcessTwoCertificatesAudit.lean:353:0: 'FiveBoundary.ExcessTwo.Generated.cert_d6_k9_orbit_0015_valid' depends on axioms: [propext,
 Classical.choice,
 Quot.sound,
 cert_d6_k9_orbit_0015_rejected._native.native_decide.ax_1]
info: Math/ExcessTwoCertificatesAudit.lean:354:0: 'FiveBoundary.ExcessTwo.Generated.cert_d6_k9_orbit_0016_positive' depends on axioms: [propext,
 Classical.choice,
 Quot.sound]
info: Math/ExcessTwoCertificatesAudit.lean:355:0: 'FiveBoundary.ExcessTwo.Generated.cert_d6_k9_orbit_0016_rejected' depends on axioms: [propext,
 Classical.choice,
 Quot.sound,
 cert_d6_k9_orbit_0016_rejected._native.native_decide.ax_1]
info: Math/ExcessTwoCertificatesAudit.lean:356:0: 'FiveBoundary.ExcessTwo.Generated.cert_d6_k9_orbit_0016_valid' depends on axioms: [propext,
 Classical.choice,
 Quot.sound,
 cert_d6_k9_orbit_0016_rejected._native.native_decide.ax_1]
info: Math/ExcessTwoCertificatesAudit.lean:357:0: 'FiveBoundary.ExcessTwo.Generated.cert_d6_k9_orbit_0017_positive' depends on axioms: [propext,
 Classical.choice,
 Quot.sound]
info: Math/ExcessTwoCertificatesAudit.lean:358:0: 'FiveBoundary.ExcessTwo.Generated.cert_d6_k9_orbit_0017_rejected' depends on axioms: [propext,
 Classical.choice,
 Quot.sound,
 cert_d6_k9_orbit_0017_rejected._native.native_decide.ax_1]
info: Math/ExcessTwoCertificatesAudit.lean:359:0: 'FiveBoundary.ExcessTwo.Generated.cert_d6_k9_orbit_0017_valid' depends on axioms: [propext,
 Classical.choice,
 Quot.sound,
 cert_d6_k9_orbit_0017_rejected._native.native_decide.ax_1]
info: Math/ExcessTwoCertificatesAudit.lean:360:0: 'FiveBoundary.ExcessTwo.Generated.cert_d6_k9_orbit_0018_positive' depends on axioms: [propext,
 Classical.choice,
 Quot.sound]
info: Math/ExcessTwoCertificatesAudit.lean:361:0: 'FiveBoundary.ExcessTwo.Generated.cert_d6_k9_orbit_0018_rejected' depends on axioms: [propext,
 Classical.choice,
 Quot.sound,
 cert_d6_k9_orbit_0018_rejected._native.native_decide.ax_1]
info: Math/ExcessTwoCertificatesAudit.lean:362:0: 'FiveBoundary.ExcessTwo.Generated.cert_d6_k9_orbit_0018_valid' depends on axioms: [propext,
 Classical.choice,
 Quot.sound,
 cert_d6_k9_orbit_0018_rejected._native.native_decide.ax_1]
info: Math/ExcessTwoCertificatesAudit.lean:363:0: 'FiveBoundary.ExcessTwo.Generated.cert_d6_k9_orbit_0019_positive' depends on axioms: [propext,
 Classical.choice,
 Quot.sound]
info: Math/ExcessTwoCertificatesAudit.lean:364:0: 'FiveBoundary.ExcessTwo.Generated.cert_d6_k9_orbit_0019_rejected' depends on axioms: [propext,
 Classical.choice,
 Quot.sound,
 cert_d6_k9_orbit_0019_rejected._native.native_decide.ax_1]
info: Math/ExcessTwoCertificatesAudit.lean:365:0: 'FiveBoundary.ExcessTwo.Generated.cert_d6_k9_orbit_0019_valid' depends on axioms: [propext,
 Classical.choice,
 Quot.sound,
 cert_d6_k9_orbit_0019_rejected._native.native_decide.ax_1]
info: Math/ExcessTwoCertificatesAudit.lean:366:0: 'FiveBoundary.ExcessTwo.Generated.cert_d6_k9_orbit_0020_positive' depends on axioms: [propext,
 Classical.choice,
 Quot.sound]
info: Math/ExcessTwoCertificatesAudit.lean:367:0: 'FiveBoundary.ExcessTwo.Generated.cert_d6_k9_orbit_0020_rejected' depends on axioms: [propext,
 Classical.choice,
 Quot.sound,
 cert_d6_k9_orbit_0020_rejected._native.native_decide.ax_1]
info: Math/ExcessTwoCertificatesAudit.lean:368:0: 'FiveBoundary.ExcessTwo.Generated.cert_d6_k9_orbit_0020_valid' depends on axioms: [propext,
 Classical.choice,
 Quot.sound,
 cert_d6_k9_orbit_0020_rejected._native.native_decide.ax_1]
info: Math/ExcessTwoCertificatesAudit.lean:369:0: 'FiveBoundary.ExcessTwo.Generated.cert_d6_k9_orbit_0021_positive' depends on axioms: [propext,
 Classical.choice,
 Quot.sound]
info: Math/ExcessTwoCertificatesAudit.lean:370:0: 'FiveBoundary.ExcessTwo.Generated.cert_d6_k9_orbit_0021_rejected' depends on axioms: [propext,
 Classical.choice,
 Quot.sound,
 cert_d6_k9_orbit_0021_rejected._native.native_decide.ax_1]
info: Math/ExcessTwoCertificatesAudit.lean:371:0: 'FiveBoundary.ExcessTwo.Generated.cert_d6_k9_orbit_0021_valid' depends on axioms: [propext,
 Classical.choice,
 Quot.sound,
 cert_d6_k9_orbit_0021_rejected._native.native_decide.ax_1]
info: Math/ExcessTwoCertificatesAudit.lean:372:0: 'FiveBoundary.ExcessTwo.Generated.cert_d6_k9_orbit_0022_positive' depends on axioms: [propext,
 Classical.choice,
 Quot.sound]
info: Math/ExcessTwoCertificatesAudit.lean:373:0: 'FiveBoundary.ExcessTwo.Generated.cert_d6_k9_orbit_0022_rejected' depends on axioms: [propext,
 Classical.choice,
 Quot.sound,
 cert_d6_k9_orbit_0022_rejected._native.native_decide.ax_1]
info: Math/ExcessTwoCertificatesAudit.lean:374:0: 'FiveBoundary.ExcessTwo.Generated.cert_d6_k9_orbit_0022_valid' depends on axioms: [propext,
 Classical.choice,
 Quot.sound,
 cert_d6_k9_orbit_0022_rejected._native.native_decide.ax_1]
info: Math/ExcessTwoCertificatesAudit.lean:375:0: 'FiveBoundary.ExcessTwo.Generated.cert_d6_k9_orbit_0023_positive' depends on axioms: [propext,
 Classical.choice,
 Quot.sound]
info: Math/ExcessTwoCertificatesAudit.lean:376:0: 'FiveBoundary.ExcessTwo.Generated.cert_d6_k9_orbit_0023_rejected' depends on axioms: [propext,
 Classical.choice,
 Quot.sound,
 cert_d6_k9_orbit_0023_rejected._native.native_decide.ax_1]
info: Math/ExcessTwoCertificatesAudit.lean:377:0: 'FiveBoundary.ExcessTwo.Generated.cert_d6_k9_orbit_0023_valid' depends on axioms: [propext,
 Classical.choice,
 Quot.sound,
 cert_d6_k9_orbit_0023_rejected._native.native_decide.ax_1]
info: Math/ExcessTwoCertificatesAudit.lean:378:0: 'FiveBoundary.ExcessTwo.Generated.cert_d6_k9_orbit_0024_positive' depends on axioms: [propext,
 Classical.choice,
 Quot.sound]
info: Math/ExcessTwoCertificatesAudit.lean:379:0: 'FiveBoundary.ExcessTwo.Generated.cert_d6_k9_orbit_0024_rejected' depends on axioms: [propext,
 Classical.choice,
 Quot.sound,
 cert_d6_k9_orbit_0024_rejected._native.native_decide.ax_1]
info: Math/ExcessTwoCertificatesAudit.lean:380:0: 'FiveBoundary.ExcessTwo.Generated.cert_d6_k9_orbit_0024_valid' depends on axioms: [propext,
 Classical.choice,
 Quot.sound,
 cert_d6_k9_orbit_0024_rejected._native.native_decide.ax_1]
info: Math/ExcessTwoCertificatesAudit.lean:381:0: 'FiveBoundary.ExcessTwo.Generated.cert_d6_k9_orbit_0025_positive' depends on axioms: [propext,
 Classical.choice,
 Quot.sound]
info: Math/ExcessTwoCertificatesAudit.lean:382:0: 'FiveBoundary.ExcessTwo.Generated.cert_d6_k9_orbit_0025_rejected' depends on axioms: [propext,
 Classical.choice,
 Quot.sound,
 cert_d6_k9_orbit_0025_rejected._native.native_decide.ax_1]
info: Math/ExcessTwoCertificatesAudit.lean:383:0: 'FiveBoundary.ExcessTwo.Generated.cert_d6_k9_orbit_0025_valid' depends on axioms: [propext,
 Classical.choice,
 Quot.sound,
 cert_d6_k9_orbit_0025_rejected._native.native_decide.ax_1]
info: Math/ExcessTwoCertificatesAudit.lean:384:0: 'FiveBoundary.ExcessTwo.Generated.cert_d6_k9_orbit_0026_positive' depends on axioms: [propext,
 Classical.choice,
 Quot.sound]
info: Math/ExcessTwoCertificatesAudit.lean:385:0: 'FiveBoundary.ExcessTwo.Generated.cert_d6_k9_orbit_0026_rejected' depends on axioms: [propext,
 Classical.choice,
 Quot.sound,
 cert_d6_k9_orbit_0026_rejected._native.native_decide.ax_1]
info: Math/ExcessTwoCertificatesAudit.lean:386:0: 'FiveBoundary.ExcessTwo.Generated.cert_d6_k9_orbit_0026_valid' depends on axioms: [propext,
 Classical.choice,
 Quot.sound,
 cert_d6_k9_orbit_0026_rejected._native.native_decide.ax_1]
info: Math/ExcessTwoCertificatesAudit.lean:387:0: 'FiveBoundary.ExcessTwo.Generated.cert_d6_k9_orbit_0027_positive' depends on axioms: [propext,
 Classical.choice,
 Quot.sound]
info: Math/ExcessTwoCertificatesAudit.lean:388:0: 'FiveBoundary.ExcessTwo.Generated.cert_d6_k9_orbit_0027_rejected' depends on axioms: [propext,
 Classical.choice,
 Quot.sound,
 cert_d6_k9_orbit_0027_rejected._native.native_decide.ax_1]
info: Math/ExcessTwoCertificatesAudit.lean:389:0: 'FiveBoundary.ExcessTwo.Generated.cert_d6_k9_orbit_0027_valid' depends on axioms: [propext,
 Classical.choice,
 Quot.sound,
 cert_d6_k9_orbit_0027_rejected._native.native_decide.ax_1]
info: Math/ExcessTwoCertificatesAudit.lean:390:0: 'FiveBoundary.ExcessTwo.Generated.cert_d6_k9_orbit_0028_positive' depends on axioms: [propext,
 Classical.choice,
 Quot.sound]
info: Math/ExcessTwoCertificatesAudit.lean:391:0: 'FiveBoundary.ExcessTwo.Generated.cert_d6_k9_orbit_0028_rejected' depends on axioms: [propext,
 Classical.choice,
 Quot.sound,
 cert_d6_k9_orbit_0028_rejected._native.native_decide.ax_1]
info: Math/ExcessTwoCertificatesAudit.lean:392:0: 'FiveBoundary.ExcessTwo.Generated.cert_d6_k9_orbit_0028_valid' depends on axioms: [propext,
 Classical.choice,
 Quot.sound,
 cert_d6_k9_orbit_0028_rejected._native.native_decide.ax_1]
info: Math/ExcessTwoCertificatesAudit.lean:393:0: 'FiveBoundary.ExcessTwo.Generated.cert_d6_k9_orbit_0029_positive' depends on axioms: [propext,
 Classical.choice,
 Quot.sound]
info: Math/ExcessTwoCertificatesAudit.lean:394:0: 'FiveBoundary.ExcessTwo.Generated.cert_d6_k9_orbit_0029_rejected' depends on axioms: [propext,
 Classical.choice,
 Quot.sound,
 cert_d6_k9_orbit_0029_rejected._native.native_decide.ax_1]
info: Math/ExcessTwoCertificatesAudit.lean:395:0: 'FiveBoundary.ExcessTwo.Generated.cert_d6_k9_orbit_0029_valid' depends on axioms: [propext,
 Classical.choice,
 Quot.sound,
 cert_d6_k9_orbit_0029_rejected._native.native_decide.ax_1]
info: Math/ExcessTwoCertificatesAudit.lean:396:0: 'FiveBoundary.ExcessTwo.Generated.cert_d6_k9_orbit_0030_positive' depends on axioms: [propext,
 Classical.choice,
 Quot.sound]
info: Math/ExcessTwoCertificatesAudit.lean:397:0: 'FiveBoundary.ExcessTwo.Generated.cert_d6_k9_orbit_0030_rejected' depends on axioms: [propext,
 Classical.choice,
 Quot.sound,
 cert_d6_k9_orbit_0030_rejected._native.native_decide.ax_1]
info: Math/ExcessTwoCertificatesAudit.lean:398:0: 'FiveBoundary.ExcessTwo.Generated.cert_d6_k9_orbit_0030_valid' depends on axioms: [propext,
 Classical.choice,
 Quot.sound,
 cert_d6_k9_orbit_0030_rejected._native.native_decide.ax_1]
info: Math/ExcessTwoCertificatesAudit.lean:399:0: 'FiveBoundary.ExcessTwo.Generated.cert_d6_k9_orbit_0031_positive' depends on axioms: [propext,
 Classical.choice,
 Quot.sound]
info: Math/ExcessTwoCertificatesAudit.lean:400:0: 'FiveBoundary.ExcessTwo.Generated.cert_d6_k9_orbit_0031_rejected' depends on axioms: [propext,
 Classical.choice,
 Quot.sound,
 cert_d6_k9_orbit_0031_rejected._native.native_decide.ax_1]
info: Math/ExcessTwoCertificatesAudit.lean:401:0: 'FiveBoundary.ExcessTwo.Generated.cert_d6_k9_orbit_0031_valid' depends on axioms: [propext,
 Classical.choice,
 Quot.sound,
 cert_d6_k9_orbit_0031_rejected._native.native_decide.ax_1]
info: Math/ExcessTwoCertificatesAudit.lean:402:0: 'FiveBoundary.ExcessTwo.Generated.cert_d6_k9_orbit_0032_positive' depends on axioms: [propext,
 Classical.choice,
 Quot.sound]
info: Math/ExcessTwoCertificatesAudit.lean:403:0: 'FiveBoundary.ExcessTwo.Generated.cert_d6_k9_orbit_0032_rejected' depends on axioms: [propext,
 Classical.choice,
 Quot.sound,
 cert_d6_k9_orbit_0032_rejected._native.native_decide.ax_1]
info: Math/ExcessTwoCertificatesAudit.lean:404:0: 'FiveBoundary.ExcessTwo.Generated.cert_d6_k9_orbit_0032_valid' depends on axioms: [propext,
 Classical.choice,
 Quot.sound,
 cert_d6_k9_orbit_0032_rejected._native.native_decide.ax_1]
info: Math/ExcessTwoCertificatesAudit.lean:405:0: 'FiveBoundary.ExcessTwo.Generated.cert_d6_k9_orbit_0033_positive' depends on axioms: [propext,
 Classical.choice,
 Quot.sound]
info: Math/ExcessTwoCertificatesAudit.lean:406:0: 'FiveBoundary.ExcessTwo.Generated.cert_d6_k9_orbit_0033_rejected' depends on axioms: [propext,
 Classical.choice,
 Quot.sound,
 cert_d6_k9_orbit_0033_rejected._native.native_decide.ax_1]
info: Math/ExcessTwoCertificatesAudit.lean:407:0: 'FiveBoundary.ExcessTwo.Generated.cert_d6_k9_orbit_0033_valid' depends on axioms: [propext,
 Classical.choice,
 Quot.sound,
 cert_d6_k9_orbit_0033_rejected._native.native_decide.ax_1]
info: Math/ExcessTwoCertificatesAudit.lean:408:0: 'FiveBoundary.ExcessTwo.Generated.cert_d6_k9_orbit_0034_positive' depends on axioms: [propext,
 Classical.choice,
 Quot.sound]
info: Math/ExcessTwoCertificatesAudit.lean:409:0: 'FiveBoundary.ExcessTwo.Generated.cert_d6_k9_orbit_0034_rejected' depends on axioms: [propext,
 Classical.choice,
 Quot.sound,
 cert_d6_k9_orbit_0034_rejected._native.native_decide.ax_1]
info: Math/ExcessTwoCertificatesAudit.lean:410:0: 'FiveBoundary.ExcessTwo.Generated.cert_d6_k9_orbit_0034_valid' depends on axioms: [propext,
 Classical.choice,
 Quot.sound,
 cert_d6_k9_orbit_0034_rejected._native.native_decide.ax_1]
info: Math/ExcessTwoCertificatesAudit.lean:411:0: 'FiveBoundary.ExcessTwo.Generated.cert_d6_k9_orbit_0035_positive' depends on axioms: [propext,
 Classical.choice,
 Quot.sound]
info: Math/ExcessTwoCertificatesAudit.lean:412:0: 'FiveBoundary.ExcessTwo.Generated.cert_d6_k9_orbit_0035_rejected' depends on axioms: [propext,
 Classical.choice,
 Quot.sound,
 cert_d6_k9_orbit_0035_rejected._native.native_decide.ax_1]
info: Math/ExcessTwoCertificatesAudit.lean:413:0: 'FiveBoundary.ExcessTwo.Generated.cert_d6_k9_orbit_0035_valid' depends on axioms: [propext,
 Classical.choice,
 Quot.sound,
 cert_d6_k9_orbit_0035_rejected._native.native_decide.ax_1]
info: Math/ExcessTwoCertificatesAudit.lean:414:0: 'FiveBoundary.ExcessTwo.Generated.cert_na_k6_orbit_0001_positive' depends on axioms: [propext,
 Classical.choice,
 Quot.sound]
info: Math/ExcessTwoCertificatesAudit.lean:415:0: 'FiveBoundary.ExcessTwo.Generated.cert_na_k6_orbit_0001_rejected' depends on axioms: [propext,
 Classical.choice,
 Quot.sound,
 cert_na_k6_orbit_0001_rejected._native.native_decide.ax_1]
info: Math/ExcessTwoCertificatesAudit.lean:416:0: 'FiveBoundary.ExcessTwo.Generated.cert_na_k6_orbit_0001_valid' depends on axioms: [propext,
 Classical.choice,
 Quot.sound,
 cert_na_k6_orbit_0001_rejected._native.native_decide.ax_1]
info: Math/ExcessTwoCertificatesAudit.lean:417:0: 'FiveBoundary.ExcessTwo.Generated.cert_na_k6_orbit_0002_positive' depends on axioms: [propext,
 Classical.choice,
 Quot.sound]
info: Math/ExcessTwoCertificatesAudit.lean:418:0: 'FiveBoundary.ExcessTwo.Generated.cert_na_k6_orbit_0002_rejected' depends on axioms: [propext,
 Classical.choice,
 Quot.sound,
 cert_na_k6_orbit_0002_rejected._native.native_decide.ax_1]
info: Math/ExcessTwoCertificatesAudit.lean:419:0: 'FiveBoundary.ExcessTwo.Generated.cert_na_k6_orbit_0002_valid' depends on axioms: [propext,
 Classical.choice,
 Quot.sound,
 cert_na_k6_orbit_0002_rejected._native.native_decide.ax_1]
info: Math/ExcessTwoCertificatesAudit.lean:420:0: 'FiveBoundary.ExcessTwo.Generated.cert_na_k6_orbit_0003_positive' depends on axioms: [propext,
 Classical.choice,
 Quot.sound]
info: Math/ExcessTwoCertificatesAudit.lean:421:0: 'FiveBoundary.ExcessTwo.Generated.cert_na_k6_orbit_0003_rejected' depends on axioms: [propext,
 Classical.choice,
 Quot.sound,
 cert_na_k6_orbit_0003_rejected._native.native_decide.ax_1]
info: Math/ExcessTwoCertificatesAudit.lean:422:0: 'FiveBoundary.ExcessTwo.Generated.cert_na_k6_orbit_0003_valid' depends on axioms: [propext,
 Classical.choice,
 Quot.sound,
 cert_na_k6_orbit_0003_rejected._native.native_decide.ax_1]
info: Math/ExcessTwoCertificatesAudit.lean:423:0: 'FiveBoundary.ExcessTwo.Generated.cert_na_k7_orbit_0001_positive' depends on axioms: [propext,
 Classical.choice,
 Quot.sound]
info: Math/ExcessTwoCertificatesAudit.lean:424:0: 'FiveBoundary.ExcessTwo.Generated.cert_na_k7_orbit_0001_rejected' depends on axioms: [propext,
 Classical.choice,
 Quot.sound,
 cert_na_k7_orbit_0001_rejected._native.native_decide.ax_1]
info: Math/ExcessTwoCertificatesAudit.lean:425:0: 'FiveBoundary.ExcessTwo.Generated.cert_na_k7_orbit_0001_valid' depends on axioms: [propext,
 Classical.choice,
 Quot.sound,
 cert_na_k7_orbit_0001_rejected._native.native_decide.ax_1]
info: Math/ExcessTwoCertificatesAudit.lean:426:0: 'FiveBoundary.ExcessTwo.Generated.cert_na_k7_orbit_0002_positive' depends on axioms: [propext,
 Classical.choice,
 Quot.sound]
info: Math/ExcessTwoCertificatesAudit.lean:427:0: 'FiveBoundary.ExcessTwo.Generated.cert_na_k7_orbit_0002_rejected' depends on axioms: [propext,
 Classical.choice,
 Quot.sound,
 cert_na_k7_orbit_0002_rejected._native.native_decide.ax_1]
info: Math/ExcessTwoCertificatesAudit.lean:428:0: 'FiveBoundary.ExcessTwo.Generated.cert_na_k7_orbit_0002_valid' depends on axioms: [propext,
 Classical.choice,
 Quot.sound,
 cert_na_k7_orbit_0002_rejected._native.native_decide.ax_1]
info: Math/ExcessTwoCertificatesAudit.lean:429:0: 'FiveBoundary.ExcessTwo.Generated.cert_na_k8_orbit_0001_positive' depends on axioms: [propext,
 Classical.choice,
 Quot.sound]
info: Math/ExcessTwoCertificatesAudit.lean:430:0: 'FiveBoundary.ExcessTwo.Generated.cert_na_k8_orbit_0001_rejected' depends on axioms: [propext,
 Classical.choice,
 Quot.sound,
 cert_na_k8_orbit_0001_rejected._native.native_decide.ax_1]
info: Math/ExcessTwoCertificatesAudit.lean:431:0: 'FiveBoundary.ExcessTwo.Generated.cert_na_k8_orbit_0001_valid' depends on axioms: [propext,
 Classical.choice,
 Quot.sound,
 cert_na_k8_orbit_0001_rejected._native.native_decide.ax_1]
info: Math/ExcessTwoCertificatesAudit.lean:432:0: 'FiveBoundary.ExcessTwo.Generated.cert_na_k8_orbit_0002_positive' depends on axioms: [propext,
 Classical.choice,
 Quot.sound]
info: Math/ExcessTwoCertificatesAudit.lean:433:0: 'FiveBoundary.ExcessTwo.Generated.cert_na_k8_orbit_0002_rejected' depends on axioms: [propext,
 Classical.choice,
 Quot.sound,
 cert_na_k8_orbit_0002_rejected._native.native_decide.ax_1]
info: Math/ExcessTwoCertificatesAudit.lean:434:0: 'FiveBoundary.ExcessTwo.Generated.cert_na_k8_orbit_0002_valid' depends on axioms: [propext,
 Classical.choice,
 Quot.sound,
 cert_na_k8_orbit_0002_rejected._native.native_decide.ax_1]
info: Math/ExcessTwoCertificatesAudit.lean:435:0: 'FiveBoundary.ExcessTwo.Generated.cert_na_k8_orbit_0003_positive' depends on axioms: [propext,
 Classical.choice,
 Quot.sound]
info: Math/ExcessTwoCertificatesAudit.lean:436:0: 'FiveBoundary.ExcessTwo.Generated.cert_na_k8_orbit_0003_rejected' depends on axioms: [propext,
 Classical.choice,
 Quot.sound,
 cert_na_k8_orbit_0003_rejected._native.native_decide.ax_1]
info: Math/ExcessTwoCertificatesAudit.lean:437:0: 'FiveBoundary.ExcessTwo.Generated.cert_na_k8_orbit_0003_valid' depends on axioms: [propext,
 Classical.choice,
 Quot.sound,
 cert_na_k8_orbit_0003_rejected._native.native_decide.ax_1]
info: Math/ExcessTwoCertificatesAudit.lean:438:0: 'FiveBoundary.ExcessTwo.Generated.cert_na_k8_orbit_0004_positive' depends on axioms: [propext,
 Classical.choice,
 Quot.sound]
info: Math/ExcessTwoCertificatesAudit.lean:439:0: 'FiveBoundary.ExcessTwo.Generated.cert_na_k8_orbit_0004_rejected' depends on axioms: [propext,
 Classical.choice,
 Quot.sound,
 cert_na_k8_orbit_0004_rejected._native.native_decide.ax_1]
info: Math/ExcessTwoCertificatesAudit.lean:440:0: 'FiveBoundary.ExcessTwo.Generated.cert_na_k8_orbit_0004_valid' depends on axioms: [propext,
 Classical.choice,
 Quot.sound,
 cert_na_k8_orbit_0004_rejected._native.native_decide.ax_1]
info: Math/ExcessTwoCertificatesAudit.lean:441:0: 'FiveBoundary.ExcessTwo.Generated.cert_na_k8_orbit_0005_positive' depends on axioms: [propext,
 Classical.choice,
 Quot.sound]
info: Math/ExcessTwoCertificatesAudit.lean:442:0: 'FiveBoundary.ExcessTwo.Generated.cert_na_k8_orbit_0005_rejected' depends on axioms: [propext,
 Classical.choice,
 Quot.sound,
 cert_na_k8_orbit_0005_rejected._native.native_decide.ax_1]
info: Math/ExcessTwoCertificatesAudit.lean:443:0: 'FiveBoundary.ExcessTwo.Generated.cert_na_k8_orbit_0005_valid' depends on axioms: [propext,
 Classical.choice,
 Quot.sound,
 cert_na_k8_orbit_0005_rejected._native.native_decide.ax_1]
info: Math/ExcessTwoCertificatesAudit.lean:444:0: 'FiveBoundary.ExcessTwo.Generated.cert_na_k8_orbit_0006_positive' depends on axioms: [propext,
 Classical.choice,
 Quot.sound]
info: Math/ExcessTwoCertificatesAudit.lean:445:0: 'FiveBoundary.ExcessTwo.Generated.cert_na_k8_orbit_0006_rejected' depends on axioms: [propext,
 Classical.choice,
 Quot.sound,
 cert_na_k8_orbit_0006_rejected._native.native_decide.ax_1]
info: Math/ExcessTwoCertificatesAudit.lean:446:0: 'FiveBoundary.ExcessTwo.Generated.cert_na_k8_orbit_0006_valid' depends on axioms: [propext,
 Classical.choice,
 Quot.sound,
 cert_na_k8_orbit_0006_rejected._native.native_decide.ax_1]
info: Math/ExcessTwoCertificatesAudit.lean:447:0: 'FiveBoundary.ExcessTwo.Generated.cert_na_k8_orbit_0007_positive' depends on axioms: [propext,
 Classical.choice,
 Quot.sound]
info: Math/ExcessTwoCertificatesAudit.lean:448:0: 'FiveBoundary.ExcessTwo.Generated.cert_na_k8_orbit_0007_rejected' depends on axioms: [propext,
 Classical.choice,
 Quot.sound,
 cert_na_k8_orbit_0007_rejected._native.native_decide.ax_1]
info: Math/ExcessTwoCertificatesAudit.lean:449:0: 'FiveBoundary.ExcessTwo.Generated.cert_na_k8_orbit_0007_valid' depends on axioms: [propext,
 Classical.choice,
 Quot.sound,
 cert_na_k8_orbit_0007_rejected._native.native_decide.ax_1]
info: Math/ExcessTwoCertificatesAudit.lean:450:0: 'FiveBoundary.ExcessTwo.Generated.cert_na_k8_orbit_0008_positive' depends on axioms: [propext,
 Classical.choice,
 Quot.sound]
info: Math/ExcessTwoCertificatesAudit.lean:451:0: 'FiveBoundary.ExcessTwo.Generated.cert_na_k8_orbit_0008_rejected' depends on axioms: [propext,
 Classical.choice,
 Quot.sound,
 cert_na_k8_orbit_0008_rejected._native.native_decide.ax_1]
info: Math/ExcessTwoCertificatesAudit.lean:452:0: 'FiveBoundary.ExcessTwo.Generated.cert_na_k8_orbit_0008_valid' depends on axioms: [propext,
 Classical.choice,
 Quot.sound,
 cert_na_k8_orbit_0008_rejected._native.native_decide.ax_1]
info: Math/ExcessTwoCertificatesAudit.lean:453:0: 'FiveBoundary.ExcessTwo.Generated.cert_na_k8_orbit_0009_positive' depends on axioms: [propext,
 Classical.choice,
 Quot.sound]
info: Math/ExcessTwoCertificatesAudit.lean:454:0: 'FiveBoundary.ExcessTwo.Generated.cert_na_k8_orbit_0009_rejected' depends on axioms: [propext,
 Classical.choice,
 Quot.sound,
 cert_na_k8_orbit_0009_rejected._native.native_decide.ax_1]
info: Math/ExcessTwoCertificatesAudit.lean:455:0: 'FiveBoundary.ExcessTwo.Generated.cert_na_k8_orbit_0009_valid' depends on axioms: [propext,
 Classical.choice,
 Quot.sound,
 cert_na_k8_orbit_0009_rejected._native.native_decide.ax_1]
info: Math/ExcessTwoCertificatesAudit.lean:456:0: 'FiveBoundary.ExcessTwo.Generated.cert_na_k8_orbit_0010_positive' depends on axioms: [propext,
 Classical.choice,
 Quot.sound]
info: Math/ExcessTwoCertificatesAudit.lean:457:0: 'FiveBoundary.ExcessTwo.Generated.cert_na_k8_orbit_0010_rejected' depends on axioms: [propext,
 Classical.choice,
 Quot.sound,
 cert_na_k8_orbit_0010_rejected._native.native_decide.ax_1]
info: Math/ExcessTwoCertificatesAudit.lean:458:0: 'FiveBoundary.ExcessTwo.Generated.cert_na_k8_orbit_0010_valid' depends on axioms: [propext,
 Classical.choice,
 Quot.sound,
 cert_na_k8_orbit_0010_rejected._native.native_decide.ax_1]
info: Math/ExcessTwoCertificatesAudit.lean:459:0: 'FiveBoundary.ExcessTwo.Generated.cert_na_k8_orbit_0011_positive' depends on axioms: [propext,
 Classical.choice,
 Quot.sound]
info: Math/ExcessTwoCertificatesAudit.lean:460:0: 'FiveBoundary.ExcessTwo.Generated.cert_na_k8_orbit_0011_rejected' depends on axioms: [propext,
 Classical.choice,
 Quot.sound,
 cert_na_k8_orbit_0011_rejected._native.native_decide.ax_1]
info: Math/ExcessTwoCertificatesAudit.lean:461:0: 'FiveBoundary.ExcessTwo.Generated.cert_na_k8_orbit_0011_valid' depends on axioms: [propext,
 Classical.choice,
 Quot.sound,
 cert_na_k8_orbit_0011_rejected._native.native_decide.ax_1]
info: Math/ExcessTwoCertificatesAudit.lean:462:0: 'FiveBoundary.ExcessTwo.Generated.cert_na_k8_orbit_0012_positive' depends on axioms: [propext,
 Classical.choice,
 Quot.sound]
info: Math/ExcessTwoCertificatesAudit.lean:463:0: 'FiveBoundary.ExcessTwo.Generated.cert_na_k8_orbit_0012_rejected' depends on axioms: [propext,
 Classical.choice,
 Quot.sound,
 cert_na_k8_orbit_0012_rejected._native.native_decide.ax_1]
info: Math/ExcessTwoCertificatesAudit.lean:464:0: 'FiveBoundary.ExcessTwo.Generated.cert_na_k8_orbit_0012_valid' depends on axioms: [propext,
 Classical.choice,
 Quot.sound,
 cert_na_k8_orbit_0012_rejected._native.native_decide.ax_1]
info: Math/ExcessTwoCertificatesAudit.lean:465:0: 'FiveBoundary.ExcessTwo.Generated.cert_na_k8_orbit_0013_positive' depends on axioms: [propext,
 Classical.choice,
 Quot.sound]
info: Math/ExcessTwoCertificatesAudit.lean:466:0: 'FiveBoundary.ExcessTwo.Generated.cert_na_k8_orbit_0013_rejected' depends on axioms: [propext,
 Classical.choice,
 Quot.sound,
 cert_na_k8_orbit_0013_rejected._native.native_decide.ax_1]
info: Math/ExcessTwoCertificatesAudit.lean:467:0: 'FiveBoundary.ExcessTwo.Generated.cert_na_k8_orbit_0013_valid' depends on axioms: [propext,
 Classical.choice,
 Quot.sound,
 cert_na_k8_orbit_0013_rejected._native.native_decide.ax_1]
info: Math/ExcessTwoCertificatesAudit.lean:468:0: 'FiveBoundary.ExcessTwo.Generated.cert_na_k8_orbit_0014_positive' depends on axioms: [propext,
 Classical.choice,
 Quot.sound]
info: Math/ExcessTwoCertificatesAudit.lean:469:0: 'FiveBoundary.ExcessTwo.Generated.cert_na_k8_orbit_0014_rejected' depends on axioms: [propext,
 Classical.choice,
 Quot.sound,
 cert_na_k8_orbit_0014_rejected._native.native_decide.ax_1]
info: Math/ExcessTwoCertificatesAudit.lean:470:0: 'FiveBoundary.ExcessTwo.Generated.cert_na_k8_orbit_0014_valid' depends on axioms: [propext,
 Classical.choice,
 Quot.sound,
 cert_na_k8_orbit_0014_rejected._native.native_decide.ax_1]
info: Math/ExcessTwoCertificatesAudit.lean:471:0: 'FiveBoundary.ExcessTwo.Generated.cert_na_k8_orbit_0015_positive' depends on axioms: [propext,
 Classical.choice,
 Quot.sound]
info: Math/ExcessTwoCertificatesAudit.lean:472:0: 'FiveBoundary.ExcessTwo.Generated.cert_na_k8_orbit_0015_rejected' depends on axioms: [propext,
 Classical.choice,
 Quot.sound,
 cert_na_k8_orbit_0015_rejected._native.native_decide.ax_1]
info: Math/ExcessTwoCertificatesAudit.lean:473:0: 'FiveBoundary.ExcessTwo.Generated.cert_na_k8_orbit_0015_valid' depends on axioms: [propext,
 Classical.choice,
 Quot.sound,
 cert_na_k8_orbit_0015_rejected._native.native_decide.ax_1]
info: Math/ExcessTwoCertificatesAudit.lean:474:0: 'FiveBoundary.ExcessTwo.Generated.cert_na_k8_orbit_0016_positive' depends on axioms: [propext,
 Classical.choice,
 Quot.sound]
info: Math/ExcessTwoCertificatesAudit.lean:475:0: 'FiveBoundary.ExcessTwo.Generated.cert_na_k8_orbit_0016_rejected' depends on axioms: [propext,
 Classical.choice,
 Quot.sound,
 cert_na_k8_orbit_0016_rejected._native.native_decide.ax_1]
info: Math/ExcessTwoCertificatesAudit.lean:476:0: 'FiveBoundary.ExcessTwo.Generated.cert_na_k8_orbit_0016_valid' depends on axioms: [propext,
 Classical.choice,
 Quot.sound,
 cert_na_k8_orbit_0016_rejected._native.native_decide.ax_1]
info: Math/ExcessTwoCertificatesAudit.lean:477:0: 'FiveBoundary.ExcessTwo.Generated.cert_na_k8_orbit_0017_positive' depends on axioms: [propext,
 Classical.choice,
 Quot.sound]
info: Math/ExcessTwoCertificatesAudit.lean:478:0: 'FiveBoundary.ExcessTwo.Generated.cert_na_k8_orbit_0017_rejected' depends on axioms: [propext,
 Classical.choice,
 Quot.sound,
 cert_na_k8_orbit_0017_rejected._native.native_decide.ax_1]
info: Math/ExcessTwoCertificatesAudit.lean:479:0: 'FiveBoundary.ExcessTwo.Generated.cert_na_k8_orbit_0017_valid' depends on axioms: [propext,
 Classical.choice,
 Quot.sound,
 cert_na_k8_orbit_0017_rejected._native.native_decide.ax_1]
info: Math/ExcessTwoCertificatesAudit.lean:480:0: 'FiveBoundary.ExcessTwo.Generated.cert_na_k8_orbit_0018_positive' depends on axioms: [propext,
 Classical.choice,
 Quot.sound]
info: Math/ExcessTwoCertificatesAudit.lean:481:0: 'FiveBoundary.ExcessTwo.Generated.cert_na_k8_orbit_0018_rejected' depends on axioms: [propext,
 Classical.choice,
 Quot.sound,
 cert_na_k8_orbit_0018_rejected._native.native_decide.ax_1]
info: Math/ExcessTwoCertificatesAudit.lean:482:0: 'FiveBoundary.ExcessTwo.Generated.cert_na_k8_orbit_0018_valid' depends on axioms: [propext,
 Classical.choice,
 Quot.sound,
 cert_na_k8_orbit_0018_rejected._native.native_decide.ax_1]
info: Math/ExcessTwoCertificatesAudit.lean:483:0: 'FiveBoundary.ExcessTwo.Generated.cert_na_k8_orbit_0019_positive' depends on axioms: [propext,
 Classical.choice,
 Quot.sound]
info: Math/ExcessTwoCertificatesAudit.lean:484:0: 'FiveBoundary.ExcessTwo.Generated.cert_na_k8_orbit_0019_rejected' depends on axioms: [propext,
 Classical.choice,
 Quot.sound,
 cert_na_k8_orbit_0019_rejected._native.native_decide.ax_1]
info: Math/ExcessTwoCertificatesAudit.lean:485:0: 'FiveBoundary.ExcessTwo.Generated.cert_na_k8_orbit_0019_valid' depends on axioms: [propext,
 Classical.choice,
 Quot.sound,
 cert_na_k8_orbit_0019_rejected._native.native_decide.ax_1]
info: Math/ExcessTwoCertificatesAudit.lean:486:0: 'FiveBoundary.ExcessTwo.Generated.cert_na_k8_orbit_0020_positive' depends on axioms: [propext,
 Classical.choice,
 Quot.sound]
info: Math/ExcessTwoCertificatesAudit.lean:487:0: 'FiveBoundary.ExcessTwo.Generated.cert_na_k8_orbit_0020_rejected' depends on axioms: [propext,
 Classical.choice,
 Quot.sound,
 cert_na_k8_orbit_0020_rejected._native.native_decide.ax_1]
info: Math/ExcessTwoCertificatesAudit.lean:488:0: 'FiveBoundary.ExcessTwo.Generated.cert_na_k8_orbit_0020_valid' depends on axioms: [propext,
 Classical.choice,
 Quot.sound,
 cert_na_k8_orbit_0020_rejected._native.native_decide.ax_1]
info: Math/ExcessTwoCertificatesAudit.lean:489:0: 'FiveBoundary.ExcessTwo.Generated.cert_na_k8_orbit_0021_positive' depends on axioms: [propext,
 Classical.choice,
 Quot.sound]
info: Math/ExcessTwoCertificatesAudit.lean:490:0: 'FiveBoundary.ExcessTwo.Generated.cert_na_k8_orbit_0021_rejected' depends on axioms: [propext,
 Classical.choice,
 Quot.sound,
 cert_na_k8_orbit_0021_rejected._native.native_decide.ax_1]
info: Math/ExcessTwoCertificatesAudit.lean:491:0: 'FiveBoundary.ExcessTwo.Generated.cert_na_k8_orbit_0021_valid' depends on axioms: [propext,
 Classical.choice,
 Quot.sound,
 cert_na_k8_orbit_0021_rejected._native.native_decide.ax_1]
info: Math/ExcessTwoCertificatesAudit.lean:492:0: 'FiveBoundary.ExcessTwo.Generated.cert_na_k8_orbit_0022_positive' depends on axioms: [propext,
 Classical.choice,
 Quot.sound]
info: Math/ExcessTwoCertificatesAudit.lean:493:0: 'FiveBoundary.ExcessTwo.Generated.cert_na_k8_orbit_0022_rejected' depends on axioms: [propext,
 Classical.choice,
 Quot.sound,
 cert_na_k8_orbit_0022_rejected._native.native_decide.ax_1]
info: Math/ExcessTwoCertificatesAudit.lean:494:0: 'FiveBoundary.ExcessTwo.Generated.cert_na_k8_orbit_0022_valid' depends on axioms: [propext,
 Classical.choice,
 Quot.sound,
 cert_na_k8_orbit_0022_rejected._native.native_decide.ax_1]
info: Math/ExcessTwoCertificatesAudit.lean:495:0: 'FiveBoundary.ExcessTwo.Generated.cert_na_k9_orbit_0001_positive' depends on axioms: [propext,
 Classical.choice,
 Quot.sound]
info: Math/ExcessTwoCertificatesAudit.lean:496:0: 'FiveBoundary.ExcessTwo.Generated.cert_na_k9_orbit_0001_rejected' depends on axioms: [propext,
 Classical.choice,
 Quot.sound,
 cert_na_k9_orbit_0001_rejected._native.native_decide.ax_1]
info: Math/ExcessTwoCertificatesAudit.lean:497:0: 'FiveBoundary.ExcessTwo.Generated.cert_na_k9_orbit_0001_valid' depends on axioms: [propext,
 Classical.choice,
 Quot.sound,
 cert_na_k9_orbit_0001_rejected._native.native_decide.ax_1]
info: Math/ExcessTwoCertificatesAudit.lean:498:0: 'FiveBoundary.ExcessTwo.Generated.cert_na_k9_orbit_0002_positive' depends on axioms: [propext,
 Classical.choice,
 Quot.sound]
info: Math/ExcessTwoCertificatesAudit.lean:499:0: 'FiveBoundary.ExcessTwo.Generated.cert_na_k9_orbit_0002_rejected' depends on axioms: [propext,
 Classical.choice,
 Quot.sound,
 cert_na_k9_orbit_0002_rejected._native.native_decide.ax_1]
info: Math/ExcessTwoCertificatesAudit.lean:500:0: 'FiveBoundary.ExcessTwo.Generated.cert_na_k9_orbit_0002_valid' depends on axioms: [propext,
 Classical.choice,
 Quot.sound,
 cert_na_k9_orbit_0002_rejected._native.native_decide.ax_1]
info: Math/ExcessTwoCertificatesAudit.lean:501:0: 'FiveBoundary.ExcessTwo.Generated.cert_na_k9_orbit_0003_positive' depends on axioms: [propext,
 Classical.choice,
 Quot.sound]
info: Math/ExcessTwoCertificatesAudit.lean:502:0: 'FiveBoundary.ExcessTwo.Generated.cert_na_k9_orbit_0003_rejected' depends on axioms: [propext,
 Classical.choice,
 Quot.sound,
 cert_na_k9_orbit_0003_rejected._native.native_decide.ax_1]
info: Math/ExcessTwoCertificatesAudit.lean:503:0: 'FiveBoundary.ExcessTwo.Generated.cert_na_k9_orbit_0003_valid' depends on axioms: [propext,
 Classical.choice,
 Quot.sound,
 cert_na_k9_orbit_0003_rejected._native.native_decide.ax_1]
info: Math/ExcessTwoCertificatesAudit.lean:504:0: 'FiveBoundary.ExcessTwo.Generated.cert_na_k9_orbit_0004_positive' depends on axioms: [propext,
 Classical.choice,
 Quot.sound]
info: Math/ExcessTwoCertificatesAudit.lean:505:0: 'FiveBoundary.ExcessTwo.Generated.cert_na_k9_orbit_0004_rejected' depends on axioms: [propext,
 Classical.choice,
 Quot.sound,
 cert_na_k9_orbit_0004_rejected._native.native_decide.ax_1]
info: Math/ExcessTwoCertificatesAudit.lean:506:0: 'FiveBoundary.ExcessTwo.Generated.cert_na_k9_orbit_0004_valid' depends on axioms: [propext,
 Classical.choice,
 Quot.sound,
 cert_na_k9_orbit_0004_rejected._native.native_decide.ax_1]
info: Math/ExcessTwoCertificatesAudit.lean:507:0: 'FiveBoundary.ExcessTwo.Generated.cert_na_k9_orbit_0005_positive' depends on axioms: [propext,
 Classical.choice,
 Quot.sound]
info: Math/ExcessTwoCertificatesAudit.lean:508:0: 'FiveBoundary.ExcessTwo.Generated.cert_na_k9_orbit_0005_rejected' depends on axioms: [propext,
 Classical.choice,
 Quot.sound,
 cert_na_k9_orbit_0005_rejected._native.native_decide.ax_1]
info: Math/ExcessTwoCertificatesAudit.lean:509:0: 'FiveBoundary.ExcessTwo.Generated.cert_na_k9_orbit_0005_valid' depends on axioms: [propext,
 Classical.choice,
 Quot.sound,
 cert_na_k9_orbit_0005_rejected._native.native_decide.ax_1]
info: Math/ExcessTwoCertificatesAudit.lean:510:0: 'FiveBoundary.ExcessTwo.Generated.cert_na_k9_orbit_0006_positive' depends on axioms: [propext,
 Classical.choice,
 Quot.sound]
info: Math/ExcessTwoCertificatesAudit.lean:511:0: 'FiveBoundary.ExcessTwo.Generated.cert_na_k9_orbit_0006_rejected' depends on axioms: [propext,
 Classical.choice,
 Quot.sound,
 cert_na_k9_orbit_0006_rejected._native.native_decide.ax_1]
info: Math/ExcessTwoCertificatesAudit.lean:512:0: 'FiveBoundary.ExcessTwo.Generated.cert_na_k9_orbit_0006_valid' depends on axioms: [propext,
 Classical.choice,
 Quot.sound,
 cert_na_k9_orbit_0006_rejected._native.native_decide.ax_1]
info: Math/ExcessTwoCertificatesAudit.lean:513:0: 'FiveBoundary.ExcessTwo.Generated.cert_na_k9_orbit_0007_positive' depends on axioms: [propext,
 Classical.choice,
 Quot.sound]
info: Math/ExcessTwoCertificatesAudit.lean:514:0: 'FiveBoundary.ExcessTwo.Generated.cert_na_k9_orbit_0007_rejected' depends on axioms: [propext,
 Classical.choice,
 Quot.sound,
 cert_na_k9_orbit_0007_rejected._native.native_decide.ax_1]
info: Math/ExcessTwoCertificatesAudit.lean:515:0: 'FiveBoundary.ExcessTwo.Generated.cert_na_k9_orbit_0007_valid' depends on axioms: [propext,
 Classical.choice,
 Quot.sound,
 cert_na_k9_orbit_0007_rejected._native.native_decide.ax_1]
info: Math/ExcessTwoCertificatesAudit.lean:516:0: 'FiveBoundary.ExcessTwo.Generated.cert_na_k9_orbit_0008_positive' depends on axioms: [propext,
 Classical.choice,
 Quot.sound]
info: Math/ExcessTwoCertificatesAudit.lean:517:0: 'FiveBoundary.ExcessTwo.Generated.cert_na_k9_orbit_0008_rejected' depends on axioms: [propext,
 Classical.choice,
 Quot.sound,
 cert_na_k9_orbit_0008_rejected._native.native_decide.ax_1]
info: Math/ExcessTwoCertificatesAudit.lean:518:0: 'FiveBoundary.ExcessTwo.Generated.cert_na_k9_orbit_0008_valid' depends on axioms: [propext,
 Classical.choice,
 Quot.sound,
 cert_na_k9_orbit_0008_rejected._native.native_decide.ax_1]
info: Math/ExcessTwoCertificatesAudit.lean:519:0: 'FiveBoundary.ExcessTwo.Generated.cert_na_k9_orbit_0009_positive' depends on axioms: [propext,
 Classical.choice,
 Quot.sound]
info: Math/ExcessTwoCertificatesAudit.lean:520:0: 'FiveBoundary.ExcessTwo.Generated.cert_na_k9_orbit_0009_rejected' depends on axioms: [propext,
 Classical.choice,
 Quot.sound,
 cert_na_k9_orbit_0009_rejected._native.native_decide.ax_1]
info: Math/ExcessTwoCertificatesAudit.lean:521:0: 'FiveBoundary.ExcessTwo.Generated.cert_na_k9_orbit_0009_valid' depends on axioms: [propext,
 Classical.choice,
 Quot.sound,
 cert_na_k9_orbit_0009_rejected._native.native_decide.ax_1]
info: Math/ExcessTwoCertificatesAudit.lean:522:0: 'FiveBoundary.ExcessTwo.Generated.cert_na_k9_orbit_0010_positive' depends on axioms: [propext,
 Classical.choice,
 Quot.sound]
info: Math/ExcessTwoCertificatesAudit.lean:523:0: 'FiveBoundary.ExcessTwo.Generated.cert_na_k9_orbit_0010_rejected' depends on axioms: [propext,
 Classical.choice,
 Quot.sound,
 cert_na_k9_orbit_0010_rejected._native.native_decide.ax_1]
info: Math/ExcessTwoCertificatesAudit.lean:524:0: 'FiveBoundary.ExcessTwo.Generated.cert_na_k9_orbit_0010_valid' depends on axioms: [propext,
 Classical.choice,
 Quot.sound,
 cert_na_k9_orbit_0010_rejected._native.native_decide.ax_1]
info: Math/ExcessTwoCertificatesAudit.lean:525:0: 'FiveBoundary.ExcessTwo.Generated.cert_na_k9_orbit_0011_positive' depends on axioms: [propext,
 Classical.choice,
 Quot.sound]
info: Math/ExcessTwoCertificatesAudit.lean:526:0: 'FiveBoundary.ExcessTwo.Generated.cert_na_k9_orbit_0011_rejected' depends on axioms: [propext,
 Classical.choice,
 Quot.sound,
 cert_na_k9_orbit_0011_rejected._native.native_decide.ax_1]
info: Math/ExcessTwoCertificatesAudit.lean:527:0: 'FiveBoundary.ExcessTwo.Generated.cert_na_k9_orbit_0011_valid' depends on axioms: [propext,
 Classical.choice,
 Quot.sound,
 cert_na_k9_orbit_0011_rejected._native.native_decide.ax_1]
info: Math/ExcessTwoCertificatesAudit.lean:528:0: 'FiveBoundary.ExcessTwo.Generated.cert_na_k9_orbit_0012_positive' depends on axioms: [propext,
 Classical.choice,
 Quot.sound]
info: Math/ExcessTwoCertificatesAudit.lean:529:0: 'FiveBoundary.ExcessTwo.Generated.cert_na_k9_orbit_0012_rejected' depends on axioms: [propext,
 Classical.choice,
 Quot.sound,
 cert_na_k9_orbit_0012_rejected._native.native_decide.ax_1]
info: Math/ExcessTwoCertificatesAudit.lean:530:0: 'FiveBoundary.ExcessTwo.Generated.cert_na_k9_orbit_0012_valid' depends on axioms: [propext,
 Classical.choice,
 Quot.sound,
 cert_na_k9_orbit_0012_rejected._native.native_decide.ax_1]
info: Math/ExcessTwoCertificatesAudit.lean:531:0: 'FiveBoundary.ExcessTwo.Generated.cert_na_k9_orbit_0013_positive' depends on axioms: [propext,
 Classical.choice,
 Quot.sound]
info: Math/ExcessTwoCertificatesAudit.lean:532:0: 'FiveBoundary.ExcessTwo.Generated.cert_na_k9_orbit_0013_rejected' depends on axioms: [propext,
 Classical.choice,
 Quot.sound,
 cert_na_k9_orbit_0013_rejected._native.native_decide.ax_1]
info: Math/ExcessTwoCertificatesAudit.lean:533:0: 'FiveBoundary.ExcessTwo.Generated.cert_na_k9_orbit_0013_valid' depends on axioms: [propext,
 Classical.choice,
 Quot.sound,
 cert_na_k9_orbit_0013_rejected._native.native_decide.ax_1]
info: Math/ExcessTwoCertificatesAudit.lean:534:0: 'FiveBoundary.ExcessTwo.Generated.cert_na_k9_orbit_0014_positive' depends on axioms: [propext,
 Classical.choice,
 Quot.sound]
info: Math/ExcessTwoCertificatesAudit.lean:535:0: 'FiveBoundary.ExcessTwo.Generated.cert_na_k9_orbit_0014_rejected' depends on axioms: [propext,
 Classical.choice,
 Quot.sound,
 cert_na_k9_orbit_0014_rejected._native.native_decide.ax_1]
info: Math/ExcessTwoCertificatesAudit.lean:536:0: 'FiveBoundary.ExcessTwo.Generated.cert_na_k9_orbit_0014_valid' depends on axioms: [propext,
 Classical.choice,
 Quot.sound,
 cert_na_k9_orbit_0014_rejected._native.native_decide.ax_1]
info: Math/ExcessTwoCertificatesAudit.lean:537:0: 'FiveBoundary.ExcessTwo.Generated.cert_na_k9_orbit_0015_positive' depends on axioms: [propext,
 Classical.choice,
 Quot.sound]
info: Math/ExcessTwoCertificatesAudit.lean:538:0: 'FiveBoundary.ExcessTwo.Generated.cert_na_k9_orbit_0015_rejected' depends on axioms: [propext,
 Classical.choice,
 Quot.sound,
 cert_na_k9_orbit_0015_rejected._native.native_decide.ax_1]
info: Math/ExcessTwoCertificatesAudit.lean:539:0: 'FiveBoundary.ExcessTwo.Generated.cert_na_k9_orbit_0015_valid' depends on axioms: [propext,
 Classical.choice,
 Quot.sound,
 cert_na_k9_orbit_0015_rejected._native.native_decide.ax_1]
info: Math/ExcessTwoCertificatesAudit.lean:540:0: 'FiveBoundary.ExcessTwo.Generated.cert_na_k9_orbit_0016_positive' depends on axioms: [propext,
 Classical.choice,
 Quot.sound]
info: Math/ExcessTwoCertificatesAudit.lean:541:0: 'FiveBoundary.ExcessTwo.Generated.cert_na_k9_orbit_0016_rejected' depends on axioms: [propext,
 Classical.choice,
 Quot.sound,
 cert_na_k9_orbit_0016_rejected._native.native_decide.ax_1]
info: Math/ExcessTwoCertificatesAudit.lean:542:0: 'FiveBoundary.ExcessTwo.Generated.cert_na_k9_orbit_0016_valid' depends on axioms: [propext,
 Classical.choice,
 Quot.sound,
 cert_na_k9_orbit_0016_rejected._native.native_decide.ax_1]
info: Math/ExcessTwoCertificatesAudit.lean:543:0: 'FiveBoundary.ExcessTwo.Generated.cert_na_k9_orbit_0017_positive' depends on axioms: [propext,
 Classical.choice,
 Quot.sound]
info: Math/ExcessTwoCertificatesAudit.lean:544:0: 'FiveBoundary.ExcessTwo.Generated.cert_na_k9_orbit_0017_rejected' depends on axioms: [propext,
 Classical.choice,
 Quot.sound,
 cert_na_k9_orbit_0017_rejected._native.native_decide.ax_1]
info: Math/ExcessTwoCertificatesAudit.lean:545:0: 'FiveBoundary.ExcessTwo.Generated.cert_na_k9_orbit_0017_valid' depends on axioms: [propext,
 Classical.choice,
 Quot.sound,
 cert_na_k9_orbit_0017_rejected._native.native_decide.ax_1]
info: Math/ExcessTwoCertificatesAudit.lean:546:0: 'FiveBoundary.ExcessTwo.Generated.cert_na_k9_orbit_0018_positive' depends on axioms: [propext,
 Classical.choice,
 Quot.sound]
info: Math/ExcessTwoCertificatesAudit.lean:547:0: 'FiveBoundary.ExcessTwo.Generated.cert_na_k9_orbit_0018_rejected' depends on axioms: [propext,
 Classical.choice,
 Quot.sound,
 cert_na_k9_orbit_0018_rejected._native.native_decide.ax_1]
info: Math/ExcessTwoCertificatesAudit.lean:548:0: 'FiveBoundary.ExcessTwo.Generated.cert_na_k9_orbit_0018_valid' depends on axioms: [propext,
 Classical.choice,
 Quot.sound,
 cert_na_k9_orbit_0018_rejected._native.native_decide.ax_1]
info: Math/ExcessTwoCertificatesAudit.lean:549:0: 'FiveBoundary.ExcessTwo.Generated.cert_na_k9_orbit_0019_positive' depends on axioms: [propext,
 Classical.choice,
 Quot.sound]
info: Math/ExcessTwoCertificatesAudit.lean:550:0: 'FiveBoundary.ExcessTwo.Generated.cert_na_k9_orbit_0019_rejected' depends on axioms: [propext,
 Classical.choice,
 Quot.sound,
 cert_na_k9_orbit_0019_rejected._native.native_decide.ax_1]
info: Math/ExcessTwoCertificatesAudit.lean:551:0: 'FiveBoundary.ExcessTwo.Generated.cert_na_k9_orbit_0019_valid' depends on axioms: [propext,
 Classical.choice,
 Quot.sound,
 cert_na_k9_orbit_0019_rejected._native.native_decide.ax_1]
info: Math/ExcessTwoCertificatesAudit.lean:552:0: 'FiveBoundary.ExcessTwo.Generated.cert_na_k9_orbit_0020_positive' depends on axioms: [propext,
 Classical.choice,
 Quot.sound]
info: Math/ExcessTwoCertificatesAudit.lean:553:0: 'FiveBoundary.ExcessTwo.Generated.cert_na_k9_orbit_0020_rejected' depends on axioms: [propext,
 Classical.choice,
 Quot.sound,
 cert_na_k9_orbit_0020_rejected._native.native_decide.ax_1]
info: Math/ExcessTwoCertificatesAudit.lean:554:0: 'FiveBoundary.ExcessTwo.Generated.cert_na_k9_orbit_0020_valid' depends on axioms: [propext,
 Classical.choice,
 Quot.sound,
 cert_na_k9_orbit_0020_rejected._native.native_decide.ax_1]
info: Math/ExcessTwoCertificatesAudit.lean:555:0: 'FiveBoundary.ExcessTwo.Generated.cert_na_k9_orbit_0021_positive' depends on axioms: [propext,
 Classical.choice,
 Quot.sound]
info: Math/ExcessTwoCertificatesAudit.lean:556:0: 'FiveBoundary.ExcessTwo.Generated.cert_na_k9_orbit_0021_rejected' depends on axioms: [propext,
 Classical.choice,
 Quot.sound,
 cert_na_k9_orbit_0021_rejected._native.native_decide.ax_1]
info: Math/ExcessTwoCertificatesAudit.lean:557:0: 'FiveBoundary.ExcessTwo.Generated.cert_na_k9_orbit_0021_valid' depends on axioms: [propext,
 Classical.choice,
 Quot.sound,
 cert_na_k9_orbit_0021_rejected._native.native_decide.ax_1]
info: Math/ExcessTwoCertificatesAudit.lean:558:0: 'FiveBoundary.ExcessTwo.Generated.cert_na_k9_orbit_0022_positive' depends on axioms: [propext,
 Classical.choice,
 Quot.sound]
info: Math/ExcessTwoCertificatesAudit.lean:559:0: 'FiveBoundary.ExcessTwo.Generated.cert_na_k9_orbit_0022_rejected' depends on axioms: [propext,
 Classical.choice,
 Quot.sound,
 cert_na_k9_orbit_0022_rejected._native.native_decide.ax_1]
info: Math/ExcessTwoCertificatesAudit.lean:560:0: 'FiveBoundary.ExcessTwo.Generated.cert_na_k9_orbit_0022_valid' depends on axioms: [propext,
 Classical.choice,
 Quot.sound,
 cert_na_k9_orbit_0022_rejected._native.native_decide.ax_1]
info: Math/ExcessTwoCertificatesAudit.lean:561:0: 'FiveBoundary.ExcessTwo.Generated.cert_na_k9_orbit_0023_positive' depends on axioms: [propext,
 Classical.choice,
 Quot.sound]
info: Math/ExcessTwoCertificatesAudit.lean:562:0: 'FiveBoundary.ExcessTwo.Generated.cert_na_k9_orbit_0023_rejected' depends on axioms: [propext,
 Classical.choice,
 Quot.sound,
 cert_na_k9_orbit_0023_rejected._native.native_decide.ax_1]
info: Math/ExcessTwoCertificatesAudit.lean:563:0: 'FiveBoundary.ExcessTwo.Generated.cert_na_k9_orbit_0023_valid' depends on axioms: [propext,
 Classical.choice,
 Quot.sound,
 cert_na_k9_orbit_0023_rejected._native.native_decide.ax_1]
info: Math/ExcessTwoCertificatesAudit.lean:564:0: 'FiveBoundary.ExcessTwo.Generated.cert_na_k9_orbit_0024_positive' depends on axioms: [propext,
 Classical.choice,
 Quot.sound]
info: Math/ExcessTwoCertificatesAudit.lean:565:0: 'FiveBoundary.ExcessTwo.Generated.cert_na_k9_orbit_0024_rejected' depends on axioms: [propext,
 Classical.choice,
 Quot.sound,
 cert_na_k9_orbit_0024_rejected._native.native_decide.ax_1]
info: Math/ExcessTwoCertificatesAudit.lean:566:0: 'FiveBoundary.ExcessTwo.Generated.cert_na_k9_orbit_0024_valid' depends on axioms: [propext,
 Classical.choice,
 Quot.sound,
 cert_na_k9_orbit_0024_rejected._native.native_decide.ax_1]
info: Math/ExcessTwoCertificatesAudit.lean:567:0: 'FiveBoundary.ExcessTwo.Generated.cert_na_k9_orbit_0025_positive' depends on axioms: [propext,
 Classical.choice,
 Quot.sound]
info: Math/ExcessTwoCertificatesAudit.lean:568:0: 'FiveBoundary.ExcessTwo.Generated.cert_na_k9_orbit_0025_rejected' depends on axioms: [propext,
 Classical.choice,
 Quot.sound,
 cert_na_k9_orbit_0025_rejected._native.native_decide.ax_1]
info: Math/ExcessTwoCertificatesAudit.lean:569:0: 'FiveBoundary.ExcessTwo.Generated.cert_na_k9_orbit_0025_valid' depends on axioms: [propext,
 Classical.choice,
 Quot.sound,
 cert_na_k9_orbit_0025_rejected._native.native_decide.ax_1]
info: Math/ExcessTwoCertificatesAudit.lean:570:0: 'FiveBoundary.ExcessTwo.Generated.cert_na_k9_orbit_0026_positive' depends on axioms: [propext,
 Classical.choice,
 Quot.sound]
info: Math/ExcessTwoCertificatesAudit.lean:571:0: 'FiveBoundary.ExcessTwo.Generated.cert_na_k9_orbit_0026_rejected' depends on axioms: [propext,
 Classical.choice,
 Quot.sound,
 cert_na_k9_orbit_0026_rejected._native.native_decide.ax_1]
info: Math/ExcessTwoCertificatesAudit.lean:572:0: 'FiveBoundary.ExcessTwo.Generated.cert_na_k9_orbit_0026_valid' depends on axioms: [propext,
 Classical.choice,
 Quot.sound,
 cert_na_k9_orbit_0026_rejected._native.native_decide.ax_1]
info: Math/ExcessTwoCertificatesAudit.lean:573:0: 'FiveBoundary.ExcessTwo.Generated.cert_na_k9_orbit_0027_positive' depends on axioms: [propext,
 Classical.choice,
 Quot.sound]
info: Math/ExcessTwoCertificatesAudit.lean:574:0: 'FiveBoundary.ExcessTwo.Generated.cert_na_k9_orbit_0027_rejected' depends on axioms: [propext,
 Classical.choice,
 Quot.sound,
 cert_na_k9_orbit_0027_rejected._native.native_decide.ax_1]
info: Math/ExcessTwoCertificatesAudit.lean:575:0: 'FiveBoundary.ExcessTwo.Generated.cert_na_k9_orbit_0027_valid' depends on axioms: [propext,
 Classical.choice,
 Quot.sound,
 cert_na_k9_orbit_0027_rejected._native.native_decide.ax_1]
Build completed successfully (8837 jobs).
