{
  "files": {
    "audits/2026-10-10-n45-s-long-contract/REPORT.md": "34354f631fe887cc52f1c3aa6a6b0413111fa05ad4dc3ec820f615a58d121db9",
    "audits/2026-10-10-n45-s-long-contract/__pycache__/checker.cpython-314.pyc": "24c7b15775ac5159821ced461809d70d8cae8032863715305931d5369eb4b36a",
    "audits/2026-10-10-n45-s-long-contract/certificate-v2.json": "41c3b82ab4afdade42f70b722a2624a9d1a726a4af22f783a09ab32a099b4ed6",
    "audits/2026-10-10-n45-s-long-contract/certificate.json": "80e800cdb9be02bedc82f2ebb6103f1db837bfce5b55ecd433d609814ce042d1",
    "audits/2026-10-10-n45-s-long-contract/checker.py": "ad2fef5e256ce6f47dd99682d3f2911f2a7a752a806f32f9be7a237e8f2ccc25",
    "audits/2026-10-10-n45-s-long-contract/checks.json": "177bfae465c78983f9eb90df7e7650a423f1da0dde63ec64f811192a9aa7d2c8",
    "audits/2026-10-10-n45-s-long-contract/delivery.json": "8c8ebd8f8271ed7d03916dc1069d3647254f75a69e29b583a56604fd1e388a9c",
    "audits/2026-10-10-n45-s-long-contract/final-checks.json": "f38eaa5998fb7bfdf7a728e3c2e373654d8700b3084b10465091a6f6bd7c36fd",
    "audits/2026-10-10-n45-s-long-contract/frozen/artifacts/c5_excess_one_e2/REPORT.md": "ec136bf8c774c170af76054dda2e33ffdfd2c9c951d0e91a7ab2d30749146a4e",
    "audits/2026-10-10-n45-s-long-contract/frozen/artifacts/c5_excess_two_e4/CORE_CONSTRAINTS.md": "a76d4ef7fa2451b34c68aea72ad18a400203ee50295a4eacaa6a2f645daa15eb",
    "audits/2026-10-10-n45-s-long-contract/frozen/artifacts/c5_excess_two_e4/REPORT.md": "5344fffb2c203b10c229b0c317338c484d7486e39917e176da527bd3eeb72471",
    "audits/2026-10-10-n45-s-long-contract/frozen/artifacts/c5_excess_two_e4c/controls/NA7-0002.json": "0a3d5e72a95dbbcc1b07a4c6d15e570c46988c8dd31bc4349ac3029c825a2682",
    "audits/2026-10-10-n45-s-long-contract/frozen/artifacts/c5_excess_two_e4c/controls/NA8-0014.json": "69e9adec9d41f460ada8851bffd82075fefadcd87d1e78138b2d31ed0ee9fed9",
    "audits/2026-10-10-n45-s-long-contract/frozen/artifacts/c5_excess_two_e4c/controls/NA8-0015.json": "91bffe5287c69e779eca0aa6b6e5780bd01a27d79802aa3ac2c3082adbe389c6",
    "audits/2026-10-10-n45-s-long-contract/frozen/artifacts/c5_excess_two_e4c/controls/NA8-0016.json": "157622ffca051967dafe92c23821028c65e2bd3e6289281050a5f5aeff285fde",
    "audits/2026-10-10-n45-s-long-contract/frozen/artifacts/c5_excess_two_e4c/controls/NA8-0017.json": "0bb09b92e4570931e3306ae0e044a726bd57681ec8d907b681367c1c24ea8eeb",
    "audits/2026-10-10-n45-s-long-contract/frozen/artifacts/c5_excess_two_e4c/controls/NA8-0018.json": "ff98dfc4a201bdad95147e7208c690e9fb8a16ce4d21e7b524eae72ca94f18a7",
    "audits/2026-10-10-n45-s-long-contract/frozen/artifacts/c5_excess_two_e4c/controls/NA8-0020.json": "a345e40562d0f93da53250b84251ae689217e97f8ec6d064807b29bef89dfa68",
    "audits/2026-10-10-n45-s-long-contract/frozen/artifacts/c5_excess_two_e4c/controls/NA8-0021.json": "a9cdc709f1f1c961286297863696aca52b7110e5ba980f83bfb2bb94c595014f",
    "audits/2026-10-10-n45-s-long-contract/frozen/artifacts/c5_excess_two_e4c/controls/NA8-0022.json": "dd8fe080f64231140715953bb3a7b88a94fe676636c5b7974262177ce096bac2",
    "audits/2026-10-10-n45-s-long-contract/frozen/artifacts/c5_excess_two_e4c/controls/NA9-0010.json": "223c66016be7542e70909c01429b05953f3d69b5fc659015b23e8f16af2c3502",
    "audits/2026-10-10-n45-s-long-contract/frozen/artifacts/c5_excess_two_e4c/controls/NA9-0011.json": "bb450e51a77b7c1e37396fb190f587fe66f0e257421f2d9755b970c7997074af",
    "audits/2026-10-10-n45-s-long-contract/frozen/artifacts/c5_excess_two_e4c/controls/NA9-0020.json": "a59ba82c1387c65ac9a625fb07bbcedcbc75ea06fdcaa382ccb59c49e3575473",
    "audits/2026-10-10-n45-s-long-contract/frozen/artifacts/c5_excess_two_e4c/controls/NA9-0021.json": "ff7816340808b263bbc4945d98da889b5496a5d10051dbf85a94342a7bf1c231",
    "audits/2026-10-10-n45-s-long-contract/frozen/artifacts/c5_excess_two_e4c/controls/NA9-0022.json": "808ed886aabe4fed366c986b1ec8bf9b597a78b88ee9caf0213b13406e3b2ecb",
    "audits/2026-10-10-n45-s-long-contract/frozen/artifacts/c5_excess_two_e4c/controls/NA9-0023.json": "d2e31a967d203ed9f4dab07c92de9700499312848dea73bb5013e46ce10b1c80",
    "audits/2026-10-10-n45-s-long-contract/frozen/artifacts/c5_excess_two_e4c/controls/NA9-0024.json": "fc223b9770f1920c9f3ca3b507587e695daece5407c4078289b2edbf65880a4f",
    "audits/2026-10-10-n45-s-long-contract/frozen/artifacts/c5_excess_two_e4c/controls/NA9-0025.json": "02b2f09e699f1c90fbc4029d8c4d77c6d424859bbc37af0665ecd76002633b8b",
    "audits/2026-10-10-n45-s-long-contract/frozen/artifacts/c5_excess_two_e4c/controls/NA9-0026.json": "420584623ff501ac098feec827130fa68607e84b706271afc7405a12b206710b",
    "audits/2026-10-10-n45-s-long-contract/frozen/artifacts/c5_excess_two_e4c/controls/NA9-0027.json": "b77bbd52aefe1db63c8b6016171d5270a8756172c8fbf1898c357f052f2d2e97",
    "audits/2026-10-10-n45-s-long-contract/frozen/artifacts/c5_excess_two_finite_search/NA_k7_validate/crit_orbits/orbit_0002.json": "7a960fcdcde1aecd6b64847aeda1c2bf76f1641e7546b07826cc3d555b6bec60",
    "audits/2026-10-10-n45-s-long-contract/frozen/artifacts/c5_excess_two_finite_search/NA_k8_validate/crit_orbits/orbit_0014.json": "a4bbb123f4b7504aa258fcf06b5427e4eb2556b68e0f9ef4a0c736f3af067d2e",
    "audits/2026-10-10-n45-s-long-contract/frozen/artifacts/c5_excess_two_finite_search/NA_k8_validate/crit_orbits/orbit_0015.json": "6316b84b586d953cefe8f95d818f0ab267c0bd73552b7cfb93fe5447ddc620fd",
    "audits/2026-10-10-n45-s-long-contract/frozen/artifacts/c5_excess_two_finite_search/NA_k8_validate/crit_orbits/orbit_0016.json": "b8783e3061cf1a84fe9ec6ead0bc8b2dabc67229ede9257615feac528ad1461e",
    "audits/2026-10-10-n45-s-long-contract/frozen/artifacts/c5_excess_two_finite_search/NA_k8_validate/crit_orbits/orbit_0017.json": "bdcd68f355c3ab7f37930eae7961321c0bae64f05ec925003c6e617f3fccd871",
    "audits/2026-10-10-n45-s-long-contract/frozen/artifacts/c5_excess_two_finite_search/NA_k8_validate/crit_orbits/orbit_0018.json": "cb4c8ab914ec5219a72cd10835d9f422b33f3d476d27c69ba29209a0b72c2c5d",
    "audits/2026-10-10-n45-s-long-contract/frozen/artifacts/c5_excess_two_finite_search/NA_k8_validate/crit_orbits/orbit_0020.json": "8581f3168dc6c6f7e0a43781a28fdf26b37a9b0099e6aa376054c9c3d5c65d37",
    "audits/2026-10-10-n45-s-long-contract/frozen/artifacts/c5_excess_two_finite_search/NA_k8_validate/crit_orbits/orbit_0021.json": "1e3ff275bb9d6d9aa56a2dc5591aa92ea50822829391a8be3bf86470f043cc36",
    "audits/2026-10-10-n45-s-long-contract/frozen/artifacts/c5_excess_two_finite_search/NA_k8_validate/crit_orbits/orbit_0022.json": "42591402beafce0c96a56ae5fcc20b265fde949fa4857501d0f4d1ce59914a91",
    "audits/2026-10-10-n45-s-long-contract/frozen/artifacts/c5_excess_two_finite_search/NA_k9_validate/crit_orbits/orbit_0010.json": "b5e240083436ebec79adacfdfba8f2c1b5b4948415c22e17718398947a6a44b3",
    "audits/2026-10-10-n45-s-long-contract/frozen/artifacts/c5_excess_two_finite_search/NA_k9_validate/crit_orbits/orbit_0011.json": "387161610a959e8b8cb595ba39a9ff830c2d850390680efb82368a00b19a5050",
    "audits/2026-10-10-n45-s-long-contract/frozen/artifacts/c5_excess_two_finite_search/NA_k9_validate/crit_orbits/orbit_0020.json": "0c844c661aa3db4846771c1b4ea1ccef370281ab4b0ed4ed3000f8a8be7bcfcd",
    "audits/2026-10-10-n45-s-long-contract/frozen/artifacts/c5_excess_two_finite_search/NA_k9_validate/crit_orbits/orbit_0021.json": "3a3ecbf2442c47733d395cfe90936c89294bd698409482e44b81f6b8a9a86230",
    "audits/2026-10-10-n45-s-long-contract/frozen/artifacts/c5_excess_two_finite_search/NA_k9_validate/crit_orbits/orbit_0022.json": "ce7a9a29ffb646077072ad409cbfa0612cc27af5136307e0f55969b8031d5528",
    "audits/2026-10-10-n45-s-long-contract/frozen/artifacts/c5_excess_two_finite_search/NA_k9_validate/crit_orbits/orbit_0023.json": "d642b19b810bb70e738a1ac8019393fc0dc6e80bcab4652546a6c191ef1117a1",
    "audits/2026-10-10-n45-s-long-contract/frozen/artifacts/c5_excess_two_finite_search/NA_k9_validate/crit_orbits/orbit_0024.json": "03ed689ef0b0948de9a039045894e4c7f1ee99a50c5e3188bb2f571b501f5109",
    "audits/2026-10-10-n45-s-long-contract/frozen/artifacts/c5_excess_two_finite_search/NA_k9_validate/crit_orbits/orbit_0025.json": "21ef2647981b6263a8955ff52f109cf4ea201392d9b34dad44c9cb802c0dda28",
    "audits/2026-10-10-n45-s-long-contract/frozen/artifacts/c5_excess_two_finite_search/NA_k9_validate/crit_orbits/orbit_0026.json": "fec42a2505a43c50aad17cbab8bd121b8e2db63d1664d2bce549c6c93fff8a2f",
    "audits/2026-10-10-n45-s-long-contract/frozen/artifacts/c5_excess_two_finite_search/NA_k9_validate/crit_orbits/orbit_0027.json": "16b45b8eb6bcaae3356d35d7d105947764dd3cafb37736a7520220ed91861bc3",
    "audits/2026-10-10-n45-s-long-contract/frozen/audits/2026-10-09-n45-pg/REPORT.md": "f67da4360ca729bf14a6d04b8a9e62041c5824d3b9734bacaf145a445008584f",
    "audits/2026-10-10-n45-s-long-contract/frozen/audits/2026-10-09-n45-s/REPORT.md": "51ea0e8406998e0a2f8dda8edf785e3a67cbeee412cc8a5d3272430bd0138fa1",
    "audits/2026-10-10-n45-s-long-contract/frozen/audits/2026-10-09-n45-su-a/REPORT.md": "6a2fbd8d1c2225265dd053070ed59e3e4dd129d9ba825090d197ce0c088820ca",
    "audits/2026-10-10-n45-s-long-contract/frozen/docs/DOCUMENTATION.md": "40214801431719f88f6a808bc9c2f74ed0ec3044a5c555cac0a99678af105ac3",
    "audits/2026-10-10-n45-s-long-contract/frozen/docs/HANDOFF.md": "3a5f57439de95350fc322ab6a9a7062782a7fcb7b293e4563e1cae2f65d9299f",
    "audits/2026-10-10-n45-s-long-contract/frozen/docs/STATUS.md": "cb47dce5031289246738e8e5061b8f4694420990fb906ea68632e5cb8aacf5e3",
    "audits/2026-10-10-n45-s-long-contract/frozen/docs/c5_excess_two_nonadjacent_unit_core45.md": "27b314d4e54110723450550265e659af4dfd3682dc60f48d0e20eef5161a5e4b",
    "audits/2026-10-10-n45-s-long-contract/frozen/docs/c5_kempe_guide.md": "17766cb7418490f9949d101b353b769b381f96e844c0450e949ab4ec99dff6a2",
    "audits/2026-10-10-n45-s-long-contract/frozen/docs/c5_phase_b_common_lemmas.md": "b18b007592346b097c0ea20573982394e0b97d381cf31b215a87cfcdf6916015",
    "audits/2026-10-10-n45-s-long-contract/frozen/docs/c5_unary_shield_budget.md": "c4039e805abcc94a6a8c824ba38e5858420535c5c5528e3bf43aec5721c8e082",
    "audits/2026-10-10-n45-s-long-contract/generation-attempt1.json": "3bb423ef89cce18338e5aca4296adae341c478db8205638b9e2b84e36520e1a7",
    "audits/2026-10-10-n45-s-long-contract/inputs.json": "3f2c9cf2078d2e07f912b15e2f1fee980424ade96d09a1804ac5ebd4a6ae2dc2",
    "audits/2026-10-10-n45-s-long-contract/negative-and-drift.json": "e3a9bdef61301dbf8af54462b545a2a38c1b6944fbb20190b89ef969954ff694",
    "audits/2026-10-11-n45-s-long-s-block-transfer/authority/base/audits/2026-10-10-n45-s-long-contract/REPORT.md": "34354f631fe887cc52f1c3aa6a6b0413111fa05ad4dc3ec820f615a58d121db9",
    "audits/2026-10-11-n45-s-long-s-block-transfer/authority/base/docs/c5_degree5_interfaces.md": "fd098e8f4b3d950ba69ed7231195cf44bc07532b6ee789c3ea66091a2959a284",
    "audits/2026-10-11-n45-s-long-s-block-transfer/authority/base/docs/c5_degree5_tree_components.md": "fa326592f94cca6e941346b0b1c90086e1d75042168102990f4ed7c64b190dc5",
    "audits/2026-10-11-n45-s-long-s-block-transfer/authority/base/docs/c5_excess_two_nonadjacent_unit_core45.md": "16dec09cb35ec1486a28d7d222a6639f8ccdd6f1981de6f5c45c3fe2b266273a",
    "audits/2026-10-11-n45-s-long-s-block-transfer/authority/base/docs/c5_multi_odd_cycles.md": "cbec86271dc4a1cb2c67597c65cd418503413f75f45b5a6a2c929c6a425f1cbf",
    "audits/2026-10-11-n45-s-long-s-block-transfer/authority/base/docs/c5_single_spoke_branch_palettes.md": "a08a23ce54a7abb3a260c9fa792c78e6bb7aafa2623dc913cafaaf18a5a3ce05",
    "audits/2026-10-11-n45-s-long-s-block-transfer/authority/base/docs/c5_single_spoke_cross_row.md": "498cf885d44561118c1777f52f60348ae49cf38bb5444d1be353583854c6f981",
    "audits/2026-10-11-n45-s-long-s-block-transfer/authority/base/docs/c5_single_spoke_frame_arc.md": "0f7ace6bcf523070bee3a5b1e6c6f2f7576c3a105550eed70e7434c837f43b1f",
    "audits/2026-10-11-n45-s-long-s-block-transfer/authority/base/docs/c5_single_spoke_residual_locality.md": "ebb0b1e4ef2db0d09bf3dda35a6570cc6ed6bffc01d80117d7b504aff1937e29",
    "audits/2026-10-11-n45-s-long-s-block-transfer/authority/base/docs/c5_single_spoke_two_two.md": "82715f41c5a07ba43439a8e081e283bb044c19d93be4d0fad427c27dac3283c8",
    "audits/2026-10-11-n45-s-long-s-block-transfer/authority/base/docs/c5_single_spoke_two_two_minor.md": "33c6e89524859a0eb63227210c4276accd3330f8a5a7e8c81d963151fa6ae5c5",
    "audits/2026-10-11-n45-s-long-s-block-transfer/authority/base/docs/c5_two_spoke_nonadjacent.md": "dd9eda76d897629daea46364b0b508581d4972662c70f72558494d4c1c520e60",
    "audits/2026-10-11-n45-s-long-s-block-transfer/authority/sealed/audits/2026-10-11-n45-s-long-s-fibre/REPORT.md": "68f26177e3ecf1b144eb21b3c8fc25fd89fe66b40832a6b5df89a168c630da90",
    "audits/2026-10-11-n45-s-long-s-block-transfer/authority/sealed/audits/2026-10-11-n45-s-long-s-fibre/claims.json": "3a7c0e81cf1a2f07a84a67bf4aa1cfa70b5f3478c87a2ccfeb97d152d3527f08",
    "audits/2026-10-11-n45-s-long-s-block-transfer/authority/sealed/audits/2026-10-11-n45-s-long-s-fibre/delivery.json": "5ef4df9be39637f68bde661d2b724eb9ab7671754dea588938093e76abced0ab",
    "audits/2026-10-11-n45-s-long-s-block-transfer/authority/sealed/audits/2026-10-11-n45-s-long-s-fibre/obligations.json": "49aae3994a8e43277152d0b011455d3ed0925a46aa5a16cc454f6dd182fd0a8d",
    "audits/2026-10-11-n45-s-long-s-block-transfer/authority/sealed/audits/2026-10-11-n45-s-long-s-review/REPORT.md": "d49f04d33c0decf6cf945c0adad53fcda831129247f4d72bb278b93e9586d1e0",
    "audits/2026-10-11-n45-s-long-s-block-transfer/authority/sealed/audits/2026-10-11-n45-s-long-s-review/acceptance.json": "63ab10e26bba2ba384dc2432c14901e0b44e5fb4e5386634b84a007516898982",
    "audits/2026-10-11-n45-s-long-s-block-transfer/authority/sealed/audits/2026-10-11-n45-s-long-s-review/corrections.json": "747b63ef5a6b43835082183b9c463258aa5466227d2616271ca6595b9b8c22d2",
    "audits/2026-10-11-n45-s-long-s-block-transfer/authority/sealed/audits/2026-10-11-n45-s-long-s-review/delivery.json": "ed08e905575228cf86e839f91fc419f58b552eead0b7f2c461f7db9d4b6cb41b",
    "audits/2026-10-11-n45-s-long-s-block-transfer/authority/sealed/audits/2026-10-11-n45-s-long-s-review/direct-paper-review.md": "6c0058cde8d59c35b78af4f0c1b326820cc717df1a9d84b9d588223428d3376f",
    "audits/2026-10-11-n45-s-long-s-block-transfer/authority/sealed/audits/2026-10-11-n45-s-long-s-review/fibre-paper-review.md": "5a940225046437de8c23a2eb712c4ec120a07939e47a50332f7910af48b2fcdb",
    "audits/2026-10-11-n45-s-long-s-block-transfer/authority/sealed/audits/2026-10-11-n45-s-long-s-review/remaining-schedules.json": "8aa76908ced65202a24aa9a56f99e3cf1ac02537b3d5caa38c8cfdb9ab1cc9fa",
    "audits/2026-10-11-n45-s-long-s-block-transfer/cases.json": "536abcedc197a8d9b95e509591e01452378d7cc77f1c2d9d4ae69ab15536c177",
    "audits/2026-10-11-n45-s-long-s-block-transfer/inputs.json": "a2db60eff09a3fdc80978c4c613917064b7785c39dd10062d66d2ecbd11abd2f",
    "audits/2026-10-11-n45-s-long-s-direct/REPORT.md": "052dec22898f9ab51169b40a2901affc68ff3028bd12854cc09a8614431f8d7c",
    "audits/2026-10-11-n45-s-long-s-direct/SOURCE-MISMATCH-additional.json": "84fcda7ed6bb514e88edefb6072bf6d8fb3c382a98609d4e7b81a2057c3e70b6",
    "audits/2026-10-11-n45-s-long-s-direct/checks.json": "bd2735d31f9832f22a1223e41bcb832e5b3ac508b7caf24d291334d15988f548",
    "audits/2026-10-11-n45-s-long-s-direct/claims.json": "9a78863cd563ce157b99e8a3da0f11b631516ffd35d7dbb38064e73d33943944",
    "audits/2026-10-11-n45-s-long-s-direct/delivery.json": "13532f13ff6ca1ef1954d840365aef1de69dbef250707bb1c4efa6fd0c16a15f",
    "audits/2026-10-11-n45-s-long-s-direct/execution-notes.json": "43e2fdf590a1b7a55a7de89d4130d0e0b95862bbe52f016af84016e2d3ac8ae5",
    "audits/2026-10-11-n45-s-long-s-direct/external-read/README.md": "b84dc4bb8535753e6cbef379e8b6f91286db0e7ad56095633667de778e5f6941",
    "audits/2026-10-11-n45-s-long-s-direct/external-read/gallai.txt": "d5b3752f52da695bbbbd24f1581a1f10bbc50c09d0aabd2acc16b560c2635fd4",
    "audits/2026-10-11-n45-s-long-s-direct/findings.json": "a7614288962fa01e8717cbb09bdcd10de99241e7ad7abe8f41b94b0fe8dadb76",
    "audits/2026-10-11-n45-s-long-s-direct/finite-source-status.json": "ea4d016aa46e782c4daae1c3cdf6f157033e3a3e94529fa2eab9e4beb220703c",
    "audits/2026-10-11-n45-s-long-s-direct/frozen/audits/2026-10-10-n45-s-long-contract/REPORT.md": "34354f631fe887cc52f1c3aa6a6b0413111fa05ad4dc3ec820f615a58d121db9",
    "audits/2026-10-11-n45-s-long-s-direct/frozen/audits/2026-10-10-n45-s-long-r-map/REPORT.md": "61847490bc1c26e4062c2d5c18918dbf8f0b9452e68c411f7f47f97954a41e94",
    "audits/2026-10-11-n45-s-long-s-direct/frozen/docs/HANDOFF.md": "3a5f57439de95350fc322ab6a9a7062782a7fcb7b293e4563e1cae2f65d9299f",
    "audits/2026-10-11-n45-s-long-s-direct/frozen/docs/STATUS.md": "fb36fee998ba33b99645292fe51d8ebf745eab757b5d8be460abfa9c5eed8ead",
    "audits/2026-10-11-n45-s-long-s-direct/frozen/docs/c5_degree5_interfaces.md": "fd098e8f4b3d950ba69ed7231195cf44bc07532b6ee789c3ea66091a2959a284",
    "audits/2026-10-11-n45-s-long-s-direct/frozen/docs/c5_degree5_tree_components.md": "fa326592f94cca6e941346b0b1c90086e1d75042168102990f4ed7c64b190dc5",
    "audits/2026-10-11-n45-s-long-s-direct/frozen/docs/c5_excess_two_nonadjacent_unit_core45.md": "16dec09cb35ec1486a28d7d222a6639f8ccdd6f1981de6f5c45c3fe2b266273a",
    "audits/2026-10-11-n45-s-long-s-direct/frozen/docs/c5_no_spoke_exterior.md": "df7dcd54d464e5b474e3a5a4730b164e650e6d314128197d5e8aab0052fef7b2",
    "audits/2026-10-11-n45-s-long-s-direct/frozen/docs/c5_single_spoke_cores.md": "5f37ffbd6f0f9ba4c279fc37fc5eb7eadfd0ce234076aeb27f5094f429bc2310",
    "audits/2026-10-11-n45-s-long-s-direct/frozen/docs/c5_single_spoke_four.md": "fedb7bd9162a1d2e72dd85c9e837c167174a20d202d0c3ad4927c7dfc1959e25",
    "audits/2026-10-11-n45-s-long-s-direct/frozen/docs/c5_single_spoke_three_one.md": "002ca3a1f0e4c642d2d3b53543f8c99c4172784d578e2fc4fbd6df50411f26ce",
    "audits/2026-10-11-n45-s-long-s-direct/frozen/docs/c5_two_spoke_three_contacts.md": "b74940c3a8d16fe8d669808c41a3882cd47f75143a2bbc050fd7f1632cdc7cae",
    "audits/2026-10-11-n45-s-long-s-direct/frozen/external/gallai.pdf": "50e998fcb016418698ef31b932c6c2e728007f5e3b3348b93744781196ac1aea",
    "audits/2026-10-11-n45-s-long-s-direct/frozen/scripts/c5_degree5_interfaces.py": "8c31d7bbb8a14fa168beffa03d13f442749e6c59a898e991fc5de3c958f77b6e",
    "audits/2026-10-11-n45-s-long-s-direct/frozen/scripts/c5_no_spoke_exterior.py": "ce0a6c33c90712eee11341ba8d2a43ed22578c0a2a63813e7f336e7c893f0579",
    "audits/2026-10-11-n45-s-long-s-direct/frozen/scripts/c5_single_spoke_cores.py": "65ef9321fb98fc4cc0e80683816f0da4291352886e899b08656d4a982e5f7ca8",
    "audits/2026-10-11-n45-s-long-s-direct/frozen/scripts/c5_single_spoke_four.py": "5008991e2640eeb9b5e02bfbb43aa2686ebe1577ab9f3fe03dc6f51e554cd2b1",
    "audits/2026-10-11-n45-s-long-s-direct/frozen/scripts/c5_single_spoke_three_one.py": "8cb2b3207cea8acfa012c6730c60624e3a7d577fe1f19bb003379ddf2af5e2e9",
    "audits/2026-10-11-n45-s-long-s-direct/frozen/scripts/c5_two_spoke_three_contacts.py": "a7b1066e61a870142e7a1059883b29a21252e5ecc416c5bf5e405ffc1ae32317",
    "audits/2026-10-11-n45-s-long-s-direct/input-records-v1.json": "75b02a8d1ec6eaeabf61529ff140bad4bdd468f72d7d7a53b56251569b230d80",
    "audits/2026-10-11-n45-s-long-s-direct/inputs.json": "8bfa73f1d951e8eaf5e31ec1761c73795855ece11f2c0424a929fe3740cf4819",
    "audits/2026-10-11-n45-s-long-s-direct/logs/bootstrap.json": "fdf24a0c34a831f969b2d0cebcec335a8d25085df78b254413ad7af8278211d8",
    "audits/2026-10-11-n45-s-long-s-direct/logs/check-summary.json": "999f99113d306086228537ba02ded906f9029f10af44003561f4dbc8e3503a31",
    "audits/2026-10-11-n45-s-long-s-direct/logs/contents-normal.json": "3e1213cd691ee21f253e232688cfb7f8192796a27124f8d15344ab420cd13315",
    "audits/2026-10-11-n45-s-long-s-direct/logs/contents-seed17.json": "f794481832b9ff6a793cdd3cfb513e0cb9cd830270894b8ba06b65a117936086",
    "audits/2026-10-11-n45-s-long-s-direct/logs/external-text.json": "fd96eb08b7446806f18ee4300904f8b18e2b201a22fec7de632af5488765a243",
    "audits/2026-10-11-n45-s-long-s-direct/logs/freeze-additional.json": "458a3033cd4beb22588e99ab4c108f1252d356630c93545c9d4b7053e8e53ee6",
    "audits/2026-10-11-n45-s-long-s-direct/logs/freeze-recovery.json": "f9d319c5dc6f2ec63669575d82d3c0f4edad9a4c6ba3d0f5347a96d39b48d151",
    "audits/2026-10-11-n45-s-long-s-direct/logs/git-head.json": "7894c45d5cc9a8671bf282608077ed79f92a9bb6640c7d308bd27f97a9331ec2",
    "audits/2026-10-11-n45-s-long-s-direct/logs/negative-inputs.json": "a67ce90a8d9ee553020557b60564deab85d05a2e55dace93097622a68197178d",
    "audits/2026-10-11-n45-s-long-s-direct/logs/negative-manifest.json": "1e0919f9108d87491a08a3831cf602b857c692c7c7125f3a8e120c6296042e87",
    "audits/2026-10-11-n45-s-long-s-direct/logs/negative-setup.json": "f4f5748e291c9edcf874e7552613137a05e4ef5a8d0fcd8554bd4ae9132b1162",
    "audits/2026-10-11-n45-s-long-s-direct/logs/own-git-status.json": "5114282c5d3dc06f11cd2cddebe64be69226e64e4317812175e4fb633251ed36",
    "audits/2026-10-11-n45-s-long-s-direct/logs/tracked-diff.json": "eaef7c5b97c3732635f337f4ba1848c93f598308f428327424c97c5662883659",
    "audits/2026-10-11-n45-s-long-s-direct/negative-controls/bad-delivery.json": "afc36e14da5c44199a3a0e6608c2ffc9bbfd1770c32089c4b7edcf415f6af03b",
    "audits/2026-10-11-n45-s-long-s-direct/negative-controls/bad-inputs.json": "ad12095e22d971089d5cef22f7b844ab2469a294de8060d8fdfcb2b69af92b2b",
    "audits/2026-10-11-n45-s-long-s-direct/profiles.json": "9e400fd67ccac25e5b680afb15d07e2cda502ae85974a9ad9ea49b9f65f5f3f0",
    "audits/2026-10-11-n45-s-long-s-direct/quarantine/artifacts/c5_no_spoke_exterior/observations.json": "d13c5aa2e94a610f3b220b57e03903170eb641871c04103ec12ed5cf5d3dd14d",
    "audits/2026-10-11-n45-s-long-s-direct/reviews.json": "13a50a41d1b1745c7d51b6e75e8f49a203c2d77de7dfafcaaf433a661761277e",
    "audits/2026-10-11-n45-s-long-s-direct/run_logged.py": "f4d359afe0d7981d135664a75bf9c921f50ebbc18f84b55050a51dc11534ee7e",
    "audits/2026-10-11-n45-s-long-s-direct/seal-receipt.json": "c7416c91875a06e06db1fb9eba578713aedf4579d03451dc33c8aff5f3d55dec",
    "audits/2026-10-11-n45-s-long-s-direct/seal.py": "19eaa45ee8ab4bcd6253bdf4a288f19cf102f09c87d2402029a8817d82e169d7",
    "audits/2026-10-11-n45-s-long-s-direct/validate.py": "c8b0b8e5a93d01bba36fbef882bad44a61dbd30107fa65040450792094692a1e",
    "audits/2026-10-11-n45-s-long-s-fibre/REPORT.md": "68f26177e3ecf1b144eb21b3c8fc25fd89fe66b40832a6b5df89a168c630da90",
    "audits/2026-10-11-n45-s-long-s-fibre/build_metadata.py": "1bb5323668c70528410bd145668642a3605cad44eba9b2a08665d50b14d449ae",
    "audits/2026-10-11-n45-s-long-s-fibre/certificate.json": "e06951edd8150a4f70de270fada08239799dd9ac61fb4fb3552755e667dddd93",
    "audits/2026-10-11-n45-s-long-s-fibre/checker.py": "800ada87d57224ce91662506404eaf61cab6aed3540dc783b5ceac8894553ef9",
    "audits/2026-10-11-n45-s-long-s-fibre/checks.json": "1124bebf7e3a943e9c6cfaeba487f8f753a8b2fa1839e4a9692fc0ba61ac57d9",
    "audits/2026-10-11-n45-s-long-s-fibre/claims.json": "3a7c0e81cf1a2f07a84a67bf4aa1cfa70b5f3478c87a2ccfeb97d152d3527f08",
    "audits/2026-10-11-n45-s-long-s-fibre/delivery.json": "5ef4df9be39637f68bde661d2b724eb9ab7671754dea588938093e76abced0ab",
    "audits/2026-10-11-n45-s-long-s-fibre/external/gallai.pdf": "50e998fcb016418698ef31b932c6c2e728007f5e3b3348b93744781196ac1aea",
    "audits/2026-10-11-n45-s-long-s-fibre/final-checks.json": "b1af3d0691daccfe5005a1376524a506e4730fdf9024be60fde324609e59528f",
    "audits/2026-10-11-n45-s-long-s-fibre/finalize.py": "5a26d0eaf260ce9d17fac6b92174448b89f9d7efea642ce0420cbafef1b5be00",
    "audits/2026-10-11-n45-s-long-s-fibre/frozen/artifacts/c5_excess_one_e2/REPORT.md": "ec136bf8c774c170af76054dda2e33ffdfd2c9c951d0e91a7ab2d30749146a4e",
    "audits/2026-10-11-n45-s-long-s-fibre/frozen/artifacts/c5_single_spoke_residual_locality/support_table.md": "875a6cf606e2127e2e24ed5431b87c2edf657e0ee10aa813558d5739fa0ef5bc",
    "audits/2026-10-11-n45-s-long-s-fibre/frozen/artifacts/c5_single_spoke_two_two/observations.json": "c0100886fcb2879bda1640a21bca1d0e8a1f9aa4759598ab5d83825ecb71a4d0",
    "audits/2026-10-11-n45-s-long-s-fibre/frozen/audits/2026-10-09-n45-s/REPORT.md": "51ea0e8406998e0a2f8dda8edf785e3a67cbeee412cc8a5d3272430bd0138fa1",
    "audits/2026-10-11-n45-s-long-s-fibre/frozen/audits/2026-10-10-n45-s-long-contract/REPORT.md": "34354f631fe887cc52f1c3aa6a6b0413111fa05ad4dc3ec820f615a58d121db9",
    "audits/2026-10-11-n45-s-long-s-fibre/frozen/audits/2026-10-10-n45-s-long-contract/frozen/artifacts/c5_excess_two_e4c/controls/NA7-0002.json": "0a3d5e72a95dbbcc1b07a4c6d15e570c46988c8dd31bc4349ac3029c825a2682",
    "audits/2026-10-11-n45-s-long-s-fibre/frozen/audits/2026-10-10-n45-s-long-contract/frozen/artifacts/c5_excess_two_e4c/controls/NA8-0014.json": "69e9adec9d41f460ada8851bffd82075fefadcd87d1e78138b2d31ed0ee9fed9",
    "audits/2026-10-11-n45-s-long-s-fibre/frozen/audits/2026-10-10-n45-s-long-contract/frozen/artifacts/c5_excess_two_e4c/controls/NA8-0015.json": "91bffe5287c69e779eca0aa6b6e5780bd01a27d79802aa3ac2c3082adbe389c6",
    "audits/2026-10-11-n45-s-long-s-fibre/frozen/audits/2026-10-10-n45-s-long-contract/frozen/artifacts/c5_excess_two_e4c/controls/NA8-0016.json": "157622ffca051967dafe92c23821028c65e2bd3e6289281050a5f5aeff285fde",
    "audits/2026-10-11-n45-s-long-s-fibre/frozen/audits/2026-10-10-n45-s-long-contract/frozen/artifacts/c5_excess_two_e4c/controls/NA8-0017.json": "0bb09b92e4570931e3306ae0e044a726bd57681ec8d907b681367c1c24ea8eeb",
    "audits/2026-10-11-n45-s-long-s-fibre/frozen/audits/2026-10-10-n45-s-long-contract/frozen/artifacts/c5_excess_two_e4c/controls/NA8-0018.json": "ff98dfc4a201bdad95147e7208c690e9fb8a16ce4d21e7b524eae72ca94f18a7",
    "audits/2026-10-11-n45-s-long-s-fibre/frozen/audits/2026-10-10-n45-s-long-contract/frozen/artifacts/c5_excess_two_e4c/controls/NA8-0020.json": "a345e40562d0f93da53250b84251ae689217e97f8ec6d064807b29bef89dfa68",
    "audits/2026-10-11-n45-s-long-s-fibre/frozen/audits/2026-10-10-n45-s-long-contract/frozen/artifacts/c5_excess_two_e4c/controls/NA8-0021.json": "a9cdc709f1f1c961286297863696aca52b7110e5ba980f83bfb2bb94c595014f",
    "audits/2026-10-11-n45-s-long-s-fibre/frozen/audits/2026-10-10-n45-s-long-contract/frozen/artifacts/c5_excess_two_e4c/controls/NA8-0022.json": "dd8fe080f64231140715953bb3a7b88a94fe676636c5b7974262177ce096bac2",
    "audits/2026-10-11-n45-s-long-s-fibre/frozen/audits/2026-10-10-n45-s-long-contract/frozen/artifacts/c5_excess_two_e4c/controls/NA9-0010.json": "223c66016be7542e70909c01429b05953f3d69b5fc659015b23e8f16af2c3502",
    "audits/2026-10-11-n45-s-long-s-fibre/frozen/audits/2026-10-10-n45-s-long-contract/frozen/artifacts/c5_excess_two_e4c/controls/NA9-0011.json": "bb450e51a77b7c1e37396fb190f587fe66f0e257421f2d9755b970c7997074af",
    "audits/2026-10-11-n45-s-long-s-fibre/frozen/audits/2026-10-10-n45-s-long-contract/frozen/artifacts/c5_excess_two_e4c/controls/NA9-0020.json": "a59ba82c1387c65ac9a625fb07bbcedcbc75ea06fdcaa382ccb59c49e3575473",
    "audits/2026-10-11-n45-s-long-s-fibre/frozen/audits/2026-10-10-n45-s-long-contract/frozen/artifacts/c5_excess_two_e4c/controls/NA9-0021.json": "ff7816340808b263bbc4945d98da889b5496a5d10051dbf85a94342a7bf1c231",
    "audits/2026-10-11-n45-s-long-s-fibre/frozen/audits/2026-10-10-n45-s-long-contract/frozen/artifacts/c5_excess_two_e4c/controls/NA9-0022.json": "808ed886aabe4fed366c986b1ec8bf9b597a78b88ee9caf0213b13406e3b2ecb",
    "audits/2026-10-11-n45-s-long-s-fibre/frozen/audits/2026-10-10-n45-s-long-contract/frozen/artifacts/c5_excess_two_e4c/controls/NA9-0023.json": "d2e31a967d203ed9f4dab07c92de9700499312848dea73bb5013e46ce10b1c80",
    "audits/2026-10-11-n45-s-long-s-fibre/frozen/audits/2026-10-10-n45-s-long-contract/frozen/artifacts/c5_excess_two_e4c/controls/NA9-0024.json": "fc223b9770f1920c9f3ca3b507587e695daece5407c4078289b2edbf65880a4f",
    "audits/2026-10-11-n45-s-long-s-fibre/frozen/audits/2026-10-10-n45-s-long-contract/frozen/artifacts/c5_excess_two_e4c/controls/NA9-0025.json": "02b2f09e699f1c90fbc4029d8c4d77c6d424859bbc37af0665ecd76002633b8b",
    "audits/2026-10-11-n45-s-long-s-fibre/frozen/audits/2026-10-10-n45-s-long-contract/frozen/artifacts/c5_excess_two_e4c/controls/NA9-0026.json": "420584623ff501ac098feec827130fa68607e84b706271afc7405a12b206710b",
    "audits/2026-10-11-n45-s-long-s-fibre/frozen/audits/2026-10-10-n45-s-long-contract/frozen/artifacts/c5_excess_two_e4c/controls/NA9-0027.json": "b77bbd52aefe1db63c8b6016171d5270a8756172c8fbf1898c357f052f2d2e97",
    "audits/2026-10-11-n45-s-long-s-fibre/frozen/audits/2026-10-10-n45-s-long-r-map/REPORT.md": "61847490bc1c26e4062c2d5c18918dbf8f0b9452e68c411f7f47f97954a41e94",
    "audits/2026-10-11-n45-s-long-s-fibre/frozen/docs/HANDOFF.md": "3a5f57439de95350fc322ab6a9a7062782a7fcb7b293e4563e1cae2f65d9299f",
    "audits/2026-10-11-n45-s-long-s-fibre/frozen/docs/STATUS.md": "fb36fee998ba33b99645292fe51d8ebf745eab757b5d8be460abfa9c5eed8ead",
    "audits/2026-10-11-n45-s-long-s-fibre/frozen/docs/c5_degree4_guide.md": "7ebf678a4952821f1d9a4c3faf7330bceb7f182dade789d9b330e40bfb5f3a05",
    "audits/2026-10-11-n45-s-long-s-fibre/frozen/docs/c5_degree5_interfaces.md": "fd098e8f4b3d950ba69ed7231195cf44bc07532b6ee789c3ea66091a2959a284",
    "audits/2026-10-11-n45-s-long-s-fibre/frozen/docs/c5_degree5_tree_components.md": "fa326592f94cca6e941346b0b1c90086e1d75042168102990f4ed7c64b190dc5",
    "audits/2026-10-11-n45-s-long-s-fibre/frozen/docs/c5_degree5_two_spoke_sectors.md": "aebbe3882f0b57de9fe4b575adbcab457c950f1cb0f1c80623e185af5b17a813",
    "audits/2026-10-11-n45-s-long-s-fibre/frozen/docs/c5_excess_rejection_law.md": "4d5b2aa73a72ca5291900f0d2aac317938345961d6a800b631a086561f1063a1",
    "audits/2026-10-11-n45-s-long-s-fibre/frozen/docs/c5_excess_two_nonadjacent_unit_core45.md": "16dec09cb35ec1486a28d7d222a6639f8ccdd6f1981de6f5c45c3fe2b266273a",
    "audits/2026-10-11-n45-s-long-s-fibre/frozen/docs/c5_k4_blocks.md": "0f226a399da4f5f2be29ae6c90124689d7159153cd709e7e21138d78fa7239e6",
    "audits/2026-10-11-n45-s-long-s-fibre/frozen/docs/c5_multi_odd_cycles.md": "cbec86271dc4a1cb2c67597c65cd418503413f75f45b5a6a2c929c6a425f1cbf",
    "audits/2026-10-11-n45-s-long-s-fibre/frozen/docs/c5_phase_b_common_lemmas.md": "b3622e5078e3fe9e51dcc96ed778b16fbd3b2d30af574adf774c1e4bf4ce5217",
    "audits/2026-10-11-n45-s-long-s-fibre/frozen/docs/c5_root_degree_excess.md": "050da3a1ace85977b877d7e69a6d0da3e5bd7b65eb8f780141c1b5d11f6a5087",
    "audits/2026-10-11-n45-s-long-s-fibre/frozen/docs/c5_single_spoke_branch_palettes.md": "a08a23ce54a7abb3a260c9fa792c78e6bb7aafa2623dc913cafaaf18a5a3ce05",
    "audits/2026-10-11-n45-s-long-s-fibre/frozen/docs/c5_single_spoke_bridge_path.md": "e086a216fbaee0a1a49f3e6503b4fe992a4c68da139b4205048946cf2126e059",
    "audits/2026-10-11-n45-s-long-s-fibre/frozen/docs/c5_single_spoke_cores.md": "5f37ffbd6f0f9ba4c279fc37fc5eb7eadfd0ce234076aeb27f5094f429bc2310",
    "audits/2026-10-11-n45-s-long-s-fibre/frozen/docs/c5_single_spoke_cross_row.md": "498cf885d44561118c1777f52f60348ae49cf38bb5444d1be353583854c6f981",
    "audits/2026-10-11-n45-s-long-s-fibre/frozen/docs/c5_single_spoke_first_bridge.md": "60ec516b01090af6f76d15a2759d12b9d718af3b1ad032499f091b3721cc51ec",
    "audits/2026-10-11-n45-s-long-s-fibre/frozen/docs/c5_single_spoke_four.md": "fedb7bd9162a1d2e72dd85c9e837c167174a20d202d0c3ad4927c7dfc1959e25",
    "audits/2026-10-11-n45-s-long-s-fibre/frozen/docs/c5_single_spoke_frame_arc.md": "0f7ace6bcf523070bee3a5b1e6c6f2f7576c3a105550eed70e7434c837f43b1f",
    "audits/2026-10-11-n45-s-long-s-fibre/frozen/docs/c5_single_spoke_residual_locality.md": "ebb0b1e4ef2db0d09bf3dda35a6570cc6ed6bffc01d80117d7b504aff1937e29",
    "audits/2026-10-11-n45-s-long-s-fibre/frozen/docs/c5_single_spoke_three_one.md": "002ca3a1f0e4c642d2d3b53543f8c99c4172784d578e2fc4fbd6df50411f26ce",
    "audits/2026-10-11-n45-s-long-s-fibre/frozen/docs/c5_single_spoke_two_arc.md": "3e4299ea53d95e5abbbb3fc77c77e2b1f394d1269e26a98981c80522f98ce850",
    "audits/2026-10-11-n45-s-long-s-fibre/frozen/docs/c5_single_spoke_two_contact_bounds.md": "d8ebd3db084eb4d60abc737b8c580e2e6cc738d03f1c347328b831a310c09fcf",
    "audits/2026-10-11-n45-s-long-s-fibre/frozen/docs/c5_single_spoke_two_two.md": "82715f41c5a07ba43439a8e081e283bb044c19d93be4d0fad427c27dac3283c8",
    "audits/2026-10-11-n45-s-long-s-fibre/frozen/docs/c5_single_spoke_two_two_external.md": "b2d6a75ada11cbc543d07d21c0eb083adcf8332f57eb0a182cb1ea779a3d4a4d",
    "audits/2026-10-11-n45-s-long-s-fibre/frozen/docs/c5_single_spoke_two_two_minor.md": "33c6e89524859a0eb63227210c4276accd3330f8a5a7e8c81d963151fa6ae5c5",
    "audits/2026-10-11-n45-s-long-s-fibre/frozen/docs/c5_two_spoke_adjacent_21.md": "246cbc10d2681163832b6390e18a5ed29218fb8689fb3b8b42f6c4d154f535fc",
    "audits/2026-10-11-n45-s-long-s-fibre/frozen/docs/c5_two_spoke_middle_21.md": "518a3c4f928a49181525fcbfff4cb1065cd05195f6938fd39ad452679b011cf0",
    "audits/2026-10-11-n45-s-long-s-fibre/frozen/docs/c5_two_spoke_nonadjacent.md": "dd9eda76d897629daea46364b0b508581d4972662c70f72558494d4c1c520e60",
    "audits/2026-10-11-n45-s-long-s-fibre/frozen/docs/c5_two_spoke_reflection.md": "0f634fe6d6825512b4f99d4ab668348e8770c6011c4644a0dbe660534ad468af",
    "audits/2026-10-11-n45-s-long-s-fibre/frozen/docs/c5_two_spoke_split_support.md": "fea6bfb5dd48d433859501031ea0ce6c4c86daf4284c79ee3cb76f6238c9a967",
    "audits/2026-10-11-n45-s-long-s-fibre/frozen/docs/c5_unary_shield_budget.md": "c4039e805abcc94a6a8c824ba38e5858420535c5c5528e3bf43aec5721c8e082",
    "audits/2026-10-11-n45-s-long-s-fibre/frozen/scripts/c5_single_spoke_residual_locality.py": "823c177635f8daa0c4ad20008880976baffbe331e07b49162b04bd37fec83bdc",
    "audits/2026-10-11-n45-s-long-s-fibre/inputs-initial.json": "d95a110425e3e9aec7f8c96e8806f2a2891518297a6c09d196c027358994ad22",
    "audits/2026-10-11-n45-s-long-s-fibre/inputs.json": "86bb4524e9d54a4628fff7688dda4c67cf01f3ae5b5a0e0c6352f04fbe996102",
    "audits/2026-10-11-n45-s-long-s-fibre/logs/blob-000.json": "d840a404f4999915ecafe2b2971c0a5d28953dd1591dd9b6c588d0f84973fb4e",
    "audits/2026-10-11-n45-s-long-s-fibre/logs/blob-000.stderr": "e3b0c44298fc1c149afbf4c8996fb92427ae41e4649b934ca495991b7852b855",
    "audits/2026-10-11-n45-s-long-s-fibre/logs/blob-000.stdout": "17557690c1c9b3dfd174e46274af37820b33ea9c7838e3916dcf4d7fbee6df57",
    "audits/2026-10-11-n45-s-long-s-fibre/logs/blob-001.json": "249782dbc58c2985f574f6e6b47a5dfe4b89f7e61e197bf0f0599280d1e702e6",
    "audits/2026-10-11-n45-s-long-s-fibre/logs/blob-001.stderr": "e3b0c44298fc1c149afbf4c8996fb92427ae41e4649b934ca495991b7852b855",
    "audits/2026-10-11-n45-s-long-s-fibre/logs/blob-001.stdout": "0883eb4dca7fddb7bc1b405c064a87fdb7798fd885309b43f687da2c72b75340",
    "audits/2026-10-11-n45-s-long-s-fibre/logs/blob-002.json": "c026064b9be7fa0be391a05a7c52c2bb6a83b69c7ab536ed71f83aff7c1f86bc",
    "audits/2026-10-11-n45-s-long-s-fibre/logs/blob-002.stderr": "e3b0c44298fc1c149afbf4c8996fb92427ae41e4649b934ca495991b7852b855",
    "audits/2026-10-11-n45-s-long-s-fibre/logs/blob-002.stdout": "4f4b495cbd1883fe6109f274ab183da9d8a4e7ac84dff920a7fdab63e2aef64d",
    "audits/2026-10-11-n45-s-long-s-fibre/logs/blob-003.json": "3d39a4fe3130c780a5e07a9642b7d16e3366e5801c340541f011af0ce15076fc",
    "audits/2026-10-11-n45-s-long-s-fibre/logs/blob-003.stderr": "e3b0c44298fc1c149afbf4c8996fb92427ae41e4649b934ca495991b7852b855",
    "audits/2026-10-11-n45-s-long-s-fibre/logs/blob-003.stdout": "d34291e71e39b361e485435acbf3985bc8ed6751788bf75b380fd4ab20a94ad5",
    "audits/2026-10-11-n45-s-long-s-fibre/logs/blob-004.json": "8123794a3baaf370fc296cd266bf8bc3653136a0a5adedeba290bbb0c3b07403",
    "audits/2026-10-11-n45-s-long-s-fibre/logs/blob-004.stderr": "e3b0c44298fc1c149afbf4c8996fb92427ae41e4649b934ca495991b7852b855",
    "audits/2026-10-11-n45-s-long-s-fibre/logs/blob-004.stdout": "92577c696e2d3993d80f7c3c4d58c6a71a22a47105dea0d5172022bd711a6590",
    "audits/2026-10-11-n45-s-long-s-fibre/logs/blob-005.json": "61a895748cc4d86815cfb7ab27ec74db9478e95804095ce729fec5f1b6d1e3b2",
    "audits/2026-10-11-n45-s-long-s-fibre/logs/blob-005.stderr": "e3b0c44298fc1c149afbf4c8996fb92427ae41e4649b934ca495991b7852b855",
    "audits/2026-10-11-n45-s-long-s-fibre/logs/blob-005.stdout": "b2b33a3ef8951578e03d0041ec7640dd362e1d18827b7c9ee53ef6ba08651481",
    "audits/2026-10-11-n45-s-long-s-fibre/logs/blob-006.json": "cbe61a013dc0b1342dd567f77669e2038c20566f314dbc08aa77a462eb859550",
    "audits/2026-10-11-n45-s-long-s-fibre/logs/blob-006.stderr": "e3b0c44298fc1c149afbf4c8996fb92427ae41e4649b934ca495991b7852b855",
    "audits/2026-10-11-n45-s-long-s-fibre/logs/blob-006.stdout": "c4b965537bae22baae64382de61097e646a711aec774588c6fd4811a151cbbf0",
    "audits/2026-10-11-n45-s-long-s-fibre/logs/blob-007.json": "4a3f7bff95e647dff640f5700ecf391762e8bfaa5570bc99f07860c0a9135def",
    "audits/2026-10-11-n45-s-long-s-fibre/logs/blob-007.stderr": "e3b0c44298fc1c149afbf4c8996fb92427ae41e4649b934ca495991b7852b855",
    "audits/2026-10-11-n45-s-long-s-fibre/logs/blob-007.stdout": "0d9f76673753c0f3b919b5d27753684525f1bd230f22fae074b1d5a9fb3a1771",
    "audits/2026-10-11-n45-s-long-s-fibre/logs/blob-008.json": "a3ae43bbb6b70b54139186a61cbef0b59e66a28aa6917be2e83e3d354b0ed51b",
    "audits/2026-10-11-n45-s-long-s-fibre/logs/blob-008.stderr": "e3b0c44298fc1c149afbf4c8996fb92427ae41e4649b934ca495991b7852b855",
    "audits/2026-10-11-n45-s-long-s-fibre/logs/blob-008.stdout": "6149d9083336c796205515f303c242d2c2bed17167d8f636ea60be28c6143df7",
    "audits/2026-10-11-n45-s-long-s-fibre/logs/blob-009.json": "01efc55203e8ce32960cfe070f6769d5b9175f3b6200c815624d4066183f9a9c",
    "audits/2026-10-11-n45-s-long-s-fibre/logs/blob-009.stderr": "e3b0c44298fc1c149afbf4c8996fb92427ae41e4649b934ca495991b7852b855",
    "audits/2026-10-11-n45-s-long-s-fibre/logs/blob-009.stdout": "4b562d04081bdb38f3d910d377b885e108af8ea360bd1c04273a20893ba922fb",
    "audits/2026-10-11-n45-s-long-s-fibre/logs/blob-010.json": "60d64f284687e4eb3ad2df10e792d9222f2495ea109b4bf6cceae55d57dd371d",
    "audits/2026-10-11-n45-s-long-s-fibre/logs/blob-010.stderr": "e3b0c44298fc1c149afbf4c8996fb92427ae41e4649b934ca495991b7852b855",
    "audits/2026-10-11-n45-s-long-s-fibre/logs/blob-010.stdout": "8f9f3e52f54d2d966ae7e2d985b7d55647daec4e40ef84009ff110b2415e5c1a",
    "audits/2026-10-11-n45-s-long-s-fibre/logs/blob-011.json": "c2b578123e42ce4649632e12b6b62c426fb716dcfd71076fcca985f623f688f6",
    "audits/2026-10-11-n45-s-long-s-fibre/logs/blob-011.stderr": "e3b0c44298fc1c149afbf4c8996fb92427ae41e4649b934ca495991b7852b855",
    "audits/2026-10-11-n45-s-long-s-fibre/logs/blob-011.stdout": "7bda7511eebb9bc55ce1255edfb6fc2eacd43f56ff0014bb0ef9de193a30b8ba",
    "audits/2026-10-11-n45-s-long-s-fibre/logs/blob-012.json": "b91110123e40dff2769f498fdc0bc2e3b04e5d91ba07e6326e49ddc40a1581c2",
    "audits/2026-10-11-n45-s-long-s-fibre/logs/blob-012.stderr": "e3b0c44298fc1c149afbf4c8996fb92427ae41e4649b934ca495991b7852b855",
    "audits/2026-10-11-n45-s-long-s-fibre/logs/blob-012.stdout": "a0135559f8d28144eb41434236dc2d627685c3a52e78e906fc7334577bcdae60",
    "audits/2026-10-11-n45-s-long-s-fibre/logs/blob-013.json": "aa62f183845c71429e1dcd112d87cdf355e7646724052d2b32ff6e35853a84fb",
    "audits/2026-10-11-n45-s-long-s-fibre/logs/blob-013.stderr": "e3b0c44298fc1c149afbf4c8996fb92427ae41e4649b934ca495991b7852b855",
    "audits/2026-10-11-n45-s-long-s-fibre/logs/blob-013.stdout": "6056f93106a7107f0f645f4b407e724497680b249e81fd8bbfa85b9e05e8b498",
    "audits/2026-10-11-n45-s-long-s-fibre/logs/blob-014.json": "276e0787ceb3341ddb0f0bb9c53d6f887c6f86c453bea9d278c6efff8949eb48",
    "audits/2026-10-11-n45-s-long-s-fibre/logs/blob-014.stderr": "e3b0c44298fc1c149afbf4c8996fb92427ae41e4649b934ca495991b7852b855",
    "audits/2026-10-11-n45-s-long-s-fibre/logs/blob-014.stdout": "4710c1f45d4eb6923ab421efc8bdb6b622f4347a7dcc321acdafedd8ae424e8a",
    "audits/2026-10-11-n45-s-long-s-fibre/logs/blob-015.json": "ea8f2623312ba60733bd8871f768d0ea3abdcf23053cf380c3432b7642ee1155",
    "audits/2026-10-11-n45-s-long-s-fibre/logs/blob-015.stderr": "e3b0c44298fc1c149afbf4c8996fb92427ae41e4649b934ca495991b7852b855",
    "audits/2026-10-11-n45-s-long-s-fibre/logs/blob-015.stdout": "6c61b9a89223949f51e389da43753fc55f024dac3ac1dc644c41515a2ea162b6",
    "audits/2026-10-11-n45-s-long-s-fibre/logs/blob-016.json": "0b4cc23dec2ab0fdd3848971d34ca7987036ffb0722c95dbb3508628d5401163",
    "audits/2026-10-11-n45-s-long-s-fibre/logs/blob-016.stderr": "e3b0c44298fc1c149afbf4c8996fb92427ae41e4649b934ca495991b7852b855",
    "audits/2026-10-11-n45-s-long-s-fibre/logs/blob-016.stdout": "b7670c52abc91fee0e85f78e01b8c59e59f204fcaeb7199786f2cafb5c8b4813",
    "audits/2026-10-11-n45-s-long-s-fibre/logs/blob-017.json": "ae7befc639f6f1a7d8faccf97ff2bd1fe36689da9e95420fa6b59fca5c7059fd",
    "audits/2026-10-11-n45-s-long-s-fibre/logs/blob-017.stderr": "e3b0c44298fc1c149afbf4c8996fb92427ae41e4649b934ca495991b7852b855",
    "audits/2026-10-11-n45-s-long-s-fibre/logs/blob-017.stdout": "5d68799ee45370b104085ea716cc23077259e76d1412ecc1136b911c5df76511",
    "audits/2026-10-11-n45-s-long-s-fibre/logs/blob-018.json": "3923b68fd36f62342757c60b7ff4e6e2bffc90311f7c5b7ac66efd0b5194fed2",
    "audits/2026-10-11-n45-s-long-s-fibre/logs/blob-018.stderr": "e3b0c44298fc1c149afbf4c8996fb92427ae41e4649b934ca495991b7852b855",
    "audits/2026-10-11-n45-s-long-s-fibre/logs/blob-018.stdout": "f5550c11e9e6a2ba2cb56e08e20d06eb980bbcd6842858bc21aa808a4c766579",
    "audits/2026-10-11-n45-s-long-s-fibre/logs/blob-019.json": "7dbaf2f42b8bc97620ca5a989190d21ea95137bfac90d44de0f5e507d6f40263",
    "audits/2026-10-11-n45-s-long-s-fibre/logs/blob-019.stderr": "e3b0c44298fc1c149afbf4c8996fb92427ae41e4649b934ca495991b7852b855",
    "audits/2026-10-11-n45-s-long-s-fibre/logs/blob-019.stdout": "14338226724adb49fa5151633129167607f8dd60f8e393a1b29b4e81e1e80f57",
    "audits/2026-10-11-n45-s-long-s-fibre/logs/blob-020.json": "7a5a9f84a7809ad5ab2eccc9fca4173cc0d5087509c9915c96f3341d87da146a",
    "audits/2026-10-11-n45-s-long-s-fibre/logs/blob-020.stderr": "e3b0c44298fc1c149afbf4c8996fb92427ae41e4649b934ca495991b7852b855",
    "audits/2026-10-11-n45-s-long-s-fibre/logs/blob-020.stdout": "199dc898c4e1d9a16f093f7dc1d9568ecaa20dec28d2857aed03fe12e171e3a5",
    "audits/2026-10-11-n45-s-long-s-fibre/logs/blob-021.json": "554e33ec0cac5e8bef93c9bb553a7649e316dce178a25fe9859db6562d640a30",
    "audits/2026-10-11-n45-s-long-s-fibre/logs/blob-021.stderr": "e3b0c44298fc1c149afbf4c8996fb92427ae41e4649b934ca495991b7852b855",
    "audits/2026-10-11-n45-s-long-s-fibre/logs/blob-021.stdout": "f51182da566b7948c1f84a33a61c540d51fe9de8aad9381f7d837f40a827b13d",
    "audits/2026-10-11-n45-s-long-s-fibre/logs/blob-022.json": "e7d0155b4f44b518968544dbf38550a5010efec3d9c0a281b05f3b468ec7072a",
    "audits/2026-10-11-n45-s-long-s-fibre/logs/blob-022.stderr": "e3b0c44298fc1c149afbf4c8996fb92427ae41e4649b934ca495991b7852b855",
    "audits/2026-10-11-n45-s-long-s-fibre/logs/blob-022.stdout": "1be8d8ec82de7f9bf45205ba325efd26870c7a71bdfe351be4991203dd903732",
    "audits/2026-10-11-n45-s-long-s-fibre/logs/blob-023.json": "b08af62b4f3d1957e36dcb8ab8b6ad97efcdd9924e393140923abc84455b9ec6",
    "audits/2026-10-11-n45-s-long-s-fibre/logs/blob-023.stderr": "e3b0c44298fc1c149afbf4c8996fb92427ae41e4649b934ca495991b7852b855",
    "audits/2026-10-11-n45-s-long-s-fibre/logs/blob-023.stdout": "920da8a46831edad442a7395bf02e94753e5a041e0099339eb93fc0d8c112bde",
    "audits/2026-10-11-n45-s-long-s-fibre/logs/blob-024.json": "7ea6530b5e25fa89e1255eecbefd98f8e0c803522cc360739658d29e27bbb657",
    "audits/2026-10-11-n45-s-long-s-fibre/logs/blob-024.stderr": "e3b0c44298fc1c149afbf4c8996fb92427ae41e4649b934ca495991b7852b855",
    "audits/2026-10-11-n45-s-long-s-fibre/logs/blob-024.stdout": "0b84179e3493422cc571450d10ed969d2039908465f641db96985c65374b0530",
    "audits/2026-10-11-n45-s-long-s-fibre/logs/blob-025.json": "2fb83f6d88703cc418bc5e40d453c1646d9f4f08ee0901c1c170169135d18254",
    "audits/2026-10-11-n45-s-long-s-fibre/logs/blob-025.stderr": "e3b0c44298fc1c149afbf4c8996fb92427ae41e4649b934ca495991b7852b855",
    "audits/2026-10-11-n45-s-long-s-fibre/logs/blob-025.stdout": "1dc72464b2bb66440badb89a2cd7607d50c1312ecc5da1f030be95536de9b427",
    "audits/2026-10-11-n45-s-long-s-fibre/logs/blob-026.json": "5b9d0d12ba4c17259340a220e4be6501f246c17505dbb622d80b1ec5b878cc81",
    "audits/2026-10-11-n45-s-long-s-fibre/logs/blob-026.stderr": "e3b0c44298fc1c149afbf4c8996fb92427ae41e4649b934ca495991b7852b855",
    "audits/2026-10-11-n45-s-long-s-fibre/logs/blob-026.stdout": "61b71524fc742bbed55d24388668495efadf9f4cecc1aa320ad7e918732aa169",
    "audits/2026-10-11-n45-s-long-s-fibre/logs/blob-027.json": "c699efe47303ff39a7baf232e96356f0b94fc880bddb84cac321374cd478df0b",
    "audits/2026-10-11-n45-s-long-s-fibre/logs/blob-027.stderr": "e3b0c44298fc1c149afbf4c8996fb92427ae41e4649b934ca495991b7852b855",
    "audits/2026-10-11-n45-s-long-s-fibre/logs/blob-027.stdout": "8718120863fa42a771681b9e45b67ba73cd55a43b5a2fc214d4390ecd5250a46",
    "audits/2026-10-11-n45-s-long-s-fibre/logs/blob-028.json": "7df9648c582ef69b78b7ed757e9354361c884b7d1235ff3fef0ffec23b09cd36",
    "audits/2026-10-11-n45-s-long-s-fibre/logs/blob-028.stderr": "e3b0c44298fc1c149afbf4c8996fb92427ae41e4649b934ca495991b7852b855",
    "audits/2026-10-11-n45-s-long-s-fibre/logs/blob-028.stdout": "5a3ecd58065e3d77dc633138966735733db65d981c134bea8e18004697f64d7c",
    "audits/2026-10-11-n45-s-long-s-fibre/logs/blob-029.json": "291dcc598c9b7fb94f0239edd029cbdc666ecf3097ffca8273e7eff97261156a",
    "audits/2026-10-11-n45-s-long-s-fibre/logs/blob-029.stderr": "e3b0c44298fc1c149afbf4c8996fb92427ae41e4649b934ca495991b7852b855",
    "audits/2026-10-11-n45-s-long-s-fibre/logs/blob-029.stdout": "863c0b3c3656cb2e723537dcc8dc0d4f704afe808667e4fd7ac9d19db340464d",
    "audits/2026-10-11-n45-s-long-s-fibre/logs/blob-030.json": "bbe0b29dea28a958e3eb37dcfceffb55ea2c5d7558fbca46f45c062291395b62",
    "audits/2026-10-11-n45-s-long-s-fibre/logs/blob-030.stderr": "e3b0c44298fc1c149afbf4c8996fb92427ae41e4649b934ca495991b7852b855",
    "audits/2026-10-11-n45-s-long-s-fibre/logs/blob-030.stdout": "fde1720981c77a06b9b415cdc43f0a477f89bef164225aceb2ac87ca9e98e383",
    "audits/2026-10-11-n45-s-long-s-fibre/logs/blob-031.json": "951d135cb988d85d02512dead9b96e4ea5fe25b63bfca2c126d88f15c50141fc",
    "audits/2026-10-11-n45-s-long-s-fibre/logs/blob-031.stderr": "e3b0c44298fc1c149afbf4c8996fb92427ae41e4649b934ca495991b7852b855",
    "audits/2026-10-11-n45-s-long-s-fibre/logs/blob-031.stdout": "06a5e23592a7e891577ba1303fb314d46b5cf5702d483a74c64a228dc6bc1ec9",
    "audits/2026-10-11-n45-s-long-s-fibre/logs/blob-032.json": "56d78ab0049caa978847ce7a154b9bd19f15b606582224c3e510216994e09149",
    "audits/2026-10-11-n45-s-long-s-fibre/logs/blob-032.stderr": "e3b0c44298fc1c149afbf4c8996fb92427ae41e4649b934ca495991b7852b855",
    "audits/2026-10-11-n45-s-long-s-fibre/logs/blob-032.stdout": "22de8c1a4ebc2c26245e9098f488aaa637a684a88a0e75c7b72b9aae7488a85a",
    "audits/2026-10-11-n45-s-long-s-fibre/logs/blob-033.json": "9146e52720310b6a7f42e3b1496bdfd614c67163ab70653a9e2750368d7ffe71",
    "audits/2026-10-11-n45-s-long-s-fibre/logs/blob-033.stderr": "e3b0c44298fc1c149afbf4c8996fb92427ae41e4649b934ca495991b7852b855",
    "audits/2026-10-11-n45-s-long-s-fibre/logs/blob-033.stdout": "6658e090c36cdfd6cfa461d90841d3ccf0f105290148e69e73cde35f2b700ec1",
    "audits/2026-10-11-n45-s-long-s-fibre/logs/blob-034.json": "18186680f5901b188d1d59011740c333ef9de32163865bca1547dd440261652f",
    "audits/2026-10-11-n45-s-long-s-fibre/logs/blob-034.stderr": "e3b0c44298fc1c149afbf4c8996fb92427ae41e4649b934ca495991b7852b855",
    "audits/2026-10-11-n45-s-long-s-fibre/logs/blob-034.stdout": "77ab5bfe335931615d7b4ac62ae9795a6215140c01f4ee12cfa78a976cfe10d5",
    "audits/2026-10-11-n45-s-long-s-fibre/logs/blob-035.json": "04edb4d234876a881c4419524346a9664332e9d0b4d225264a1a126f51b7f1d9",
    "audits/2026-10-11-n45-s-long-s-fibre/logs/blob-035.stderr": "e3b0c44298fc1c149afbf4c8996fb92427ae41e4649b934ca495991b7852b855",
    "audits/2026-10-11-n45-s-long-s-fibre/logs/blob-035.stdout": "61eb252a0ae0d93affe5a68216a54213689cd06732541d3fd08d063550c373fd",
    "audits/2026-10-11-n45-s-long-s-fibre/logs/blob-036.json": "a4005dbf858f2bf016d05d57f916ea4451adf5be0f03fb2bd10dee47090ddfb0",
    "audits/2026-10-11-n45-s-long-s-fibre/logs/blob-036.stderr": "e3b0c44298fc1c149afbf4c8996fb92427ae41e4649b934ca495991b7852b855",
    "audits/2026-10-11-n45-s-long-s-fibre/logs/blob-036.stdout": "c50d0b0a7b0e5ee0926fe9d6160f2c3b830a232c76942c4f86abb8b0662e20f8",
    "audits/2026-10-11-n45-s-long-s-fibre/logs/blob-037.json": "ceac6ef2881803ff10b510a24abb92360884a9a604f18135ad9fe687e52e00ad",
    "audits/2026-10-11-n45-s-long-s-fibre/logs/blob-037.stderr": "e3b0c44298fc1c149afbf4c8996fb92427ae41e4649b934ca495991b7852b855",
    "audits/2026-10-11-n45-s-long-s-fibre/logs/blob-037.stdout": "176fb650fe74a5c0aa8ef22ef69e8122f62974fae807e686f062ac4e3310a088",
    "audits/2026-10-11-n45-s-long-s-fibre/logs/blob-038.json": "8097a339849e4ff05e41bd6ec034bdb6ccdc120191c92959829ef2e7fd5b3223",
    "audits/2026-10-11-n45-s-long-s-fibre/logs/blob-038.stderr": "e3b0c44298fc1c149afbf4c8996fb92427ae41e4649b934ca495991b7852b855",
    "audits/2026-10-11-n45-s-long-s-fibre/logs/blob-038.stdout": "82b358d4d93f77721119480bb9a696266216d09cc09da75937846e921a290907",
    "audits/2026-10-11-n45-s-long-s-fibre/logs/blob-039.json": "9b03722d6be7d2e818ad085ef8bb4ba28fd92e4b0c793d04dbcf280a2f6e425d",
    "audits/2026-10-11-n45-s-long-s-fibre/logs/blob-039.stderr": "e3b0c44298fc1c149afbf4c8996fb92427ae41e4649b934ca495991b7852b855",
    "audits/2026-10-11-n45-s-long-s-fibre/logs/blob-039.stdout": "689306a41814b5f76341d516537f3b09336410369dffdd8ee0dfbf8787b63d26",
    "audits/2026-10-11-n45-s-long-s-fibre/logs/blob-040.json": "32c5be778b34d98cfc90aa4c36c4989db6c8122774f09fbfb268140376b3167f",
    "audits/2026-10-11-n45-s-long-s-fibre/logs/blob-040.stderr": "e3b0c44298fc1c149afbf4c8996fb92427ae41e4649b934ca495991b7852b855",
    "audits/2026-10-11-n45-s-long-s-fibre/logs/blob-040.stdout": "c9859f28e414ef1b7b5ae004762931cbb8998cd0689a21cbbb5d41a8f9051ace",
    "audits/2026-10-11-n45-s-long-s-fibre/logs/blob-041.json": "2c7d382fc833955e41627ca7000f2d1f917968fcf752f1f0eb64033736d02d59",
    "audits/2026-10-11-n45-s-long-s-fibre/logs/blob-041.stderr": "e3b0c44298fc1c149afbf4c8996fb92427ae41e4649b934ca495991b7852b855",
    "audits/2026-10-11-n45-s-long-s-fibre/logs/blob-041.stdout": "cadee63a8e7b04e39249b8e4b7e9bab2f575e4fdf6ac3683800603f4bfb79e6e",
    "audits/2026-10-11-n45-s-long-s-fibre/logs/blob-042.json": "81a817db02410a671884a0224028e39f9ce1ad1ebf3dd50a0d28ccb6ef31b623",
    "audits/2026-10-11-n45-s-long-s-fibre/logs/blob-042.stderr": "e3b0c44298fc1c149afbf4c8996fb92427ae41e4649b934ca495991b7852b855",
    "audits/2026-10-11-n45-s-long-s-fibre/logs/blob-042.stdout": "19be50f443ec4c0afb2e8aad58c6cfb82aa1b5c69a6a7fd280fdadad389a06d2",
    "audits/2026-10-11-n45-s-long-s-fibre/logs/blob-043.json": "57595054e8bfb29abfcf6fed984790f3f77675a223a78f345bca5255596fd29d",
    "audits/2026-10-11-n45-s-long-s-fibre/logs/blob-043.stderr": "e3b0c44298fc1c149afbf4c8996fb92427ae41e4649b934ca495991b7852b855",
    "audits/2026-10-11-n45-s-long-s-fibre/logs/blob-043.stdout": "582ffc7f7cedb196b57d492db9d0383a402748a3b1d60089da47bdb7bd065071",
    "audits/2026-10-11-n45-s-long-s-fibre/logs/blob-044.json": "1967edcd57cc22353c47f3faca08e2204c438adeb8288b11209605df964a1869",
    "audits/2026-10-11-n45-s-long-s-fibre/logs/blob-044.stderr": "e3b0c44298fc1c149afbf4c8996fb92427ae41e4649b934ca495991b7852b855",
    "audits/2026-10-11-n45-s-long-s-fibre/logs/blob-044.stdout": "86e53a7c6beed0d69f93cc2187e7f3d63c069eaa4591d3db33e707383cec9876",
    "audits/2026-10-11-n45-s-long-s-fibre/logs/blob-045.json": "bbdbc4428e81dd1cbdbdb0416f08c49c28d2aaf671fe7c25e2d03d99cb5ccc4d",
    "audits/2026-10-11-n45-s-long-s-fibre/logs/blob-045.stderr": "e3b0c44298fc1c149afbf4c8996fb92427ae41e4649b934ca495991b7852b855",
    "audits/2026-10-11-n45-s-long-s-fibre/logs/blob-045.stdout": "16a7a3d125c040b01e1dec8f4690f23fefb15d5c8f29ae5f18efdd60fbb3a349",
    "audits/2026-10-11-n45-s-long-s-fibre/logs/blob-046.json": "6fb783a1969a5de605f32333ff4e1964b73169be0a9f9808694ae4c1b2603639",
    "audits/2026-10-11-n45-s-long-s-fibre/logs/blob-046.stderr": "e3b0c44298fc1c149afbf4c8996fb92427ae41e4649b934ca495991b7852b855",
    "audits/2026-10-11-n45-s-long-s-fibre/logs/blob-046.stdout": "7f6a619b09c982833c6716941b95013dc3ea2841bf8495fec555a2500d090af7",
    "audits/2026-10-11-n45-s-long-s-fibre/logs/blob-047.json": "c2ee61184e91d94ac0f5fa0924b70a5f23cef24d36a0bad6f6e6842ce9177eb1",
    "audits/2026-10-11-n45-s-long-s-fibre/logs/blob-047.stderr": "e3b0c44298fc1c149afbf4c8996fb92427ae41e4649b934ca495991b7852b855",
    "audits/2026-10-11-n45-s-long-s-fibre/logs/blob-047.stdout": "57995f9d75179d1e948575d974b52e1b555298ce53865911737865f8eed09e05",
    "audits/2026-10-11-n45-s-long-s-fibre/logs/blob-048.json": "996ae128c2f698e4921796fe936241a30c798cf97caad617b1716c6ed8f10fe1",
    "audits/2026-10-11-n45-s-long-s-fibre/logs/blob-048.stderr": "e3b0c44298fc1c149afbf4c8996fb92427ae41e4649b934ca495991b7852b855",
    "audits/2026-10-11-n45-s-long-s-fibre/logs/blob-048.stdout": "cf2ddaca53718fe6fa88bf564b0afdd7c10114478841f707f59cd4dc9d2e5e34",
    "audits/2026-10-11-n45-s-long-s-fibre/logs/blob-049.json": "52381247f81586d609fe50faa030de49377f16f40f1995232b62bb3dbba674d1",
    "audits/2026-10-11-n45-s-long-s-fibre/logs/blob-049.stderr": "e3b0c44298fc1c149afbf4c8996fb92427ae41e4649b934ca495991b7852b855",
    "audits/2026-10-11-n45-s-long-s-fibre/logs/blob-049.stdout": "cb06db24a830277faacf49556d6261663668fada65105d61236ce37b2b2e8dae",
    "audits/2026-10-11-n45-s-long-s-fibre/logs/blob-050.json": "9d9689e834f496b5128eb0fd659c73c677731891143611cab9cba33d1ae23d35",
    "audits/2026-10-11-n45-s-long-s-fibre/logs/blob-050.stderr": "e3b0c44298fc1c149afbf4c8996fb92427ae41e4649b934ca495991b7852b855",
    "audits/2026-10-11-n45-s-long-s-fibre/logs/blob-050.stdout": "8da09c058eb29add5968a657bfa33fa1e2fe5f3afad4bff58e078963ac2a10e4",
    "audits/2026-10-11-n45-s-long-s-fibre/logs/blob-051.json": "f1ad22b1d5b1847182a521479a5077b3a09c1493a92aea45ad6d757e7e646c37",
    "audits/2026-10-11-n45-s-long-s-fibre/logs/blob-051.stderr": "e3b0c44298fc1c149afbf4c8996fb92427ae41e4649b934ca495991b7852b855",
    "audits/2026-10-11-n45-s-long-s-fibre/logs/blob-051.stdout": "9604c497bf8cc8bd2edf36755e143e53c45b05c14c38645ef531ea89195c833d",
    "audits/2026-10-11-n45-s-long-s-fibre/logs/blob-052.json": "9b1fabc3056e589b9433a788ea14194e8109f91f77707b7bc3a6ecc2b4fe974d",
    "audits/2026-10-11-n45-s-long-s-fibre/logs/blob-052.stderr": "e3b0c44298fc1c149afbf4c8996fb92427ae41e4649b934ca495991b7852b855",
    "audits/2026-10-11-n45-s-long-s-fibre/logs/blob-052.stdout": "e0aa5a8d3f7f7d1c01f9c1f3bbc7c5bd45772600afcbfb467507a9610b9ea2ad",
    "audits/2026-10-11-n45-s-long-s-fibre/logs/blob-053.json": "8cf7615588ff2df1aaadfdcfb39296754b9fb336dc344e1470ec3564c51531e7",
    "audits/2026-10-11-n45-s-long-s-fibre/logs/blob-053.stderr": "e3b0c44298fc1c149afbf4c8996fb92427ae41e4649b934ca495991b7852b855",
    "audits/2026-10-11-n45-s-long-s-fibre/logs/blob-053.stdout": "7655703dd04e6bc1482f528564396f5c1ead69669e5ac2e88ef6d6420c62c1ab",
    "audits/2026-10-11-n45-s-long-s-fibre/logs/blob-054.json": "f6cedb82b69ffc9a9cd0ae4a6956ef7e9d068516c3f42978f8c072caca72f83e",
    "audits/2026-10-11-n45-s-long-s-fibre/logs/blob-054.stderr": "e3b0c44298fc1c149afbf4c8996fb92427ae41e4649b934ca495991b7852b855",
    "audits/2026-10-11-n45-s-long-s-fibre/logs/blob-054.stdout": "006b46e7c9756eec8cbecd5fa5dc2c902940e4aefa10c822de5b46dbf6d95782",
    "audits/2026-10-11-n45-s-long-s-fibre/logs/blob-055.json": "aa643d6971a8c182af29c7f1ae7342c902e53bf4c081e745732b5f131ea40a8d",
    "audits/2026-10-11-n45-s-long-s-fibre/logs/blob-055.stderr": "e3b0c44298fc1c149afbf4c8996fb92427ae41e4649b934ca495991b7852b855",
    "audits/2026-10-11-n45-s-long-s-fibre/logs/blob-055.stdout": "bfb505d2c8ee687257e97cba56a631f3537c9289e69456bd8834e6ec29ff9a99",
    "audits/2026-10-11-n45-s-long-s-fibre/logs/blob-056.json": "77ed80d4ed5a39b0f4d01cecc155d89fe1787e173039ddaa5bf1fbaa6ed791e0",
    "audits/2026-10-11-n45-s-long-s-fibre/logs/blob-056.stderr": "e3b0c44298fc1c149afbf4c8996fb92427ae41e4649b934ca495991b7852b855",
    "audits/2026-10-11-n45-s-long-s-fibre/logs/blob-056.stdout": "7571ffbf9aa85846c73109fc53b3ae46feacec6cf9052f7db771f7be4d52dfce",
    "audits/2026-10-11-n45-s-long-s-fibre/logs/control-inventory.json": "147a136a669fdd59bf52c33f9c7754d12789cd3d636c08e2f24c569ef21c9be1",
    "audits/2026-10-11-n45-s-long-s-fibre/logs/control-inventory.stderr": "e3b0c44298fc1c149afbf4c8996fb92427ae41e4649b934ca495991b7852b855",
    "audits/2026-10-11-n45-s-long-s-fibre/logs/control-inventory.stdout": "7ff5d344b2e09c4bb741304de73f77fb4d03dee05f1b1c2431855e606fd04ff3",
    "audits/2026-10-11-n45-s-long-s-fibre/logs/diff-check.json": "b3eaaa0746303fafe8d10996080b2bc3ec4e24e87624d8a1a365dd55b140fc7e",
    "audits/2026-10-11-n45-s-long-s-fibre/logs/diff-check.stderr": "e3b0c44298fc1c149afbf4c8996fb92427ae41e4649b934ca495991b7852b855",
    "audits/2026-10-11-n45-s-long-s-fibre/logs/diff-check.stdout": "e3b0c44298fc1c149afbf4c8996fb92427ae41e4649b934ca495991b7852b855",
    "audits/2026-10-11-n45-s-long-s-fibre/logs/exploratory-keyerror.json": "731e3297041bf2d04cb2745c860f54aea86db8aef95f5db3e0f0b97c56e9b2c4",
    "audits/2026-10-11-n45-s-long-s-fibre/logs/exploratory-missing-0.json": "688c3bda4900aaecc33c2fc65ccb3bf97460ad00b2c6e7609e6a4a07be8a733c",
    "audits/2026-10-11-n45-s-long-s-fibre/logs/exploratory-missing-0.stderr": "b4e6285f53753910963166ab59881fbcb2f218157aa213b95596069c48b62742",
    "audits/2026-10-11-n45-s-long-s-fibre/logs/exploratory-missing-0.stdout": "e3b0c44298fc1c149afbf4c8996fb92427ae41e4649b934ca495991b7852b855",
    "audits/2026-10-11-n45-s-long-s-fibre/logs/exploratory-missing-1.json": "2ecbf5854f36cffbef9fa3ffa82c5c62a68747ddef03911220b4f5e4fec76b6d",
    "audits/2026-10-11-n45-s-long-s-fibre/logs/exploratory-missing-1.stderr": "527830d0ac063ea6d9df3fd4349511cb0b53e0aa2d76c2ddbf9a1c1ef9a0b9d6",
    "audits/2026-10-11-n45-s-long-s-fibre/logs/exploratory-missing-1.stdout": "e3b0c44298fc1c149afbf4c8996fb92427ae41e4649b934ca495991b7852b855",
    "audits/2026-10-11-n45-s-long-s-fibre/logs/external-fetch.json": "57049141d979c880ba40dd5296f922200f289f74370e29507021c56f8ad5ed04",
    "audits/2026-10-11-n45-s-long-s-fibre/logs/final-blob-0.json": "25b341735dc8197a812f08817160f97892f398bf4370441de1908b246a20ade9",
    "audits/2026-10-11-n45-s-long-s-fibre/logs/final-blob-0.stderr": "e3b0c44298fc1c149afbf4c8996fb92427ae41e4649b934ca495991b7852b855",
    "audits/2026-10-11-n45-s-long-s-fibre/logs/final-blob-0.stdout": "17557690c1c9b3dfd174e46274af37820b33ea9c7838e3916dcf4d7fbee6df57",
    "audits/2026-10-11-n45-s-long-s-fibre/logs/final-blob-1.json": "ed4f0f879d4ef998e6bba3d4c8c4444765bb26288f1c25a8fbb02206867dbf4f",
    "audits/2026-10-11-n45-s-long-s-fibre/logs/final-blob-1.stderr": "e3b0c44298fc1c149afbf4c8996fb92427ae41e4649b934ca495991b7852b855",
    "audits/2026-10-11-n45-s-long-s-fibre/logs/final-blob-1.stdout": "0883eb4dca7fddb7bc1b405c064a87fdb7798fd885309b43f687da2c72b75340",
    "audits/2026-10-11-n45-s-long-s-fibre/logs/final-blob-10.json": "dc849243128aad25775c053b7dd6244c6e6b4ae6e5423de611abd35d9a12b478",
    "audits/2026-10-11-n45-s-long-s-fibre/logs/final-blob-10.stderr": "e3b0c44298fc1c149afbf4c8996fb92427ae41e4649b934ca495991b7852b855",
    "audits/2026-10-11-n45-s-long-s-fibre/logs/final-blob-10.stdout": "8f9f3e52f54d2d966ae7e2d985b7d55647daec4e40ef84009ff110b2415e5c1a",
    "audits/2026-10-11-n45-s-long-s-fibre/logs/final-blob-11.json": "bd4b9b880831941b03e5619411a44bdff1323d89f2dcd45c97dba8a4d4e49942",
    "audits/2026-10-11-n45-s-long-s-fibre/logs/final-blob-11.stderr": "e3b0c44298fc1c149afbf4c8996fb92427ae41e4649b934ca495991b7852b855",
    "audits/2026-10-11-n45-s-long-s-fibre/logs/final-blob-11.stdout": "7bda7511eebb9bc55ce1255edfb6fc2eacd43f56ff0014bb0ef9de193a30b8ba",
    "audits/2026-10-11-n45-s-long-s-fibre/logs/final-blob-12.json": "99dffc3f8eeb48cb6a2bc847ffc8a2fa7b7c8c5c8ccc09bc882c3fa3e74d5fff",
    "audits/2026-10-11-n45-s-long-s-fibre/logs/final-blob-12.stderr": "e3b0c44298fc1c149afbf4c8996fb92427ae41e4649b934ca495991b7852b855",
    "audits/2026-10-11-n45-s-long-s-fibre/logs/final-blob-12.stdout": "a0135559f8d28144eb41434236dc2d627685c3a52e78e906fc7334577bcdae60",
    "audits/2026-10-11-n45-s-long-s-fibre/logs/final-blob-13.json": "c981d2c96736bd6e1df3f1e7351567863864bbcd4f28c43106418856e2babb44",
    "audits/2026-10-11-n45-s-long-s-fibre/logs/final-blob-13.stderr": "e3b0c44298fc1c149afbf4c8996fb92427ae41e4649b934ca495991b7852b855",
    "audits/2026-10-11-n45-s-long-s-fibre/logs/final-blob-13.stdout": "6056f93106a7107f0f645f4b407e724497680b249e81fd8bbfa85b9e05e8b498",
    "audits/2026-10-11-n45-s-long-s-fibre/logs/final-blob-14.json": "3d4a014d4e22dc1c4a38546826e9eeefce04b3d98526d535a73e1d665a20946d",
    "audits/2026-10-11-n45-s-long-s-fibre/logs/final-blob-14.stderr": "e3b0c44298fc1c149afbf4c8996fb92427ae41e4649b934ca495991b7852b855",
    "audits/2026-10-11-n45-s-long-s-fibre/logs/final-blob-14.stdout": "4710c1f45d4eb6923ab421efc8bdb6b622f4347a7dcc321acdafedd8ae424e8a",
    "audits/2026-10-11-n45-s-long-s-fibre/logs/final-blob-15.json": "17ccb97149c74c39695ddb900416ef83ca2079c668bf930c51c2f938e6afa3cb",
    "audits/2026-10-11-n45-s-long-s-fibre/logs/final-blob-15.stderr": "e3b0c44298fc1c149afbf4c8996fb92427ae41e4649b934ca495991b7852b855",
    "audits/2026-10-11-n45-s-long-s-fibre/logs/final-blob-15.stdout": "6c61b9a89223949f51e389da43753fc55f024dac3ac1dc644c41515a2ea162b6",
    "audits/2026-10-11-n45-s-long-s-fibre/logs/final-blob-16.json": "d550fbdfc1d1f515e2e5d354dcde861e06e2fe7c24d447b6ef3feec15de93f96",
    "audits/2026-10-11-n45-s-long-s-fibre/logs/final-blob-16.stderr": "e3b0c44298fc1c149afbf4c8996fb92427ae41e4649b934ca495991b7852b855",
    "audits/2026-10-11-n45-s-long-s-fibre/logs/final-blob-16.stdout": "b7670c52abc91fee0e85f78e01b8c59e59f204fcaeb7199786f2cafb5c8b4813",
    "audits/2026-10-11-n45-s-long-s-fibre/logs/final-blob-17.json": "e471e14a3e0c1d55b71b8ab929854dfd2ad394e2d8a76e34a3d84c0cf84238a4",
    "audits/2026-10-11-n45-s-long-s-fibre/logs/final-blob-17.stderr": "e3b0c44298fc1c149afbf4c8996fb92427ae41e4649b934ca495991b7852b855",
    "audits/2026-10-11-n45-s-long-s-fibre/logs/final-blob-17.stdout": "5d68799ee45370b104085ea716cc23077259e76d1412ecc1136b911c5df76511",
    "audits/2026-10-11-n45-s-long-s-fibre/logs/final-blob-18.json": "9c21bfdf50f0091ac858a0a6f6cdfe30c1f97d6ffc009ee0d963256eeebd1a83",
    "audits/2026-10-11-n45-s-long-s-fibre/logs/final-blob-18.stderr": "e3b0c44298fc1c149afbf4c8996fb92427ae41e4649b934ca495991b7852b855",
    "audits/2026-10-11-n45-s-long-s-fibre/logs/final-blob-18.stdout": "f5550c11e9e6a2ba2cb56e08e20d06eb980bbcd6842858bc21aa808a4c766579",
    "audits/2026-10-11-n45-s-long-s-fibre/logs/final-blob-19.json": "8a6ae1d7026e14340aaa5d8bd3322e0db7e0be8537163478b15ebeb895771735",
    "audits/2026-10-11-n45-s-long-s-fibre/logs/final-blob-19.stderr": "e3b0c44298fc1c149afbf4c8996fb92427ae41e4649b934ca495991b7852b855",
    "audits/2026-10-11-n45-s-long-s-fibre/logs/final-blob-19.stdout": "14338226724adb49fa5151633129167607f8dd60f8e393a1b29b4e81e1e80f57",
    "audits/2026-10-11-n45-s-long-s-fibre/logs/final-blob-2.json": "818781c5f2ad3efef5b39adc53f77b0d15e375a53db6f4a7679c031ee1f305b2",
    "audits/2026-10-11-n45-s-long-s-fibre/logs/final-blob-2.stderr": "e3b0c44298fc1c149afbf4c8996fb92427ae41e4649b934ca495991b7852b855",
    "audits/2026-10-11-n45-s-long-s-fibre/logs/final-blob-2.stdout": "4f4b495cbd1883fe6109f274ab183da9d8a4e7ac84dff920a7fdab63e2aef64d",
    "audits/2026-10-11-n45-s-long-s-fibre/logs/final-blob-20.json": "2955a95118b4f9b4f3166df3a18b970434d2758c7dd265ac98c65d5f0171d2c7",
    "audits/2026-10-11-n45-s-long-s-fibre/logs/final-blob-20.stderr": "e3b0c44298fc1c149afbf4c8996fb92427ae41e4649b934ca495991b7852b855",
    "audits/2026-10-11-n45-s-long-s-fibre/logs/final-blob-20.stdout": "199dc898c4e1d9a16f093f7dc1d9568ecaa20dec28d2857aed03fe12e171e3a5",
    "audits/2026-10-11-n45-s-long-s-fibre/logs/final-blob-21.json": "6ecc3895b034ebbd6fb20b3e874a2c5629c68b2f6e8c6261cdb7a17ad44ec288",
    "audits/2026-10-11-n45-s-long-s-fibre/logs/final-blob-21.stderr": "e3b0c44298fc1c149afbf4c8996fb92427ae41e4649b934ca495991b7852b855",
    "audits/2026-10-11-n45-s-long-s-fibre/logs/final-blob-21.stdout": "f51182da566b7948c1f84a33a61c540d51fe9de8aad9381f7d837f40a827b13d",
    "audits/2026-10-11-n45-s-long-s-fibre/logs/final-blob-22.json": "24d99267bbc4d13565dc328b43853f23a44bedbdbd009787b25ecc81f6d80e51",
    "audits/2026-10-11-n45-s-long-s-fibre/logs/final-blob-22.stderr": "e3b0c44298fc1c149afbf4c8996fb92427ae41e4649b934ca495991b7852b855",
    "audits/2026-10-11-n45-s-long-s-fibre/logs/final-blob-22.stdout": "1be8d8ec82de7f9bf45205ba325efd26870c7a71bdfe351be4991203dd903732",
    "audits/2026-10-11-n45-s-long-s-fibre/logs/final-blob-23.json": "4dcb0cb7f3e66ce91e7baba9a5a05dc4f7a7829003afc82a69ff6e91c3552ec1",
    "audits/2026-10-11-n45-s-long-s-fibre/logs/final-blob-23.stderr": "e3b0c44298fc1c149afbf4c8996fb92427ae41e4649b934ca495991b7852b855",
    "audits/2026-10-11-n45-s-long-s-fibre/logs/final-blob-23.stdout": "920da8a46831edad442a7395bf02e94753e5a041e0099339eb93fc0d8c112bde",
    "audits/2026-10-11-n45-s-long-s-fibre/logs/final-blob-24.json": "fad5781dc70445b0fbc01931e779b0d17a2b945e58508b8e32e91b874c6b50e8",
    "audits/2026-10-11-n45-s-long-s-fibre/logs/final-blob-24.stderr": "e3b0c44298fc1c149afbf4c8996fb92427ae41e4649b934ca495991b7852b855",
    "audits/2026-10-11-n45-s-long-s-fibre/logs/final-blob-24.stdout": "0b84179e3493422cc571450d10ed969d2039908465f641db96985c65374b0530",
    "audits/2026-10-11-n45-s-long-s-fibre/logs/final-blob-25.json": "a47ee96ab0083ade5f43f828b8070ebada0207172f1515c6b26043ecd141d2e8",
    "audits/2026-10-11-n45-s-long-s-fibre/logs/final-blob-25.stderr": "e3b0c44298fc1c149afbf4c8996fb92427ae41e4649b934ca495991b7852b855",
    "audits/2026-10-11-n45-s-long-s-fibre/logs/final-blob-25.stdout": "1dc72464b2bb66440badb89a2cd7607d50c1312ecc5da1f030be95536de9b427",
    "audits/2026-10-11-n45-s-long-s-fibre/logs/final-blob-26.json": "3a2649ce3a013b2232b8628cbae9823878f0172fc7265ab9c33a3396b592e567",
    "audits/2026-10-11-n45-s-long-s-fibre/logs/final-blob-26.stderr": "e3b0c44298fc1c149afbf4c8996fb92427ae41e4649b934ca495991b7852b855",
    "audits/2026-10-11-n45-s-long-s-fibre/logs/final-blob-26.stdout": "61b71524fc742bbed55d24388668495efadf9f4cecc1aa320ad7e918732aa169",
    "audits/2026-10-11-n45-s-long-s-fibre/logs/final-blob-27.json": "718bd8943d266908850b06d8ebe6fa724ea924b99e640f7a1927a0dd9cef2ac3",
    "audits/2026-10-11-n45-s-long-s-fibre/logs/final-blob-27.stderr": "e3b0c44298fc1c149afbf4c8996fb92427ae41e4649b934ca495991b7852b855",
    "audits/2026-10-11-n45-s-long-s-fibre/logs/final-blob-27.stdout": "8718120863fa42a771681b9e45b67ba73cd55a43b5a2fc214d4390ecd5250a46",
    "audits/2026-10-11-n45-s-long-s-fibre/logs/final-blob-28.json": "23ffa168883ace458f84e69fb78bb758b49a09dcc225034dd214ffd82f7760c1",
    "audits/2026-10-11-n45-s-long-s-fibre/logs/final-blob-28.stderr": "e3b0c44298fc1c149afbf4c8996fb92427ae41e4649b934ca495991b7852b855",
    "audits/2026-10-11-n45-s-long-s-fibre/logs/final-blob-28.stdout": "5a3ecd58065e3d77dc633138966735733db65d981c134bea8e18004697f64d7c",
    "audits/2026-10-11-n45-s-long-s-fibre/logs/final-blob-29.json": "3c8bda9b5a9cfc1dac4377f1a4d9545aa5c23121f15db0bb95c809f0b4f1215e",
    "audits/2026-10-11-n45-s-long-s-fibre/logs/final-blob-29.stderr": "e3b0c44298fc1c149afbf4c8996fb92427ae41e4649b934ca495991b7852b855",
    "audits/2026-10-11-n45-s-long-s-fibre/logs/final-blob-29.stdout": "863c0b3c3656cb2e723537dcc8dc0d4f704afe808667e4fd7ac9d19db340464d",
    "audits/2026-10-11-n45-s-long-s-fibre/logs/final-blob-3.json": "ad436880ca87e54161abf49d5cb9b251b4359919e05512c835262f59f4db21b3",
    "audits/2026-10-11-n45-s-long-s-fibre/logs/final-blob-3.stderr": "e3b0c44298fc1c149afbf4c8996fb92427ae41e4649b934ca495991b7852b855",
    "audits/2026-10-11-n45-s-long-s-fibre/logs/final-blob-3.stdout": "d34291e71e39b361e485435acbf3985bc8ed6751788bf75b380fd4ab20a94ad5",
    "audits/2026-10-11-n45-s-long-s-fibre/logs/final-blob-30.json": "751a19e0932c4e0f506796e06dc34c98345f7a330cd899501392e99e83d77beb",
    "audits/2026-10-11-n45-s-long-s-fibre/logs/final-blob-30.stderr": "e3b0c44298fc1c149afbf4c8996fb92427ae41e4649b934ca495991b7852b855",
    "audits/2026-10-11-n45-s-long-s-fibre/logs/final-blob-30.stdout": "fde1720981c77a06b9b415cdc43f0a477f89bef164225aceb2ac87ca9e98e383",
    "audits/2026-10-11-n45-s-long-s-fibre/logs/final-blob-31.json": "d529bd7b0c9bb035841baaa060cb01d2488ed02e1c25478f79bf3232588176d9",
    "audits/2026-10-11-n45-s-long-s-fibre/logs/final-blob-31.stderr": "e3b0c44298fc1c149afbf4c8996fb92427ae41e4649b934ca495991b7852b855",
    "audits/2026-10-11-n45-s-long-s-fibre/logs/final-blob-31.stdout": "06a5e23592a7e891577ba1303fb314d46b5cf5702d483a74c64a228dc6bc1ec9",
    "audits/2026-10-11-n45-s-long-s-fibre/logs/final-blob-32.json": "18dd481cac1bb4c2bc0e04ec198410cf4cc65a4b7185d75953e68b6fb73f7e9b",
    "audits/2026-10-11-n45-s-long-s-fibre/logs/final-blob-32.stderr": "e3b0c44298fc1c149afbf4c8996fb92427ae41e4649b934ca495991b7852b855",
    "audits/2026-10-11-n45-s-long-s-fibre/logs/final-blob-32.stdout": "22de8c1a4ebc2c26245e9098f488aaa637a684a88a0e75c7b72b9aae7488a85a",
    "audits/2026-10-11-n45-s-long-s-fibre/logs/final-blob-33.json": "7346b5582c328a65ac2695da0d02dd765eb50722a1082e576c1f63aca035887f",
    "audits/2026-10-11-n45-s-long-s-fibre/logs/final-blob-33.stderr": "e3b0c44298fc1c149afbf4c8996fb92427ae41e4649b934ca495991b7852b855",
    "audits/2026-10-11-n45-s-long-s-fibre/logs/final-blob-33.stdout": "6658e090c36cdfd6cfa461d90841d3ccf0f105290148e69e73cde35f2b700ec1",
    "audits/2026-10-11-n45-s-long-s-fibre/logs/final-blob-34.json": "a38540ca6f05d87615201ca0a363b8474f04432bfcd441b53146185180ddd192",
    "audits/2026-10-11-n45-s-long-s-fibre/logs/final-blob-34.stderr": "e3b0c44298fc1c149afbf4c8996fb92427ae41e4649b934ca495991b7852b855",
    "audits/2026-10-11-n45-s-long-s-fibre/logs/final-blob-34.stdout": "77ab5bfe335931615d7b4ac62ae9795a6215140c01f4ee12cfa78a976cfe10d5",
    "audits/2026-10-11-n45-s-long-s-fibre/logs/final-blob-35.json": "13641917ea9dd798a6d0fadfaf16a5b5bf31f3aabf8716b43048eabee21e9ece",
    "audits/2026-10-11-n45-s-long-s-fibre/logs/final-blob-35.stderr": "e3b0c44298fc1c149afbf4c8996fb92427ae41e4649b934ca495991b7852b855",
    "audits/2026-10-11-n45-s-long-s-fibre/logs/final-blob-35.stdout": "61eb252a0ae0d93affe5a68216a54213689cd06732541d3fd08d063550c373fd",
    "audits/2026-10-11-n45-s-long-s-fibre/logs/final-blob-36.json": "bb9655a80a4045805082234532da467304cb34cfb6d0b97008b915fb66301a1d",
    "audits/2026-10-11-n45-s-long-s-fibre/logs/final-blob-36.stderr": "e3b0c44298fc1c149afbf4c8996fb92427ae41e4649b934ca495991b7852b855",
    "audits/2026-10-11-n45-s-long-s-fibre/logs/final-blob-36.stdout": "c50d0b0a7b0e5ee0926fe9d6160f2c3b830a232c76942c4f86abb8b0662e20f8",
    "audits/2026-10-11-n45-s-long-s-fibre/logs/final-blob-37.json": "46097e59bc460ae67269f940bc95ba0d481cd4bd704469ffd34dc683d2f5b5b0",
    "audits/2026-10-11-n45-s-long-s-fibre/logs/final-blob-37.stderr": "e3b0c44298fc1c149afbf4c8996fb92427ae41e4649b934ca495991b7852b855",
    "audits/2026-10-11-n45-s-long-s-fibre/logs/final-blob-37.stdout": "176fb650fe74a5c0aa8ef22ef69e8122f62974fae807e686f062ac4e3310a088",
    "audits/2026-10-11-n45-s-long-s-fibre/logs/final-blob-38.json": "425efe9ac48c4be167c03f2aa2c1fbaa0f8c0739f01d48b7d4dd7f794f9edca7",
    "audits/2026-10-11-n45-s-long-s-fibre/logs/final-blob-38.stderr": "e3b0c44298fc1c149afbf4c8996fb92427ae41e4649b934ca495991b7852b855",
    "audits/2026-10-11-n45-s-long-s-fibre/logs/final-blob-38.stdout": "82b358d4d93f77721119480bb9a696266216d09cc09da75937846e921a290907",
    "audits/2026-10-11-n45-s-long-s-fibre/logs/final-blob-39.json": "1a7df961932a549376fcc46737ac72abd039d673d063d8d40e312fd9c28450c9",
    "audits/2026-10-11-n45-s-long-s-fibre/logs/final-blob-39.stderr": "e3b0c44298fc1c149afbf4c8996fb92427ae41e4649b934ca495991b7852b855",
    "audits/2026-10-11-n45-s-long-s-fibre/logs/final-blob-39.stdout": "689306a41814b5f76341d516537f3b09336410369dffdd8ee0dfbf8787b63d26",
    "audits/2026-10-11-n45-s-long-s-fibre/logs/final-blob-4.json": "68bd2b3c771a514a1b5cc595fcac66d8fb09694cd70d6a2679c246bb7947b5d5",
    "audits/2026-10-11-n45-s-long-s-fibre/logs/final-blob-4.stderr": "e3b0c44298fc1c149afbf4c8996fb92427ae41e4649b934ca495991b7852b855",
    "audits/2026-10-11-n45-s-long-s-fibre/logs/final-blob-4.stdout": "92577c696e2d3993d80f7c3c4d58c6a71a22a47105dea0d5172022bd711a6590",
    "audits/2026-10-11-n45-s-long-s-fibre/logs/final-blob-40.json": "d6dec1ffd6038ffffab548ed2862e60ef1e0476115f0a32377949c701e4eb035",
    "audits/2026-10-11-n45-s-long-s-fibre/logs/final-blob-40.stderr": "e3b0c44298fc1c149afbf4c8996fb92427ae41e4649b934ca495991b7852b855",
    "audits/2026-10-11-n45-s-long-s-fibre/logs/final-blob-40.stdout": "c9859f28e414ef1b7b5ae004762931cbb8998cd0689a21cbbb5d41a8f9051ace",
    "audits/2026-10-11-n45-s-long-s-fibre/logs/final-blob-41.json": "74230744e16676bef3d6d0ef2eee3b3e2f1a6a04ccd1585930d614c61506d0e0",
    "audits/2026-10-11-n45-s-long-s-fibre/logs/final-blob-41.stderr": "e3b0c44298fc1c149afbf4c8996fb92427ae41e4649b934ca495991b7852b855",
    "audits/2026-10-11-n45-s-long-s-fibre/logs/final-blob-41.stdout": "cadee63a8e7b04e39249b8e4b7e9bab2f575e4fdf6ac3683800603f4bfb79e6e",
    "audits/2026-10-11-n45-s-long-s-fibre/logs/final-blob-42.json": "13106a58696b3d07304da74b4405eaa379b976a07c9160d032887231da108e12",
    "audits/2026-10-11-n45-s-long-s-fibre/logs/final-blob-42.stderr": "e3b0c44298fc1c149afbf4c8996fb92427ae41e4649b934ca495991b7852b855",
    "audits/2026-10-11-n45-s-long-s-fibre/logs/final-blob-42.stdout": "19be50f443ec4c0afb2e8aad58c6cfb82aa1b5c69a6a7fd280fdadad389a06d2",
    "audits/2026-10-11-n45-s-long-s-fibre/logs/final-blob-43.json": "7d93d1d9ed0c79736e565f57fe771deb12cb222de833889fb25e2a713bf4047a",
    "audits/2026-10-11-n45-s-long-s-fibre/logs/final-blob-43.stderr": "e3b0c44298fc1c149afbf4c8996fb92427ae41e4649b934ca495991b7852b855",
    "audits/2026-10-11-n45-s-long-s-fibre/logs/final-blob-43.stdout": "582ffc7f7cedb196b57d492db9d0383a402748a3b1d60089da47bdb7bd065071",
    "audits/2026-10-11-n45-s-long-s-fibre/logs/final-blob-44.json": "a8fd76bb8eb2bc39520b5cf0d4ea1b8001fb3adae841120979ecce15816f6153",
    "audits/2026-10-11-n45-s-long-s-fibre/logs/final-blob-44.stderr": "e3b0c44298fc1c149afbf4c8996fb92427ae41e4649b934ca495991b7852b855",
    "audits/2026-10-11-n45-s-long-s-fibre/logs/final-blob-44.stdout": "86e53a7c6beed0d69f93cc2187e7f3d63c069eaa4591d3db33e707383cec9876",
    "audits/2026-10-11-n45-s-long-s-fibre/logs/final-blob-45.json": "a956ba795042732390d21453fd3cea4c8464a05ca50331f92d678069613bfda3",
    "audits/2026-10-11-n45-s-long-s-fibre/logs/final-blob-45.stderr": "e3b0c44298fc1c149afbf4c8996fb92427ae41e4649b934ca495991b7852b855",
    "audits/2026-10-11-n45-s-long-s-fibre/logs/final-blob-45.stdout": "16a7a3d125c040b01e1dec8f4690f23fefb15d5c8f29ae5f18efdd60fbb3a349",
    "audits/2026-10-11-n45-s-long-s-fibre/logs/final-blob-46.json": "2b7b185b43c5ae05498d636b1a5c5a6fe1999d2260d44f2813b1c9c2ea89bd59",
    "audits/2026-10-11-n45-s-long-s-fibre/logs/final-blob-46.stderr": "e3b0c44298fc1c149afbf4c8996fb92427ae41e4649b934ca495991b7852b855",
    "audits/2026-10-11-n45-s-long-s-fibre/logs/final-blob-46.stdout": "7f6a619b09c982833c6716941b95013dc3ea2841bf8495fec555a2500d090af7",
    "audits/2026-10-11-n45-s-long-s-fibre/logs/final-blob-47.json": "5e57ca523ec74ab6f365b87e043770fc2b0d5eeb9a5f07cbe1aa198dc209b9c4",
    "audits/2026-10-11-n45-s-long-s-fibre/logs/final-blob-47.stderr": "e3b0c44298fc1c149afbf4c8996fb92427ae41e4649b934ca495991b7852b855",
    "audits/2026-10-11-n45-s-long-s-fibre/logs/final-blob-47.stdout": "57995f9d75179d1e948575d974b52e1b555298ce53865911737865f8eed09e05",
    "audits/2026-10-11-n45-s-long-s-fibre/logs/final-blob-48.json": "54082031c3541c52385c7299f5508a03fd245867d73f892bb61372b0ec8bed1d",
    "audits/2026-10-11-n45-s-long-s-fibre/logs/final-blob-48.stderr": "e3b0c44298fc1c149afbf4c8996fb92427ae41e4649b934ca495991b7852b855",
    "audits/2026-10-11-n45-s-long-s-fibre/logs/final-blob-48.stdout": "cf2ddaca53718fe6fa88bf564b0afdd7c10114478841f707f59cd4dc9d2e5e34",
    "audits/2026-10-11-n45-s-long-s-fibre/logs/final-blob-49.json": "b45799c32178fe59e6714320e28633878b752e1f9c1596ad9d5a7b671b9c01a2",
    "audits/2026-10-11-n45-s-long-s-fibre/logs/final-blob-49.stderr": "e3b0c44298fc1c149afbf4c8996fb92427ae41e4649b934ca495991b7852b855",
    "audits/2026-10-11-n45-s-long-s-fibre/logs/final-blob-49.stdout": "cb06db24a830277faacf49556d6261663668fada65105d61236ce37b2b2e8dae",
    "audits/2026-10-11-n45-s-long-s-fibre/logs/final-blob-5.json": "9a4c7535462f3e0c1e120616bb25826596a983f282148aa67e47e92c9e8bc21d",
    "audits/2026-10-11-n45-s-long-s-fibre/logs/final-blob-5.stderr": "e3b0c44298fc1c149afbf4c8996fb92427ae41e4649b934ca495991b7852b855",
    "audits/2026-10-11-n45-s-long-s-fibre/logs/final-blob-5.stdout": "b2b33a3ef8951578e03d0041ec7640dd362e1d18827b7c9ee53ef6ba08651481",
    "audits/2026-10-11-n45-s-long-s-fibre/logs/final-blob-50.json": "f41fa07829b7c758477218ab52ee3682dccb772849de0c207b8e1265e20854f6",
    "audits/2026-10-11-n45-s-long-s-fibre/logs/final-blob-50.stderr": "e3b0c44298fc1c149afbf4c8996fb92427ae41e4649b934ca495991b7852b855",
    "audits/2026-10-11-n45-s-long-s-fibre/logs/final-blob-50.stdout": "8da09c058eb29add5968a657bfa33fa1e2fe5f3afad4bff58e078963ac2a10e4",
    "audits/2026-10-11-n45-s-long-s-fibre/logs/final-blob-51.json": "55e85d7137fefcc62c14da741520a6e887da2af26f3a1706c7539d92132e5665",
    "audits/2026-10-11-n45-s-long-s-fibre/logs/final-blob-51.stderr": "e3b0c44298fc1c149afbf4c8996fb92427ae41e4649b934ca495991b7852b855",
    "audits/2026-10-11-n45-s-long-s-fibre/logs/final-blob-51.stdout": "9604c497bf8cc8bd2edf36755e143e53c45b05c14c38645ef531ea89195c833d",
    "audits/2026-10-11-n45-s-long-s-fibre/logs/final-blob-52.json": "a7897a762d15303ee0a9e72c3023fa9acf65001e4be0273009f2fe6b13f7f86a",
    "audits/2026-10-11-n45-s-long-s-fibre/logs/final-blob-52.stderr": "e3b0c44298fc1c149afbf4c8996fb92427ae41e4649b934ca495991b7852b855",
    "audits/2026-10-11-n45-s-long-s-fibre/logs/final-blob-52.stdout": "e0aa5a8d3f7f7d1c01f9c1f3bbc7c5bd45772600afcbfb467507a9610b9ea2ad",
    "audits/2026-10-11-n45-s-long-s-fibre/logs/final-blob-53.json": "bb83e622379fc3f3bb5ecbccbe7b44838ffdbfb0f51b534b789d2982cd93242b",
    "audits/2026-10-11-n45-s-long-s-fibre/logs/final-blob-53.stderr": "e3b0c44298fc1c149afbf4c8996fb92427ae41e4649b934ca495991b7852b855",
    "audits/2026-10-11-n45-s-long-s-fibre/logs/final-blob-53.stdout": "7655703dd04e6bc1482f528564396f5c1ead69669e5ac2e88ef6d6420c62c1ab",
    "audits/2026-10-11-n45-s-long-s-fibre/logs/final-blob-54.json": "ec6cd8ba3e459d1c09390a0361e322efa076e8882bc2bcafd68f55d3c351a27a",
    "audits/2026-10-11-n45-s-long-s-fibre/logs/final-blob-54.stderr": "e3b0c44298fc1c149afbf4c8996fb92427ae41e4649b934ca495991b7852b855",
    "audits/2026-10-11-n45-s-long-s-fibre/logs/final-blob-54.stdout": "006b46e7c9756eec8cbecd5fa5dc2c902940e4aefa10c822de5b46dbf6d95782",
    "audits/2026-10-11-n45-s-long-s-fibre/logs/final-blob-55.json": "12a330f2f3ccdca47aa8b39c61f63b22096b2059ef119a49e2e44754936c90d2",
    "audits/2026-10-11-n45-s-long-s-fibre/logs/final-blob-55.stderr": "e3b0c44298fc1c149afbf4c8996fb92427ae41e4649b934ca495991b7852b855",
    "audits/2026-10-11-n45-s-long-s-fibre/logs/final-blob-55.stdout": "bfb505d2c8ee687257e97cba56a631f3537c9289e69456bd8834e6ec29ff9a99",
    "audits/2026-10-11-n45-s-long-s-fibre/logs/final-blob-56.json": "9e88da3b09e68435647286d9e493424dcbbd1e3cadb52a445a633afd08350a3d",
    "audits/2026-10-11-n45-s-long-s-fibre/logs/final-blob-56.stderr": "e3b0c44298fc1c149afbf4c8996fb92427ae41e4649b934ca495991b7852b855",
    "audits/2026-10-11-n45-s-long-s-fibre/logs/final-blob-56.stdout": "7571ffbf9aa85846c73109fc53b3ae46feacec6cf9052f7db771f7be4d52dfce",
    "audits/2026-10-11-n45-s-long-s-fibre/logs/final-blob-57.json": "7de2f685070572472193096afbcbca7ef8ed92705060b5b1b56809628f6db917",
    "audits/2026-10-11-n45-s-long-s-fibre/logs/final-blob-57.stderr": "e3b0c44298fc1c149afbf4c8996fb92427ae41e4649b934ca495991b7852b855",
    "audits/2026-10-11-n45-s-long-s-fibre/logs/final-blob-57.stdout": "51fcbcf15cc18ad0adf22d8bc0633de0c5be69e8ac84409edf1efa6032001fd0",
    "audits/2026-10-11-n45-s-long-s-fibre/logs/final-blob-6.json": "c2b5153a6a5f47dfbc2a66b53a141102cd17dc0ace9b48fc23c0aeec763c67ec",
    "audits/2026-10-11-n45-s-long-s-fibre/logs/final-blob-6.stderr": "e3b0c44298fc1c149afbf4c8996fb92427ae41e4649b934ca495991b7852b855",
    "audits/2026-10-11-n45-s-long-s-fibre/logs/final-blob-6.stdout": "c4b965537bae22baae64382de61097e646a711aec774588c6fd4811a151cbbf0",
    "audits/2026-10-11-n45-s-long-s-fibre/logs/final-blob-7.json": "da5da697b10081caa36b595250f525827da11c4a9c841c87f6c2257f9f22b250",
    "audits/2026-10-11-n45-s-long-s-fibre/logs/final-blob-7.stderr": "e3b0c44298fc1c149afbf4c8996fb92427ae41e4649b934ca495991b7852b855",
    "audits/2026-10-11-n45-s-long-s-fibre/logs/final-blob-7.stdout": "0d9f76673753c0f3b919b5d27753684525f1bd230f22fae074b1d5a9fb3a1771",
    "audits/2026-10-11-n45-s-long-s-fibre/logs/final-blob-8.json": "a0e82e8862aa8a4ddf08798d27301d2587d495a05a6a0378c2d887f648c8336c",
    "audits/2026-10-11-n45-s-long-s-fibre/logs/final-blob-8.stderr": "e3b0c44298fc1c149afbf4c8996fb92427ae41e4649b934ca495991b7852b855",
    "audits/2026-10-11-n45-s-long-s-fibre/logs/final-blob-8.stdout": "6149d9083336c796205515f303c242d2c2bed17167d8f636ea60be28c6143df7",
    "audits/2026-10-11-n45-s-long-s-fibre/logs/final-blob-9.json": "e86db7b4da7ae8190558ef1e4bad22d1ff57fdfa26f10fd7525db61bad444765",
    "audits/2026-10-11-n45-s-long-s-fibre/logs/final-blob-9.stderr": "e3b0c44298fc1c149afbf4c8996fb92427ae41e4649b934ca495991b7852b855",
    "audits/2026-10-11-n45-s-long-s-fibre/logs/final-blob-9.stdout": "4b562d04081bdb38f3d910d377b885e108af8ea360bd1c04273a20893ba922fb",
    "audits/2026-10-11-n45-s-long-s-fibre/logs/final-git-diff-check.json": "2c8d868e5c778e7da9e3bf57b6ba2287338824e68052f1404657cb968fea4b1a",
    "audits/2026-10-11-n45-s-long-s-fibre/logs/final-git-diff-check.stderr": "e3b0c44298fc1c149afbf4c8996fb92427ae41e4649b934ca495991b7852b855",
    "audits/2026-10-11-n45-s-long-s-fibre/logs/final-git-diff-check.stdout": "e3b0c44298fc1c149afbf4c8996fb92427ae41e4649b934ca495991b7852b855",
    "audits/2026-10-11-n45-s-long-s-fibre/logs/final-head.json": "08bc957d8beb4e75d2816c1619521f88e69332e94a4709f8c4622d5fd248f0ed",
    "audits/2026-10-11-n45-s-long-s-fibre/logs/final-head.stderr": "e3b0c44298fc1c149afbf4c8996fb92427ae41e4649b934ca495991b7852b855",
    "audits/2026-10-11-n45-s-long-s-fibre/logs/final-head.stdout": "16e804f6094994c7b76ee5802af06752d5671c5baa6ed332b2bca09896bb78f9",
    "audits/2026-10-11-n45-s-long-s-fibre/logs/final-tracked-diff.json": "b3bf78a71a9df15a23e4004564e4e96383feb986a618f51da26a61fe663fc9ed",
    "audits/2026-10-11-n45-s-long-s-fibre/logs/final-tracked-diff.stderr": "e3b0c44298fc1c149afbf4c8996fb92427ae41e4649b934ca495991b7852b855",
    "audits/2026-10-11-n45-s-long-s-fibre/logs/final-tracked-diff.stdout": "e3b0c44298fc1c149afbf4c8996fb92427ae41e4649b934ca495991b7852b855",
    "audits/2026-10-11-n45-s-long-s-fibre/logs/final-worktree-status.json": "811fa0ff86afb319973af2a9bd2776e37b76ea026599ab367b6f66ab0b920a6b",
    "audits/2026-10-11-n45-s-long-s-fibre/logs/final-worktree-status.stderr": "e3b0c44298fc1c149afbf4c8996fb92427ae41e4649b934ca495991b7852b855",
    "audits/2026-10-11-n45-s-long-s-fibre/logs/final-worktree-status.stdout": "9eaa22ef72a0291fb2d52b6b297732de59c2a86dfbff48cfeea583142cd0ed59",
    "audits/2026-10-11-n45-s-long-s-fibre/logs/generate.json": "a60ee298382381029ee64f044c51a12a8eb81a36bbb167fa0c12464ed9a2addb",
    "audits/2026-10-11-n45-s-long-s-fibre/logs/generate.stderr": "e3b0c44298fc1c149afbf4c8996fb92427ae41e4649b934ca495991b7852b855",
    "audits/2026-10-11-n45-s-long-s-fibre/logs/generate.stdout": "0e1c235b7d642f88e12f904e962f35fb7353207c6901258cef7647c4320c5aa5",
    "audits/2026-10-11-n45-s-long-s-fibre/logs/head.json": "e1a027a0b2ee84e2efbeb486491cfc16973d3b4ac285c7884329965b47b0899f",
    "audits/2026-10-11-n45-s-long-s-fibre/logs/head.stderr": "e3b0c44298fc1c149afbf4c8996fb92427ae41e4649b934ca495991b7852b855",
    "audits/2026-10-11-n45-s-long-s-fibre/logs/head.stdout": "16e804f6094994c7b76ee5802af06752d5671c5baa6ed332b2bca09896bb78f9",
    "audits/2026-10-11-n45-s-long-s-fibre/logs/input-000.json": "4659566f65b911bfe1d2f942b72ecba133e1256625898493267b72278b70121e",
    "audits/2026-10-11-n45-s-long-s-fibre/logs/input-000.stderr": "e3b0c44298fc1c149afbf4c8996fb92427ae41e4649b934ca495991b7852b855",
    "audits/2026-10-11-n45-s-long-s-fibre/logs/input-000.stdout": "ec136bf8c774c170af76054dda2e33ffdfd2c9c951d0e91a7ab2d30749146a4e",
    "audits/2026-10-11-n45-s-long-s-fibre/logs/input-001.json": "f43791ad1c498e0fd70a4825c39b87e770e943dbec707e7992fba7b3faa128e4",
    "audits/2026-10-11-n45-s-long-s-fibre/logs/input-001.stderr": "e3b0c44298fc1c149afbf4c8996fb92427ae41e4649b934ca495991b7852b855",
    "audits/2026-10-11-n45-s-long-s-fibre/logs/input-001.stdout": "875a6cf606e2127e2e24ed5431b87c2edf657e0ee10aa813558d5739fa0ef5bc",
    "audits/2026-10-11-n45-s-long-s-fibre/logs/input-002.json": "ad31f338529142275d7cc61df4be9de793aeb3a36a37374bd2124a2312064db4",
    "audits/2026-10-11-n45-s-long-s-fibre/logs/input-002.stderr": "e3b0c44298fc1c149afbf4c8996fb92427ae41e4649b934ca495991b7852b855",
    "audits/2026-10-11-n45-s-long-s-fibre/logs/input-002.stdout": "c0100886fcb2879bda1640a21bca1d0e8a1f9aa4759598ab5d83825ecb71a4d0",
    "audits/2026-10-11-n45-s-long-s-fibre/logs/input-003.json": "d94b7ec30df116d037f3b9b419e7791cc16531a2e62a5c1b9d1ba041757a1a28",
    "audits/2026-10-11-n45-s-long-s-fibre/logs/input-003.stderr": "e3b0c44298fc1c149afbf4c8996fb92427ae41e4649b934ca495991b7852b855",
    "audits/2026-10-11-n45-s-long-s-fibre/logs/input-003.stdout": "51ea0e8406998e0a2f8dda8edf785e3a67cbeee412cc8a5d3272430bd0138fa1",
    "audits/2026-10-11-n45-s-long-s-fibre/logs/input-004.json": "9382e6379ca86be8141c51dd08e1e5467c305f45d6aba164e29663ea11ebbb2c",
    "audits/2026-10-11-n45-s-long-s-fibre/logs/input-004.stderr": "e3b0c44298fc1c149afbf4c8996fb92427ae41e4649b934ca495991b7852b855",
    "audits/2026-10-11-n45-s-long-s-fibre/logs/input-004.stdout": "34354f631fe887cc52f1c3aa6a6b0413111fa05ad4dc3ec820f615a58d121db9",
    "audits/2026-10-11-n45-s-long-s-fibre/logs/input-005.json": "8b426ef13d81672a3fd6a9f0538843703a12ee9b7853e3feac77d69fbfc6ea86",
    "audits/2026-10-11-n45-s-long-s-fibre/logs/input-005.stderr": "e3b0c44298fc1c149afbf4c8996fb92427ae41e4649b934ca495991b7852b855",
    "audits/2026-10-11-n45-s-long-s-fibre/logs/input-005.stdout": "0a3d5e72a95dbbcc1b07a4c6d15e570c46988c8dd31bc4349ac3029c825a2682",
    "audits/2026-10-11-n45-s-long-s-fibre/logs/input-006.json": "a423af5cb084b6c6269045a05ecc23bae635fe66087fb07b50326ad6ab510d07",
    "audits/2026-10-11-n45-s-long-s-fibre/logs/input-006.stderr": "e3b0c44298fc1c149afbf4c8996fb92427ae41e4649b934ca495991b7852b855",
    "audits/2026-10-11-n45-s-long-s-fibre/logs/input-006.stdout": "69e9adec9d41f460ada8851bffd82075fefadcd87d1e78138b2d31ed0ee9fed9",
    "audits/2026-10-11-n45-s-long-s-fibre/logs/input-007.json": "1019d2629db2fed19464f7aed15e81796e3139c4af008c2c5e3e037b346d5f53",
    "audits/2026-10-11-n45-s-long-s-fibre/logs/input-007.stderr": "e3b0c44298fc1c149afbf4c8996fb92427ae41e4649b934ca495991b7852b855",
    "audits/2026-10-11-n45-s-long-s-fibre/logs/input-007.stdout": "91bffe5287c69e779eca0aa6b6e5780bd01a27d79802aa3ac2c3082adbe389c6",
    "audits/2026-10-11-n45-s-long-s-fibre/logs/input-008.json": "ca8af0f7fa29be36c5198fd1fe94196568a23c4f203cda1d1549a6ce8adb4084",
    "audits/2026-10-11-n45-s-long-s-fibre/logs/input-008.stderr": "e3b0c44298fc1c149afbf4c8996fb92427ae41e4649b934ca495991b7852b855",
    "audits/2026-10-11-n45-s-long-s-fibre/logs/input-008.stdout": "157622ffca051967dafe92c23821028c65e2bd3e6289281050a5f5aeff285fde",
    "audits/2026-10-11-n45-s-long-s-fibre/logs/input-009.json": "c23c660c0a9c5f162df2185bda9ef7e3bf19bc2d2bd2b194242cae7fd2baadd1",
    "audits/2026-10-11-n45-s-long-s-fibre/logs/input-009.stderr": "e3b0c44298fc1c149afbf4c8996fb92427ae41e4649b934ca495991b7852b855",
    "audits/2026-10-11-n45-s-long-s-fibre/logs/input-009.stdout": "0bb09b92e4570931e3306ae0e044a726bd57681ec8d907b681367c1c24ea8eeb",
    "audits/2026-10-11-n45-s-long-s-fibre/logs/input-010.json": "3b71c26b64ddc085158a3762e392007687c222c8a8afd589e10c4ad84c9639d3",
    "audits/2026-10-11-n45-s-long-s-fibre/logs/input-010.stderr": "e3b0c44298fc1c149afbf4c8996fb92427ae41e4649b934ca495991b7852b855",
    "audits/2026-10-11-n45-s-long-s-fibre/logs/input-010.stdout": "ff98dfc4a201bdad95147e7208c690e9fb8a16ce4d21e7b524eae72ca94f18a7",
    "audits/2026-10-11-n45-s-long-s-fibre/logs/input-011.json": "56c91dfeb0ef16cba2b3feb646db2e92e0a7fc4e41ee5e67344229713b93fa45",
    "audits/2026-10-11-n45-s-long-s-fibre/logs/input-011.stderr": "e3b0c44298fc1c149afbf4c8996fb92427ae41e4649b934ca495991b7852b855",
    "audits/2026-10-11-n45-s-long-s-fibre/logs/input-011.stdout": "a345e40562d0f93da53250b84251ae689217e97f8ec6d064807b29bef89dfa68",
    "audits/2026-10-11-n45-s-long-s-fibre/logs/input-012.json": "adda50b68eed060e172d914de9f0bf61d8bab0d5fc356005bad3e59610c93521",
    "audits/2026-10-11-n45-s-long-s-fibre/logs/input-012.stderr": "e3b0c44298fc1c149afbf4c8996fb92427ae41e4649b934ca495991b7852b855",
    "audits/2026-10-11-n45-s-long-s-fibre/logs/input-012.stdout": "a9cdc709f1f1c961286297863696aca52b7110e5ba980f83bfb2bb94c595014f",
    "audits/2026-10-11-n45-s-long-s-fibre/logs/input-013.json": "1652b8e269ed451651b21f799fe0a97258fc356d54a6b7e7c64147d67af42da6",
    "audits/2026-10-11-n45-s-long-s-fibre/logs/input-013.stderr": "e3b0c44298fc1c149afbf4c8996fb92427ae41e4649b934ca495991b7852b855",
    "audits/2026-10-11-n45-s-long-s-fibre/logs/input-013.stdout": "dd8fe080f64231140715953bb3a7b88a94fe676636c5b7974262177ce096bac2",
    "audits/2026-10-11-n45-s-long-s-fibre/logs/input-014.json": "c2ff162e2b7ca4b95e482db675b9c003b1ab9d3a3a38bfac968420fa20bc9ee0",
    "audits/2026-10-11-n45-s-long-s-fibre/logs/input-014.stderr": "e3b0c44298fc1c149afbf4c8996fb92427ae41e4649b934ca495991b7852b855",
    "audits/2026-10-11-n45-s-long-s-fibre/logs/input-014.stdout": "223c66016be7542e70909c01429b05953f3d69b5fc659015b23e8f16af2c3502",
    "audits/2026-10-11-n45-s-long-s-fibre/logs/input-015.json": "e5fed13de5c16af28bf7a07257c490cab6ce7862f2467d921ee3150b21909577",
    "audits/2026-10-11-n45-s-long-s-fibre/logs/input-015.stderr": "e3b0c44298fc1c149afbf4c8996fb92427ae41e4649b934ca495991b7852b855",
    "audits/2026-10-11-n45-s-long-s-fibre/logs/input-015.stdout": "bb450e51a77b7c1e37396fb190f587fe66f0e257421f2d9755b970c7997074af",
    "audits/2026-10-11-n45-s-long-s-fibre/logs/input-016.json": "97a409b2c1255c70503a6d7715f72797cb310a0db39835c2ad6fbd7511f50972",
    "audits/2026-10-11-n45-s-long-s-fibre/logs/input-016.stderr": "e3b0c44298fc1c149afbf4c8996fb92427ae41e4649b934ca495991b7852b855",
    "audits/2026-10-11-n45-s-long-s-fibre/logs/input-016.stdout": "a59ba82c1387c65ac9a625fb07bbcedcbc75ea06fdcaa382ccb59c49e3575473",
    "audits/2026-10-11-n45-s-long-s-fibre/logs/input-017.json": "ef805f32f7d0024f8b617abf33d8724b39f3fda47f530507ccf53dfed9adf801",
    "audits/2026-10-11-n45-s-long-s-fibre/logs/input-017.stderr": "e3b0c44298fc1c149afbf4c8996fb92427ae41e4649b934ca495991b7852b855",
    "audits/2026-10-11-n45-s-long-s-fibre/logs/input-017.stdout": "ff7816340808b263bbc4945d98da889b5496a5d10051dbf85a94342a7bf1c231",
    "audits/2026-10-11-n45-s-long-s-fibre/logs/input-018.json": "ebf6df7d12ac70e803a02d30a6c84509131982fc161693f2c68a00ed93048d00",
    "audits/2026-10-11-n45-s-long-s-fibre/logs/input-018.stderr": "e3b0c44298fc1c149afbf4c8996fb92427ae41e4649b934ca495991b7852b855",
    "audits/2026-10-11-n45-s-long-s-fibre/logs/input-018.stdout": "808ed886aabe4fed366c986b1ec8bf9b597a78b88ee9caf0213b13406e3b2ecb",
    "audits/2026-10-11-n45-s-long-s-fibre/logs/input-019.json": "009c4fa62eb42b5ca0c7f137d6da1bc17b920257bc24810a7f6864d088d10982",
    "audits/2026-10-11-n45-s-long-s-fibre/logs/input-019.stderr": "e3b0c44298fc1c149afbf4c8996fb92427ae41e4649b934ca495991b7852b855",
    "audits/2026-10-11-n45-s-long-s-fibre/logs/input-019.stdout": "d2e31a967d203ed9f4dab07c92de9700499312848dea73bb5013e46ce10b1c80",
    "audits/2026-10-11-n45-s-long-s-fibre/logs/input-020.json": "2d672881c1c18ae71d9b2623529632dddb99e210c60c4f091850403b7584650d",
    "audits/2026-10-11-n45-s-long-s-fibre/logs/input-020.stderr": "e3b0c44298fc1c149afbf4c8996fb92427ae41e4649b934ca495991b7852b855",
    "audits/2026-10-11-n45-s-long-s-fibre/logs/input-020.stdout": "fc223b9770f1920c9f3ca3b507587e695daece5407c4078289b2edbf65880a4f",
    "audits/2026-10-11-n45-s-long-s-fibre/logs/input-021.json": "0f7de01237ca0a620965797ce4258e72c4769d4a41073dc71543238007e2eff8",
    "audits/2026-10-11-n45-s-long-s-fibre/logs/input-021.stderr": "e3b0c44298fc1c149afbf4c8996fb92427ae41e4649b934ca495991b7852b855",
    "audits/2026-10-11-n45-s-long-s-fibre/logs/input-021.stdout": "02b2f09e699f1c90fbc4029d8c4d77c6d424859bbc37af0665ecd76002633b8b",
    "audits/2026-10-11-n45-s-long-s-fibre/logs/input-022.json": "be5aeca26854f3a34c559948391c37882eba8880b6223c67fce4cea4460c1fb3",
    "audits/2026-10-11-n45-s-long-s-fibre/logs/input-022.stderr": "e3b0c44298fc1c149afbf4c8996fb92427ae41e4649b934ca495991b7852b855",
    "audits/2026-10-11-n45-s-long-s-fibre/logs/input-022.stdout": "420584623ff501ac098feec827130fa68607e84b706271afc7405a12b206710b",
    "audits/2026-10-11-n45-s-long-s-fibre/logs/input-023.json": "9f1c1f3680eb2c3ed55e78b0192e3e23ed3635a2f4c79bef511a2ebbcbf5461e",
    "audits/2026-10-11-n45-s-long-s-fibre/logs/input-023.stderr": "e3b0c44298fc1c149afbf4c8996fb92427ae41e4649b934ca495991b7852b855",
    "audits/2026-10-11-n45-s-long-s-fibre/logs/input-023.stdout": "b77bbd52aefe1db63c8b6016171d5270a8756172c8fbf1898c357f052f2d2e97",
    "audits/2026-10-11-n45-s-long-s-fibre/logs/input-024.json": "4cf5a28819ac8afc3850f5ccefddd9a4dfd49700a8be5dfad4647e95d8924235",
    "audits/2026-10-11-n45-s-long-s-fibre/logs/input-024.stderr": "e3b0c44298fc1c149afbf4c8996fb92427ae41e4649b934ca495991b7852b855",
    "audits/2026-10-11-n45-s-long-s-fibre/logs/input-024.stdout": "61847490bc1c26e4062c2d5c18918dbf8f0b9452e68c411f7f47f97954a41e94",
    "audits/2026-10-11-n45-s-long-s-fibre/logs/input-025.json": "6a110c4fed172455b6ec577a4c580a508a128da522b1369d895455e992476401",
    "audits/2026-10-11-n45-s-long-s-fibre/logs/input-025.stderr": "e3b0c44298fc1c149afbf4c8996fb92427ae41e4649b934ca495991b7852b855",
    "audits/2026-10-11-n45-s-long-s-fibre/logs/input-025.stdout": "3a5f57439de95350fc322ab6a9a7062782a7fcb7b293e4563e1cae2f65d9299f",
    "audits/2026-10-11-n45-s-long-s-fibre/logs/input-026.json": "5d2446b4b6d6a4cdf6006ca78116cd5e60c823380903f18bccb110670ff1375c",
    "audits/2026-10-11-n45-s-long-s-fibre/logs/input-026.stderr": "e3b0c44298fc1c149afbf4c8996fb92427ae41e4649b934ca495991b7852b855",
    "audits/2026-10-11-n45-s-long-s-fibre/logs/input-026.stdout": "fb36fee998ba33b99645292fe51d8ebf745eab757b5d8be460abfa9c5eed8ead",
    "audits/2026-10-11-n45-s-long-s-fibre/logs/input-027.json": "7b457be5ba39c54cf70d5a93fc02bbb311f419b7d14600cf299a9615e58580a2",
    "audits/2026-10-11-n45-s-long-s-fibre/logs/input-027.stderr": "e3b0c44298fc1c149afbf4c8996fb92427ae41e4649b934ca495991b7852b855",
    "audits/2026-10-11-n45-s-long-s-fibre/logs/input-027.stdout": "fd098e8f4b3d950ba69ed7231195cf44bc07532b6ee789c3ea66091a2959a284",
    "audits/2026-10-11-n45-s-long-s-fibre/logs/input-028.json": "82375f620d17ec6b585dd0378d91aa6690ffb1f6629100390907a3226373c86f",
    "audits/2026-10-11-n45-s-long-s-fibre/logs/input-028.stderr": "e3b0c44298fc1c149afbf4c8996fb92427ae41e4649b934ca495991b7852b855",
    "audits/2026-10-11-n45-s-long-s-fibre/logs/input-028.stdout": "fa326592f94cca6e941346b0b1c90086e1d75042168102990f4ed7c64b190dc5",
    "audits/2026-10-11-n45-s-long-s-fibre/logs/input-029.json": "6656a332c82e052caeaf3cda6248ba7c544f977412634d0b32a349b491f9521d",
    "audits/2026-10-11-n45-s-long-s-fibre/logs/input-029.stderr": "e3b0c44298fc1c149afbf4c8996fb92427ae41e4649b934ca495991b7852b855",
    "audits/2026-10-11-n45-s-long-s-fibre/logs/input-029.stdout": "aebbe3882f0b57de9fe4b575adbcab457c950f1cb0f1c80623e185af5b17a813",
    "audits/2026-10-11-n45-s-long-s-fibre/logs/input-030.json": "1295ab8605c7f438fbb0b23b9c72a1378479fcd2524b343641ed89428e88b195",
    "audits/2026-10-11-n45-s-long-s-fibre/logs/input-030.stderr": "e3b0c44298fc1c149afbf4c8996fb92427ae41e4649b934ca495991b7852b855",
    "audits/2026-10-11-n45-s-long-s-fibre/logs/input-030.stdout": "4d5b2aa73a72ca5291900f0d2aac317938345961d6a800b631a086561f1063a1",
    "audits/2026-10-11-n45-s-long-s-fibre/logs/input-031.json": "995ac396b13a0d775c9a53bbf8545f8507796ade7d1497921dfe8c081012d33d",
    "audits/2026-10-11-n45-s-long-s-fibre/logs/input-031.stderr": "e3b0c44298fc1c149afbf4c8996fb92427ae41e4649b934ca495991b7852b855",
    "audits/2026-10-11-n45-s-long-s-fibre/logs/input-031.stdout": "16dec09cb35ec1486a28d7d222a6639f8ccdd6f1981de6f5c45c3fe2b266273a",
    "audits/2026-10-11-n45-s-long-s-fibre/logs/input-032.json": "50847caeb197883693ea6d61c76a75c81996e8806ac4ac0ad4db3e63eb4a0d5b",
    "audits/2026-10-11-n45-s-long-s-fibre/logs/input-032.stderr": "e3b0c44298fc1c149afbf4c8996fb92427ae41e4649b934ca495991b7852b855",
    "audits/2026-10-11-n45-s-long-s-fibre/logs/input-032.stdout": "0f226a399da4f5f2be29ae6c90124689d7159153cd709e7e21138d78fa7239e6",
    "audits/2026-10-11-n45-s-long-s-fibre/logs/input-033.json": "99d722ad765b980c38600bc43c7f10f433a232215cfafc94efb3872269714db9",
    "audits/2026-10-11-n45-s-long-s-fibre/logs/input-033.stderr": "e3b0c44298fc1c149afbf4c8996fb92427ae41e4649b934ca495991b7852b855",
    "audits/2026-10-11-n45-s-long-s-fibre/logs/input-033.stdout": "cbec86271dc4a1cb2c67597c65cd418503413f75f45b5a6a2c929c6a425f1cbf",
    "audits/2026-10-11-n45-s-long-s-fibre/logs/input-034.json": "f359935a393df3339128c18c7b02d8c179b1c1bd48aefab66fe11374c93273d9",
    "audits/2026-10-11-n45-s-long-s-fibre/logs/input-034.stderr": "e3b0c44298fc1c149afbf4c8996fb92427ae41e4649b934ca495991b7852b855",
    "audits/2026-10-11-n45-s-long-s-fibre/logs/input-034.stdout": "b3622e5078e3fe9e51dcc96ed778b16fbd3b2d30af574adf774c1e4bf4ce5217",
    "audits/2026-10-11-n45-s-long-s-fibre/logs/input-035.json": "4c783b7155ea49579e810e75a2f2d6e5cb4fdf73ac40de2cae910313f1edd494",
    "audits/2026-10-11-n45-s-long-s-fibre/logs/input-035.stderr": "e3b0c44298fc1c149afbf4c8996fb92427ae41e4649b934ca495991b7852b855",
    "audits/2026-10-11-n45-s-long-s-fibre/logs/input-035.stdout": "050da3a1ace85977b877d7e69a6d0da3e5bd7b65eb8f780141c1b5d11f6a5087",
    "audits/2026-10-11-n45-s-long-s-fibre/logs/input-036.json": "5f037a062de1bb4a74f6852d80b7d85b7b966b1b581ce85f005f2cd8ab4a6619",
    "audits/2026-10-11-n45-s-long-s-fibre/logs/input-036.stderr": "e3b0c44298fc1c149afbf4c8996fb92427ae41e4649b934ca495991b7852b855",
    "audits/2026-10-11-n45-s-long-s-fibre/logs/input-036.stdout": "a08a23ce54a7abb3a260c9fa792c78e6bb7aafa2623dc913cafaaf18a5a3ce05",
    "audits/2026-10-11-n45-s-long-s-fibre/logs/input-037.json": "4f7e328c241c7a103a366a6a111db400eaad220de1f74e34464a5bfccd41cdba",
    "audits/2026-10-11-n45-s-long-s-fibre/logs/input-037.stderr": "e3b0c44298fc1c149afbf4c8996fb92427ae41e4649b934ca495991b7852b855",
    "audits/2026-10-11-n45-s-long-s-fibre/logs/input-037.stdout": "e086a216fbaee0a1a49f3e6503b4fe992a4c68da139b4205048946cf2126e059",
    "audits/2026-10-11-n45-s-long-s-fibre/logs/input-038.json": "f8d0b250226561bc15dbd93e04f1f37b2f0f0f984436c0dd4c4aa8e965836790",
    "audits/2026-10-11-n45-s-long-s-fibre/logs/input-038.stderr": "e3b0c44298fc1c149afbf4c8996fb92427ae41e4649b934ca495991b7852b855",
    "audits/2026-10-11-n45-s-long-s-fibre/logs/input-038.stdout": "5f37ffbd6f0f9ba4c279fc37fc5eb7eadfd0ce234076aeb27f5094f429bc2310",
    "audits/2026-10-11-n45-s-long-s-fibre/logs/input-039.json": "5731e0de51eeb4155e953b04394d4a0f594e7291676334b6cc991b5480a54b99",
    "audits/2026-10-11-n45-s-long-s-fibre/logs/input-039.stderr": "e3b0c44298fc1c149afbf4c8996fb92427ae41e4649b934ca495991b7852b855",
    "audits/2026-10-11-n45-s-long-s-fibre/logs/input-039.stdout": "498cf885d44561118c1777f52f60348ae49cf38bb5444d1be353583854c6f981",
    "audits/2026-10-11-n45-s-long-s-fibre/logs/input-040.json": "34b6752b3488b96220dba48a199259ce76d1fceb6a19ed18d08a1151abcdc4e4",
    "audits/2026-10-11-n45-s-long-s-fibre/logs/input-040.stderr": "e3b0c44298fc1c149afbf4c8996fb92427ae41e4649b934ca495991b7852b855",
    "audits/2026-10-11-n45-s-long-s-fibre/logs/input-040.stdout": "60ec516b01090af6f76d15a2759d12b9d718af3b1ad032499f091b3721cc51ec",
    "audits/2026-10-11-n45-s-long-s-fibre/logs/input-041.json": "94535f4d1ec506e39b90e1ccd5ccf7c459c60c338b6e442de8439ffa39d1bd5f",
    "audits/2026-10-11-n45-s-long-s-fibre/logs/input-041.stderr": "e3b0c44298fc1c149afbf4c8996fb92427ae41e4649b934ca495991b7852b855",
    "audits/2026-10-11-n45-s-long-s-fibre/logs/input-041.stdout": "fedb7bd9162a1d2e72dd85c9e837c167174a20d202d0c3ad4927c7dfc1959e25",
    "audits/2026-10-11-n45-s-long-s-fibre/logs/input-042.json": "0a7052849c9ab23c497f2509751e56eb775c795b5518fb3ee9ed4c5ddb2b6cbe",
    "audits/2026-10-11-n45-s-long-s-fibre/logs/input-042.stderr": "e3b0c44298fc1c149afbf4c8996fb92427ae41e4649b934ca495991b7852b855",
    "audits/2026-10-11-n45-s-long-s-fibre/logs/input-042.stdout": "0f7ace6bcf523070bee3a5b1e6c6f2f7576c3a105550eed70e7434c837f43b1f",
    "audits/2026-10-11-n45-s-long-s-fibre/logs/input-043.json": "10699b39be07d704fe25013c1cf3fc7b788c95ce8d38d3d3784b98de45a80a54",
    "audits/2026-10-11-n45-s-long-s-fibre/logs/input-043.stderr": "e3b0c44298fc1c149afbf4c8996fb92427ae41e4649b934ca495991b7852b855",
    "audits/2026-10-11-n45-s-long-s-fibre/logs/input-043.stdout": "ebb0b1e4ef2db0d09bf3dda35a6570cc6ed6bffc01d80117d7b504aff1937e29",
    "audits/2026-10-11-n45-s-long-s-fibre/logs/input-044.json": "a1d964414516271f2b14f7da69fceb3c299181da7d2b731e69ca9f583fb68063",
    "audits/2026-10-11-n45-s-long-s-fibre/logs/input-044.stderr": "e3b0c44298fc1c149afbf4c8996fb92427ae41e4649b934ca495991b7852b855",
    "audits/2026-10-11-n45-s-long-s-fibre/logs/input-044.stdout": "002ca3a1f0e4c642d2d3b53543f8c99c4172784d578e2fc4fbd6df50411f26ce",
    "audits/2026-10-11-n45-s-long-s-fibre/logs/input-045.json": "ad4e0a92a7da84e2637bbb6a399be6f26f734e84cafc071aaabe36b3037e2531",
    "audits/2026-10-11-n45-s-long-s-fibre/logs/input-045.stderr": "e3b0c44298fc1c149afbf4c8996fb92427ae41e4649b934ca495991b7852b855",
    "audits/2026-10-11-n45-s-long-s-fibre/logs/input-045.stdout": "3e4299ea53d95e5abbbb3fc77c77e2b1f394d1269e26a98981c80522f98ce850",
    "audits/2026-10-11-n45-s-long-s-fibre/logs/input-046.json": "39d727fb43b5d9cbcd4729641dca5a7ed08af23ce16e59e49717bf81ce15857b",
    "audits/2026-10-11-n45-s-long-s-fibre/logs/input-046.stderr": "e3b0c44298fc1c149afbf4c8996fb92427ae41e4649b934ca495991b7852b855",
    "audits/2026-10-11-n45-s-long-s-fibre/logs/input-046.stdout": "d8ebd3db084eb4d60abc737b8c580e2e6cc738d03f1c347328b831a310c09fcf",
    "audits/2026-10-11-n45-s-long-s-fibre/logs/input-047.json": "dfe639adbaf10fc6c1e2f00b28829ac827e2f41a9263ff37f028914aaa70c793",
    "audits/2026-10-11-n45-s-long-s-fibre/logs/input-047.stderr": "e3b0c44298fc1c149afbf4c8996fb92427ae41e4649b934ca495991b7852b855",
    "audits/2026-10-11-n45-s-long-s-fibre/logs/input-047.stdout": "82715f41c5a07ba43439a8e081e283bb044c19d93be4d0fad427c27dac3283c8",
    "audits/2026-10-11-n45-s-long-s-fibre/logs/input-048.json": "3e409c7d7e35028f48cad5159948f5ba4b6bd6dac0b7e67f528b258196ae3915",
    "audits/2026-10-11-n45-s-long-s-fibre/logs/input-048.stderr": "e3b0c44298fc1c149afbf4c8996fb92427ae41e4649b934ca495991b7852b855",
    "audits/2026-10-11-n45-s-long-s-fibre/logs/input-048.stdout": "b2d6a75ada11cbc543d07d21c0eb083adcf8332f57eb0a182cb1ea779a3d4a4d",
    "audits/2026-10-11-n45-s-long-s-fibre/logs/input-049.json": "ef69ce8dea69858261c60dcc7a093f297a6bc8434f6dc80ee02083034a8298d4",
    "audits/2026-10-11-n45-s-long-s-fibre/logs/input-049.stderr": "e3b0c44298fc1c149afbf4c8996fb92427ae41e4649b934ca495991b7852b855",
    "audits/2026-10-11-n45-s-long-s-fibre/logs/input-049.stdout": "33c6e89524859a0eb63227210c4276accd3330f8a5a7e8c81d963151fa6ae5c5",
    "audits/2026-10-11-n45-s-long-s-fibre/logs/input-050.json": "f27d89980241385eeaa90b5a17c482f89bbb205f4d5f764f931be37da3bace8b",
    "audits/2026-10-11-n45-s-long-s-fibre/logs/input-050.stderr": "e3b0c44298fc1c149afbf4c8996fb92427ae41e4649b934ca495991b7852b855",
    "audits/2026-10-11-n45-s-long-s-fibre/logs/input-050.stdout": "246cbc10d2681163832b6390e18a5ed29218fb8689fb3b8b42f6c4d154f535fc",
    "audits/2026-10-11-n45-s-long-s-fibre/logs/input-051.json": "f318ec4d1af798a91f3053157c4d11fd0a553f69a669d8fa271aae0fd122b6a7",
    "audits/2026-10-11-n45-s-long-s-fibre/logs/input-051.stderr": "e3b0c44298fc1c149afbf4c8996fb92427ae41e4649b934ca495991b7852b855",
    "audits/2026-10-11-n45-s-long-s-fibre/logs/input-051.stdout": "518a3c4f928a49181525fcbfff4cb1065cd05195f6938fd39ad452679b011cf0",
    "audits/2026-10-11-n45-s-long-s-fibre/logs/input-052.json": "a77f36c54350adac317ff31d5fb76d5f26ffb27c73edd2f67cf5126a474432f3",
    "audits/2026-10-11-n45-s-long-s-fibre/logs/input-052.stderr": "e3b0c44298fc1c149afbf4c8996fb92427ae41e4649b934ca495991b7852b855",
    "audits/2026-10-11-n45-s-long-s-fibre/logs/input-052.stdout": "dd9eda76d897629daea46364b0b508581d4972662c70f72558494d4c1c520e60",
    "audits/2026-10-11-n45-s-long-s-fibre/logs/input-053.json": "5b26fca00de51283a4fb92060c06382c252138cb8f2760e12ca935bdfe5ec9e0",
    "audits/2026-10-11-n45-s-long-s-fibre/logs/input-053.stderr": "e3b0c44298fc1c149afbf4c8996fb92427ae41e4649b934ca495991b7852b855",
    "audits/2026-10-11-n45-s-long-s-fibre/logs/input-053.stdout": "0f634fe6d6825512b4f99d4ab668348e8770c6011c4644a0dbe660534ad468af",
    "audits/2026-10-11-n45-s-long-s-fibre/logs/input-054.json": "4f5c20c917b6a35ffd1ea9f0df9a3f399d6108f76ae25331e85fd61425e1f12b",
    "audits/2026-10-11-n45-s-long-s-fibre/logs/input-054.stderr": "e3b0c44298fc1c149afbf4c8996fb92427ae41e4649b934ca495991b7852b855",
    "audits/2026-10-11-n45-s-long-s-fibre/logs/input-054.stdout": "fea6bfb5dd48d433859501031ea0ce6c4c86daf4284c79ee3cb76f6238c9a967",
    "audits/2026-10-11-n45-s-long-s-fibre/logs/input-055.json": "9bba2df277cd6023c5db8f1fc550921207bd53a3cf45b31282f4f000cc97648d",
    "audits/2026-10-11-n45-s-long-s-fibre/logs/input-055.stderr": "e3b0c44298fc1c149afbf4c8996fb92427ae41e4649b934ca495991b7852b855",
    "audits/2026-10-11-n45-s-long-s-fibre/logs/input-055.stdout": "c4039e805abcc94a6a8c824ba38e5858420535c5c5528e3bf43aec5721c8e082",
    "audits/2026-10-11-n45-s-long-s-fibre/logs/input-056.json": "001fa4c9fba31e004e21d3a2452e0b9b2275155c8a41b3286098248372b766ef",
    "audits/2026-10-11-n45-s-long-s-fibre/logs/input-056.stderr": "e3b0c44298fc1c149afbf4c8996fb92427ae41e4649b934ca495991b7852b855",
    "audits/2026-10-11-n45-s-long-s-fibre/logs/input-056.stdout": "823c177635f8daa0c4ad20008880976baffbe331e07b49162b04bd37fec83bdc",
    "audits/2026-10-11-n45-s-long-s-fibre/logs/metadata-final.json": "e31cf64ba5435c3d8111071dbf05b2df7b12768952299e564e171aca4a76390d",
    "audits/2026-10-11-n45-s-long-s-fibre/logs/metadata-final.stderr": "e3b0c44298fc1c149afbf4c8996fb92427ae41e4649b934ca495991b7852b855",
    "audits/2026-10-11-n45-s-long-s-fibre/logs/metadata-final.stdout": "ba4fa760f067e8035c79f2243e362865e44f5d4a1b8441add503ad34d6192c8f",
    "audits/2026-10-11-n45-s-long-s-fibre/logs/missing-final-json.json": "b6b96bc44f7b31578dc9d296703d83478592815759b0917c207315b2888dd3b7",
    "audits/2026-10-11-n45-s-long-s-fibre/logs/missing-final-json.stderr": "b2ccce633cf62c8b416f42109dee70fc3607c836b01c05cc6441f10e0be4973c",
    "audits/2026-10-11-n45-s-long-s-fibre/logs/missing-final-json.stdout": "e3b0c44298fc1c149afbf4c8996fb92427ae41e4649b934ca495991b7852b855",
    "audits/2026-10-11-n45-s-long-s-fibre/logs/negative-corrupt-certificate.json": "464e064ca3b6f89e759bb4ea81a90c9e08cd10381eeb7faec77b1c4083114f5d",
    "audits/2026-10-11-n45-s-long-s-fibre/logs/negative-corrupt-certificate.stderr": "f553cce51d311d7c6248b3231291d3dd560a8aa9e25a7cb1a4947b4eaab70389",
    "audits/2026-10-11-n45-s-long-s-fibre/logs/negative-corrupt-certificate.stdout": "e3b0c44298fc1c149afbf4c8996fb92427ae41e4649b934ca495991b7852b855",
    "audits/2026-10-11-n45-s-long-s-fibre/logs/negative-exclusive-create.json": "56cd6c1061de321737943b8d94a59fa024d5c18fe34a58f0355912c3b2b20bdb",
    "audits/2026-10-11-n45-s-long-s-fibre/logs/negative-exclusive-create.stderr": "7d674d76c0982385fc0c5fd51ac4dadf8779b3d0638959e51dbd3cec4c5a8f1e",
    "audits/2026-10-11-n45-s-long-s-fibre/logs/negative-exclusive-create.stdout": "e3b0c44298fc1c149afbf4c8996fb92427ae41e4649b934ca495991b7852b855",
    "audits/2026-10-11-n45-s-long-s-fibre/logs/replay-seed17.json": "1b6de1ba724346efbc74ab8116c555c35fe3d30ed5c472bae510603e16d13ab3",
    "audits/2026-10-11-n45-s-long-s-fibre/logs/replay-seed17.stderr": "e3b0c44298fc1c149afbf4c8996fb92427ae41e4649b934ca495991b7852b855",
    "audits/2026-10-11-n45-s-long-s-fibre/logs/replay-seed17.stdout": "0e1c235b7d642f88e12f904e962f35fb7353207c6901258cef7647c4320c5aa5",
    "audits/2026-10-11-n45-s-long-s-fibre/logs/replay.json": "8215c7b5a60b15ad5e2dd413943670f4f2722e033383631605a696308555dfcd",
    "audits/2026-10-11-n45-s-long-s-fibre/logs/replay.stderr": "e3b0c44298fc1c149afbf4c8996fb92427ae41e4649b934ca495991b7852b855",
    "audits/2026-10-11-n45-s-long-s-fibre/logs/replay.stdout": "0e1c235b7d642f88e12f904e962f35fb7353207c6901258cef7647c4320c5aa5",
    "audits/2026-10-11-n45-s-long-s-fibre/logs/seal-2-final-blob-0.json": "a1c6329791b7df030a1aefbef7fc4e0ecacf00ef6bb052c79ac93a4cbfbb827f",
    "audits/2026-10-11-n45-s-long-s-fibre/logs/seal-2-final-blob-0.stderr": "e3b0c44298fc1c149afbf4c8996fb92427ae41e4649b934ca495991b7852b855",
    "audits/2026-10-11-n45-s-long-s-fibre/logs/seal-2-final-blob-0.stdout": "17557690c1c9b3dfd174e46274af37820b33ea9c7838e3916dcf4d7fbee6df57",
    "audits/2026-10-11-n45-s-long-s-fibre/logs/seal-2-final-blob-1.json": "18ed6b290160639e5a3fa3c8643cb419379d892a6911f0067dd4c512ab5c7148",
    "audits/2026-10-11-n45-s-long-s-fibre/logs/seal-2-final-blob-1.stderr": "e3b0c44298fc1c149afbf4c8996fb92427ae41e4649b934ca495991b7852b855",
    "audits/2026-10-11-n45-s-long-s-fibre/logs/seal-2-final-blob-1.stdout": "0883eb4dca7fddb7bc1b405c064a87fdb7798fd885309b43f687da2c72b75340",
    "audits/2026-10-11-n45-s-long-s-fibre/logs/seal-2-final-blob-10.json": "d62ebe357589e2de4776eb3db5e393a48e9c3b03a2e7eac7ba1bbe065c2af802",
    "audits/2026-10-11-n45-s-long-s-fibre/logs/seal-2-final-blob-10.stderr": "e3b0c44298fc1c149afbf4c8996fb92427ae41e4649b934ca495991b7852b855",
    "audits/2026-10-11-n45-s-long-s-fibre/logs/seal-2-final-blob-10.stdout": "8f9f3e52f54d2d966ae7e2d985b7d55647daec4e40ef84009ff110b2415e5c1a",
    "audits/2026-10-11-n45-s-long-s-fibre/logs/seal-2-final-blob-11.json": "c62eabef1d62cb720cb4773f238175107c100ad6447a4f094894f454fcb5348c",
    "audits/2026-10-11-n45-s-long-s-fibre/logs/seal-2-final-blob-11.stderr": "e3b0c44298fc1c149afbf4c8996fb92427ae41e4649b934ca495991b7852b855",
    "audits/2026-10-11-n45-s-long-s-fibre/logs/seal-2-final-blob-11.stdout": "7bda7511eebb9bc55ce1255edfb6fc2eacd43f56ff0014bb0ef9de193a30b8ba",
    "audits/2026-10-11-n45-s-long-s-fibre/logs/seal-2-final-blob-12.json": "d32aa19d30ee0f8733f22f33098ab824afb8f57a24db86f75d9583b80e78c4a4",
    "audits/2026-10-11-n45-s-long-s-fibre/logs/seal-2-final-blob-12.stderr": "e3b0c44298fc1c149afbf4c8996fb92427ae41e4649b934ca495991b7852b855",
    "audits/2026-10-11-n45-s-long-s-fibre/logs/seal-2-final-blob-12.stdout": "a0135559f8d28144eb41434236dc2d627685c3a52e78e906fc7334577bcdae60",
    "audits/2026-10-11-n45-s-long-s-fibre/logs/seal-2-final-blob-13.json": "7b552ab84f1965b491b7a1a7cad0f3e8151205d935fd4498461e611a9292ab16",
    "audits/2026-10-11-n45-s-long-s-fibre/logs/seal-2-final-blob-13.stderr": "e3b0c44298fc1c149afbf4c8996fb92427ae41e4649b934ca495991b7852b855",
    "audits/2026-10-11-n45-s-long-s-fibre/logs/seal-2-final-blob-13.stdout": "6056f93106a7107f0f645f4b407e724497680b249e81fd8bbfa85b9e05e8b498",
    "audits/2026-10-11-n45-s-long-s-fibre/logs/seal-2-final-blob-14.json": "9167b19315aded2ab4c8c62e39540c4ff8983c3ea5a30e1a9fa0fb59ebe0e183",
    "audits/2026-10-11-n45-s-long-s-fibre/logs/seal-2-final-blob-14.stderr": "e3b0c44298fc1c149afbf4c8996fb92427ae41e4649b934ca495991b7852b855",
    "audits/2026-10-11-n45-s-long-s-fibre/logs/seal-2-final-blob-14.stdout": "4710c1f45d4eb6923ab421efc8bdb6b622f4347a7dcc321acdafedd8ae424e8a",
    "audits/2026-10-11-n45-s-long-s-fibre/logs/seal-2-final-blob-15.json": "641c102f98eeef36dad4fcb1d26d597bca67d2aa4e52586f1858c55bcdf6669b",
    "audits/2026-10-11-n45-s-long-s-fibre/logs/seal-2-final-blob-15.stderr": "e3b0c44298fc1c149afbf4c8996fb92427ae41e4649b934ca495991b7852b855",
    "audits/2026-10-11-n45-s-long-s-fibre/logs/seal-2-final-blob-15.stdout": "6c61b9a89223949f51e389da43753fc55f024dac3ac1dc644c41515a2ea162b6",
    "audits/2026-10-11-n45-s-long-s-fibre/logs/seal-2-final-blob-16.json": "ccaa86b253a4fd0c3d64d03883a2eea4ef1d63209bf8db906bb21a0938117d97",
    "audits/2026-10-11-n45-s-long-s-fibre/logs/seal-2-final-blob-16.stderr": "e3b0c44298fc1c149afbf4c8996fb92427ae41e4649b934ca495991b7852b855",
    "audits/2026-10-11-n45-s-long-s-fibre/logs/seal-2-final-blob-16.stdout": "b7670c52abc91fee0e85f78e01b8c59e59f204fcaeb7199786f2cafb5c8b4813",
    "audits/2026-10-11-n45-s-long-s-fibre/logs/seal-2-final-blob-17.json": "43fcf9e7b0214e5009368340188ca1d74937f78d28928445deadf1c5add20add",
    "audits/2026-10-11-n45-s-long-s-fibre/logs/seal-2-final-blob-17.stderr": "e3b0c44298fc1c149afbf4c8996fb92427ae41e4649b934ca495991b7852b855",
    "audits/2026-10-11-n45-s-long-s-fibre/logs/seal-2-final-blob-17.stdout": "5d68799ee45370b104085ea716cc23077259e76d1412ecc1136b911c5df76511",
    "audits/2026-10-11-n45-s-long-s-fibre/logs/seal-2-final-blob-18.json": "0c1d227f3be3f9b908e1ecc17186a565a7fc038d9557f995ad3905d1b1b3907c",
    "audits/2026-10-11-n45-s-long-s-fibre/logs/seal-2-final-blob-18.stderr": "e3b0c44298fc1c149afbf4c8996fb92427ae41e4649b934ca495991b7852b855",
    "audits/2026-10-11-n45-s-long-s-fibre/logs/seal-2-final-blob-18.stdout": "f5550c11e9e6a2ba2cb56e08e20d06eb980bbcd6842858bc21aa808a4c766579",
    "audits/2026-10-11-n45-s-long-s-fibre/logs/seal-2-final-blob-19.json": "0bce8edcfebf2f71d52633b2713c6ff2895f022598c53ce0b0cf8e5dd4512874",
    "audits/2026-10-11-n45-s-long-s-fibre/logs/seal-2-final-blob-19.stderr": "e3b0c44298fc1c149afbf4c8996fb92427ae41e4649b934ca495991b7852b855",
    "audits/2026-10-11-n45-s-long-s-fibre/logs/seal-2-final-blob-19.stdout": "14338226724adb49fa5151633129167607f8dd60f8e393a1b29b4e81e1e80f57",
    "audits/2026-10-11-n45-s-long-s-fibre/logs/seal-2-final-blob-2.json": "3b98d2450db529e7ef1b5abfc732faffc697342a1b1ec89571c56cec9cf227ca",
    "audits/2026-10-11-n45-s-long-s-fibre/logs/seal-2-final-blob-2.stderr": "e3b0c44298fc1c149afbf4c8996fb92427ae41e4649b934ca495991b7852b855",
    "audits/2026-10-11-n45-s-long-s-fibre/logs/seal-2-final-blob-2.stdout": "4f4b495cbd1883fe6109f274ab183da9d8a4e7ac84dff920a7fdab63e2aef64d",
    "audits/2026-10-11-n45-s-long-s-fibre/logs/seal-2-final-blob-20.json": "887e6db73307c3e6307a06ddd638e77fe1e758009fec45c7c3eb3c6ce14f7585",
    "audits/2026-10-11-n45-s-long-s-fibre/logs/seal-2-final-blob-20.stderr": "e3b0c44298fc1c149afbf4c8996fb92427ae41e4649b934ca495991b7852b855",
    "audits/2026-10-11-n45-s-long-s-fibre/logs/seal-2-final-blob-20.stdout": "199dc898c4e1d9a16f093f7dc1d9568ecaa20dec28d2857aed03fe12e171e3a5",
    "audits/2026-10-11-n45-s-long-s-fibre/logs/seal-2-final-blob-21.json": "8bf7241d902fdd0cca68d4d35fc27aba1243e63dc9711bdaecd8be75493b164d",
    "audits/2026-10-11-n45-s-long-s-fibre/logs/seal-2-final-blob-21.stderr": "e3b0c44298fc1c149afbf4c8996fb92427ae41e4649b934ca495991b7852b855",
    "audits/2026-10-11-n45-s-long-s-fibre/logs/seal-2-final-blob-21.stdout": "f51182da566b7948c1f84a33a61c540d51fe9de8aad9381f7d837f40a827b13d",
    "audits/2026-10-11-n45-s-long-s-fibre/logs/seal-2-final-blob-22.json": "8a5734af4491053a7fb32b73f6e9bf0035572d14b848c1ffa67dcaccba2a2204",
    "audits/2026-10-11-n45-s-long-s-fibre/logs/seal-2-final-blob-22.stderr": "e3b0c44298fc1c149afbf4c8996fb92427ae41e4649b934ca495991b7852b855",
    "audits/2026-10-11-n45-s-long-s-fibre/logs/seal-2-final-blob-22.stdout": "1be8d8ec82de7f9bf45205ba325efd26870c7a71bdfe351be4991203dd903732",
    "audits/2026-10-11-n45-s-long-s-fibre/logs/seal-2-final-blob-23.json": "7a7010265cdfa819f28de25caf77da3f129ef7581c8b03089d9127521cebe534",
    "audits/2026-10-11-n45-s-long-s-fibre/logs/seal-2-final-blob-23.stderr": "e3b0c44298fc1c149afbf4c8996fb92427ae41e4649b934ca495991b7852b855",
    "audits/2026-10-11-n45-s-long-s-fibre/logs/seal-2-final-blob-23.stdout": "920da8a46831edad442a7395bf02e94753e5a041e0099339eb93fc0d8c112bde",
    "audits/2026-10-11-n45-s-long-s-fibre/logs/seal-2-final-blob-24.json": "1284e8195ab868d2dda3a2785c8c131f7b0fedb90b4b0b7f545846e96b2091a1",
    "audits/2026-10-11-n45-s-long-s-fibre/logs/seal-2-final-blob-24.stderr": "e3b0c44298fc1c149afbf4c8996fb92427ae41e4649b934ca495991b7852b855",
    "audits/2026-10-11-n45-s-long-s-fibre/logs/seal-2-final-blob-24.stdout": "0b84179e3493422cc571450d10ed969d2039908465f641db96985c65374b0530",
    "audits/2026-10-11-n45-s-long-s-fibre/logs/seal-2-final-blob-25.json": "09c05c7cc626e734eceae77335923c352be025466a23840fac7e34b4f0718720",
    "audits/2026-10-11-n45-s-long-s-fibre/logs/seal-2-final-blob-25.stderr": "e3b0c44298fc1c149afbf4c8996fb92427ae41e4649b934ca495991b7852b855",
    "audits/2026-10-11-n45-s-long-s-fibre/logs/seal-2-final-blob-25.stdout": "1dc72464b2bb66440badb89a2cd7607d50c1312ecc5da1f030be95536de9b427",
    "audits/2026-10-11-n45-s-long-s-fibre/logs/seal-2-final-blob-26.json": "7357731be03764d94ca93c13157e85cc88cd3ff796f73ce434e5ac20d3009de5",
    "audits/2026-10-11-n45-s-long-s-fibre/logs/seal-2-final-blob-26.stderr": "e3b0c44298fc1c149afbf4c8996fb92427ae41e4649b934ca495991b7852b855",
    "audits/2026-10-11-n45-s-long-s-fibre/logs/seal-2-final-blob-26.stdout": "61b71524fc742bbed55d24388668495efadf9f4cecc1aa320ad7e918732aa169",
    "audits/2026-10-11-n45-s-long-s-fibre/logs/seal-2-final-blob-27.json": "25b7a3d1f388258cd45d9205edf06b1ed6019a1df81dedcaa12e9dee603c3f39",
    "audits/2026-10-11-n45-s-long-s-fibre/logs/seal-2-final-blob-27.stderr": "e3b0c44298fc1c149afbf4c8996fb92427ae41e4649b934ca495991b7852b855",
    "audits/2026-10-11-n45-s-long-s-fibre/logs/seal-2-final-blob-27.stdout": "8718120863fa42a771681b9e45b67ba73cd55a43b5a2fc214d4390ecd5250a46",
    "audits/2026-10-11-n45-s-long-s-fibre/logs/seal-2-final-blob-28.json": "fbd210deda5a25168fd2216970a29719fcec9ed0f8b7a7ee75fefda960c7a487",
    "audits/2026-10-11-n45-s-long-s-fibre/logs/seal-2-final-blob-28.stderr": "e3b0c44298fc1c149afbf4c8996fb92427ae41e4649b934ca495991b7852b855",
    "audits/2026-10-11-n45-s-long-s-fibre/logs/seal-2-final-blob-28.stdout": "5a3ecd58065e3d77dc633138966735733db65d981c134bea8e18004697f64d7c",
    "audits/2026-10-11-n45-s-long-s-fibre/logs/seal-2-final-blob-29.json": "82fd5abf2570c0bdb3b19f1cd06d727cad060a41f7b0f25e236b8e47243140e4",
    "audits/2026-10-11-n45-s-long-s-fibre/logs/seal-2-final-blob-29.stderr": "e3b0c44298fc1c149afbf4c8996fb92427ae41e4649b934ca495991b7852b855",
    "audits/2026-10-11-n45-s-long-s-fibre/logs/seal-2-final-blob-29.stdout": "863c0b3c3656cb2e723537dcc8dc0d4f704afe808667e4fd7ac9d19db340464d",
    "audits/2026-10-11-n45-s-long-s-fibre/logs/seal-2-final-blob-3.json": "8e4d7bff9a44238d1f364851dd7582312570d5f44c44597883c87e1b1eee1721",
    "audits/2026-10-11-n45-s-long-s-fibre/logs/seal-2-final-blob-3.stderr": "e3b0c44298fc1c149afbf4c8996fb92427ae41e4649b934ca495991b7852b855",
    "audits/2026-10-11-n45-s-long-s-fibre/logs/seal-2-final-blob-3.stdout": "d34291e71e39b361e485435acbf3985bc8ed6751788bf75b380fd4ab20a94ad5",
    "audits/2026-10-11-n45-s-long-s-fibre/logs/seal-2-final-blob-30.json": "6cb6ae075fb0d7e831490f1666b47c302a93030d012153ec7863f535bc9c22fc",
    "audits/2026-10-11-n45-s-long-s-fibre/logs/seal-2-final-blob-30.stderr": "e3b0c44298fc1c149afbf4c8996fb92427ae41e4649b934ca495991b7852b855",
    "audits/2026-10-11-n45-s-long-s-fibre/logs/seal-2-final-blob-30.stdout": "fde1720981c77a06b9b415cdc43f0a477f89bef164225aceb2ac87ca9e98e383",
    "audits/2026-10-11-n45-s-long-s-fibre/logs/seal-2-final-blob-31.json": "fc6bedd987da9f08ad63f674d5eb14d0eef93fec10f6b8120c11950e3aa4edff",
    "audits/2026-10-11-n45-s-long-s-fibre/logs/seal-2-final-blob-31.stderr": "e3b0c44298fc1c149afbf4c8996fb92427ae41e4649b934ca495991b7852b855",
    "audits/2026-10-11-n45-s-long-s-fibre/logs/seal-2-final-blob-31.stdout": "06a5e23592a7e891577ba1303fb314d46b5cf5702d483a74c64a228dc6bc1ec9",
    "audits/2026-10-11-n45-s-long-s-fibre/logs/seal-2-final-blob-32.json": "7185e7903c42ca56701d5e58b24ff73cb297f7a0b2d3114f81b1d07c28723e88",
    "audits/2026-10-11-n45-s-long-s-fibre/logs/seal-2-final-blob-32.stderr": "e3b0c44298fc1c149afbf4c8996fb92427ae41e4649b934ca495991b7852b855",
    "audits/2026-10-11-n45-s-long-s-fibre/logs/seal-2-final-blob-32.stdout": "22de8c1a4ebc2c26245e9098f488aaa637a684a88a0e75c7b72b9aae7488a85a",
    "audits/2026-10-11-n45-s-long-s-fibre/logs/seal-2-final-blob-33.json": "5335ec6d75de8526695cdb69726253ebb3302a4117b57339f58641f798203d7e",
    "audits/2026-10-11-n45-s-long-s-fibre/logs/seal-2-final-blob-33.stderr": "e3b0c44298fc1c149afbf4c8996fb92427ae41e4649b934ca495991b7852b855",
    "audits/2026-10-11-n45-s-long-s-fibre/logs/seal-2-final-blob-33.stdout": "6658e090c36cdfd6cfa461d90841d3ccf0f105290148e69e73cde35f2b700ec1",
    "audits/2026-10-11-n45-s-long-s-fibre/logs/seal-2-final-blob-34.json": "a96cf0165a6df4b01ce61bf9e5476b887df37b058ada11c85ccd72f4e5ee1859",
    "audits/2026-10-11-n45-s-long-s-fibre/logs/seal-2-final-blob-34.stderr": "e3b0c44298fc1c149afbf4c8996fb92427ae41e4649b934ca495991b7852b855",
    "audits/2026-10-11-n45-s-long-s-fibre/logs/seal-2-final-blob-34.stdout": "77ab5bfe335931615d7b4ac62ae9795a6215140c01f4ee12cfa78a976cfe10d5",
    "audits/2026-10-11-n45-s-long-s-fibre/logs/seal-2-final-blob-35.json": "77b471fbc353d086f0c736cc5ee3e928f5d0cd59646e98be8642e28eb782680b",
    "audits/2026-10-11-n45-s-long-s-fibre/logs/seal-2-final-blob-35.stderr": "e3b0c44298fc1c149afbf4c8996fb92427ae41e4649b934ca495991b7852b855",
    "audits/2026-10-11-n45-s-long-s-fibre/logs/seal-2-final-blob-35.stdout": "61eb252a0ae0d93affe5a68216a54213689cd06732541d3fd08d063550c373fd",
    "audits/2026-10-11-n45-s-long-s-fibre/logs/seal-2-final-blob-36.json": "8fe8ef19194124349ffe5a425f2447bb129bc7f615a47fe3dfce6e9df416a3f4",
    "audits/2026-10-11-n45-s-long-s-fibre/logs/seal-2-final-blob-36.stderr": "e3b0c44298fc1c149afbf4c8996fb92427ae41e4649b934ca495991b7852b855",
    "audits/2026-10-11-n45-s-long-s-fibre/logs/seal-2-final-blob-36.stdout": "c50d0b0a7b0e5ee0926fe9d6160f2c3b830a232c76942c4f86abb8b0662e20f8",
    "audits/2026-10-11-n45-s-long-s-fibre/logs/seal-2-final-blob-37.json": "8336494635a177592cd068c902f7ecea702d134e8789364451124387093fc954",
    "audits/2026-10-11-n45-s-long-s-fibre/logs/seal-2-final-blob-37.stderr": "e3b0c44298fc1c149afbf4c8996fb92427ae41e4649b934ca495991b7852b855",
    "audits/2026-10-11-n45-s-long-s-fibre/logs/seal-2-final-blob-37.stdout": "176fb650fe74a5c0aa8ef22ef69e8122f62974fae807e686f062ac4e3310a088",
    "audits/2026-10-11-n45-s-long-s-fibre/logs/seal-2-final-blob-38.json": "04af23b2319f7b9450d7f5a36c40d380f1d8acaab8ec2d905aedb6693174df9b",
    "audits/2026-10-11-n45-s-long-s-fibre/logs/seal-2-final-blob-38.stderr": "e3b0c44298fc1c149afbf4c8996fb92427ae41e4649b934ca495991b7852b855",
    "audits/2026-10-11-n45-s-long-s-fibre/logs/seal-2-final-blob-38.stdout": "82b358d4d93f77721119480bb9a696266216d09cc09da75937846e921a290907",
    "audits/2026-10-11-n45-s-long-s-fibre/logs/seal-2-final-blob-39.json": "ae48527ae24d1eb30b99d93bf3d71cf1048a9936e963bb3b6a1944952d8cfd6b",
    "audits/2026-10-11-n45-s-long-s-fibre/logs/seal-2-final-blob-39.stderr": "e3b0c44298fc1c149afbf4c8996fb92427ae41e4649b934ca495991b7852b855",
    "audits/2026-10-11-n45-s-long-s-fibre/logs/seal-2-final-blob-39.stdout": "689306a41814b5f76341d516537f3b09336410369dffdd8ee0dfbf8787b63d26",
    "audits/2026-10-11-n45-s-long-s-fibre/logs/seal-2-final-blob-4.json": "54f71bafa74a7dd225eda9167028cb1c3fda81e20a8a2d64cabe503f4b5764f9",
    "audits/2026-10-11-n45-s-long-s-fibre/logs/seal-2-final-blob-4.stderr": "e3b0c44298fc1c149afbf4c8996fb92427ae41e4649b934ca495991b7852b855",
    "audits/2026-10-11-n45-s-long-s-fibre/logs/seal-2-final-blob-4.stdout": "92577c696e2d3993d80f7c3c4d58c6a71a22a47105dea0d5172022bd711a6590",
    "audits/2026-10-11-n45-s-long-s-fibre/logs/seal-2-final-blob-40.json": "940587bc3a40c5bc7ae517758379699e1cc5d7044ad804031ca7426ce10f3a0b",
    "audits/2026-10-11-n45-s-long-s-fibre/logs/seal-2-final-blob-40.stderr": "e3b0c44298fc1c149afbf4c8996fb92427ae41e4649b934ca495991b7852b855",
    "audits/2026-10-11-n45-s-long-s-fibre/logs/seal-2-final-blob-40.stdout": "c9859f28e414ef1b7b5ae004762931cbb8998cd0689a21cbbb5d41a8f9051ace",
    "audits/2026-10-11-n45-s-long-s-fibre/logs/seal-2-final-blob-41.json": "2c1990693062f6847f9f03fb214fb311d1299981b6cdbe3459e7959e761ea14a",
    "audits/2026-10-11-n45-s-long-s-fibre/logs/seal-2-final-blob-41.stderr": "e3b0c44298fc1c149afbf4c8996fb92427ae41e4649b934ca495991b7852b855",
    "audits/2026-10-11-n45-s-long-s-fibre/logs/seal-2-final-blob-41.stdout": "cadee63a8e7b04e39249b8e4b7e9bab2f575e4fdf6ac3683800603f4bfb79e6e",
    "audits/2026-10-11-n45-s-long-s-fibre/logs/seal-2-final-blob-42.json": "28ffc0c31b949211490b9c4e13f4ab627630781b47802892a57989ad147dff6f",
    "audits/2026-10-11-n45-s-long-s-fibre/logs/seal-2-final-blob-42.stderr": "e3b0c44298fc1c149afbf4c8996fb92427ae41e4649b934ca495991b7852b855",
    "audits/2026-10-11-n45-s-long-s-fibre/logs/seal-2-final-blob-42.stdout": "19be50f443ec4c0afb2e8aad58c6cfb82aa1b5c69a6a7fd280fdadad389a06d2",
    "audits/2026-10-11-n45-s-long-s-fibre/logs/seal-2-final-blob-43.json": "4562c255c4c60c6488c283527e9a8076e7d45bb961cbb2f688ec49b5af14a08a",
    "audits/2026-10-11-n45-s-long-s-fibre/logs/seal-2-final-blob-43.stderr": "e3b0c44298fc1c149afbf4c8996fb92427ae41e4649b934ca495991b7852b855",
    "audits/2026-10-11-n45-s-long-s-fibre/logs/seal-2-final-blob-43.stdout": "582ffc7f7cedb196b57d492db9d0383a402748a3b1d60089da47bdb7bd065071",
    "audits/2026-10-11-n45-s-long-s-fibre/logs/seal-2-final-blob-44.json": "900e5ac1989fdfc4a0127f6c8e0b954c7e2799b76b239b82f2540d13e02603d9",
    "audits/2026-10-11-n45-s-long-s-fibre/logs/seal-2-final-blob-44.stderr": "e3b0c44298fc1c149afbf4c8996fb92427ae41e4649b934ca495991b7852b855",
    "audits/2026-10-11-n45-s-long-s-fibre/logs/seal-2-final-blob-44.stdout": "86e53a7c6beed0d69f93cc2187e7f3d63c069eaa4591d3db33e707383cec9876",
    "audits/2026-10-11-n45-s-long-s-fibre/logs/seal-2-final-blob-45.json": "8b24a2acf2e86f57978aa2b72391353b8d5d22b470ea32086ae2c756df466c9d",
    "audits/2026-10-11-n45-s-long-s-fibre/logs/seal-2-final-blob-45.stderr": "e3b0c44298fc1c149afbf4c8996fb92427ae41e4649b934ca495991b7852b855",
    "audits/2026-10-11-n45-s-long-s-fibre/logs/seal-2-final-blob-45.stdout": "16a7a3d125c040b01e1dec8f4690f23fefb15d5c8f29ae5f18efdd60fbb3a349",
    "audits/2026-10-11-n45-s-long-s-fibre/logs/seal-2-final-blob-46.json": "1c7c03875c7063c59a22c866508e8d06c499d0303db503393c0fe254151e7621",
    "audits/2026-10-11-n45-s-long-s-fibre/logs/seal-2-final-blob-46.stderr": "e3b0c44298fc1c149afbf4c8996fb92427ae41e4649b934ca495991b7852b855",
    "audits/2026-10-11-n45-s-long-s-fibre/logs/seal-2-final-blob-46.stdout": "7f6a619b09c982833c6716941b95013dc3ea2841bf8495fec555a2500d090af7",
    "audits/2026-10-11-n45-s-long-s-fibre/logs/seal-2-final-blob-47.json": "b83ffacbed6ecbccf9a93d1e553b900c7d5eee66ceb2565ce183599f6ecae527",
    "audits/2026-10-11-n45-s-long-s-fibre/logs/seal-2-final-blob-47.stderr": "e3b0c44298fc1c149afbf4c8996fb92427ae41e4649b934ca495991b7852b855",
    "audits/2026-10-11-n45-s-long-s-fibre/logs/seal-2-final-blob-47.stdout": "57995f9d75179d1e948575d974b52e1b555298ce53865911737865f8eed09e05",
    "audits/2026-10-11-n45-s-long-s-fibre/logs/seal-2-final-blob-48.json": "01dcaa8ffd12bfbe2cd7920959e3afabdca7b99d542a7b3b980f65e3f3446337",
    "audits/2026-10-11-n45-s-long-s-fibre/logs/seal-2-final-blob-48.stderr": "e3b0c44298fc1c149afbf4c8996fb92427ae41e4649b934ca495991b7852b855",
    "audits/2026-10-11-n45-s-long-s-fibre/logs/seal-2-final-blob-48.stdout": "cf2ddaca53718fe6fa88bf564b0afdd7c10114478841f707f59cd4dc9d2e5e34",
    "audits/2026-10-11-n45-s-long-s-fibre/logs/seal-2-final-blob-49.json": "f5cf9eb056bf0ab486886b95a4df47a15347b94572a0b2ceba628346740975a2",
    "audits/2026-10-11-n45-s-long-s-fibre/logs/seal-2-final-blob-49.stderr": "e3b0c44298fc1c149afbf4c8996fb92427ae41e4649b934ca495991b7852b855",
    "audits/2026-10-11-n45-s-long-s-fibre/logs/seal-2-final-blob-49.stdout": "cb06db24a830277faacf49556d6261663668fada65105d61236ce37b2b2e8dae",
    "audits/2026-10-11-n45-s-long-s-fibre/logs/seal-2-final-blob-5.json": "0b012beaf744f493678aa0fadd76e99751d5903827223f523ef4a4f120cc2d5c",
    "audits/2026-10-11-n45-s-long-s-fibre/logs/seal-2-final-blob-5.stderr": "e3b0c44298fc1c149afbf4c8996fb92427ae41e4649b934ca495991b7852b855",
    "audits/2026-10-11-n45-s-long-s-fibre/logs/seal-2-final-blob-5.stdout": "b2b33a3ef8951578e03d0041ec7640dd362e1d18827b7c9ee53ef6ba08651481",
    "audits/2026-10-11-n45-s-long-s-fibre/logs/seal-2-final-blob-50.json": "35cba2988b063db6462d381cdb8f13f93b257c4a3cbc40ecbdb319802bca9259",
    "audits/2026-10-11-n45-s-long-s-fibre/logs/seal-2-final-blob-50.stderr": "e3b0c44298fc1c149afbf4c8996fb92427ae41e4649b934ca495991b7852b855",
    "audits/2026-10-11-n45-s-long-s-fibre/logs/seal-2-final-blob-50.stdout": "8da09c058eb29add5968a657bfa33fa1e2fe5f3afad4bff58e078963ac2a10e4",
    "audits/2026-10-11-n45-s-long-s-fibre/logs/seal-2-final-blob-51.json": "098f6c8ab05015c275ce650e08e87a2178acb19b8e3206f1fab761b003d432e3",
    "audits/2026-10-11-n45-s-long-s-fibre/logs/seal-2-final-blob-51.stderr": "e3b0c44298fc1c149afbf4c8996fb92427ae41e4649b934ca495991b7852b855",
    "audits/2026-10-11-n45-s-long-s-fibre/logs/seal-2-final-blob-51.stdout": "9604c497bf8cc8bd2edf36755e143e53c45b05c14c38645ef531ea89195c833d",
    "audits/2026-10-11-n45-s-long-s-fibre/logs/seal-2-final-blob-52.json": "24079911eecbcd6e38fb7b82d2308c139d93b259b5e12978ba7cd9cb62126ca2",
    "audits/2026-10-11-n45-s-long-s-fibre/logs/seal-2-final-blob-52.stderr": "e3b0c44298fc1c149afbf4c8996fb92427ae41e4649b934ca495991b7852b855",
    "audits/2026-10-11-n45-s-long-s-fibre/logs/seal-2-final-blob-52.stdout": "e0aa5a8d3f7f7d1c01f9c1f3bbc7c5bd45772600afcbfb467507a9610b9ea2ad",
    "audits/2026-10-11-n45-s-long-s-fibre/logs/seal-2-final-blob-53.json": "7cf340407cb1f5517dcd3922140f5fdc52480a770c39a3571ef1b9a57d0b2620",
    "audits/2026-10-11-n45-s-long-s-fibre/logs/seal-2-final-blob-53.stderr": "e3b0c44298fc1c149afbf4c8996fb92427ae41e4649b934ca495991b7852b855",
    "audits/2026-10-11-n45-s-long-s-fibre/logs/seal-2-final-blob-53.stdout": "7655703dd04e6bc1482f528564396f5c1ead69669e5ac2e88ef6d6420c62c1ab",
    "audits/2026-10-11-n45-s-long-s-fibre/logs/seal-2-final-blob-54.json": "a410076233f94d4b492169c8b175d0d720197b233a2f0371bab536c3f43d9973",
    "audits/2026-10-11-n45-s-long-s-fibre/logs/seal-2-final-blob-54.stderr": "e3b0c44298fc1c149afbf4c8996fb92427ae41e4649b934ca495991b7852b855",
    "audits/2026-10-11-n45-s-long-s-fibre/logs/seal-2-final-blob-54.stdout": "006b46e7c9756eec8cbecd5fa5dc2c902940e4aefa10c822de5b46dbf6d95782",
    "audits/2026-10-11-n45-s-long-s-fibre/logs/seal-2-final-blob-55.json": "4633948992c18701b2ca88b56aaffaf9a25cd0a97306fb941549b6ad87e79280",
    "audits/2026-10-11-n45-s-long-s-fibre/logs/seal-2-final-blob-55.stderr": "e3b0c44298fc1c149afbf4c8996fb92427ae41e4649b934ca495991b7852b855",
    "audits/2026-10-11-n45-s-long-s-fibre/logs/seal-2-final-blob-55.stdout": "bfb505d2c8ee687257e97cba56a631f3537c9289e69456bd8834e6ec29ff9a99",
    "audits/2026-10-11-n45-s-long-s-fibre/logs/seal-2-final-blob-56.json": "69140e110002c2740539a21b186fbf1cf7ca53ce0b59f35b00f447f669a405a3",
    "audits/2026-10-11-n45-s-long-s-fibre/logs/seal-2-final-blob-56.stderr": "e3b0c44298fc1c149afbf4c8996fb92427ae41e4649b934ca495991b7852b855",
    "audits/2026-10-11-n45-s-long-s-fibre/logs/seal-2-final-blob-56.stdout": "7571ffbf9aa85846c73109fc53b3ae46feacec6cf9052f7db771f7be4d52dfce",
    "audits/2026-10-11-n45-s-long-s-fibre/logs/seal-2-final-blob-57.json": "c00127aa76de68c143f05be3539888cf3ec5a564e27387ec3bef500e62dc9d8c",
    "audits/2026-10-11-n45-s-long-s-fibre/logs/seal-2-final-blob-57.stderr": "e3b0c44298fc1c149afbf4c8996fb92427ae41e4649b934ca495991b7852b855",
    "audits/2026-10-11-n45-s-long-s-fibre/logs/seal-2-final-blob-57.stdout": "51fcbcf15cc18ad0adf22d8bc0633de0c5be69e8ac84409edf1efa6032001fd0",
    "audits/2026-10-11-n45-s-long-s-fibre/logs/seal-2-final-blob-6.json": "fb4a42bdcc67302f7ea30553db151e7d7e788c17fda3561c27cb4ffc5d119f48",
    "audits/2026-10-11-n45-s-long-s-fibre/logs/seal-2-final-blob-6.stderr": "e3b0c44298fc1c149afbf4c8996fb92427ae41e4649b934ca495991b7852b855",
    "audits/2026-10-11-n45-s-long-s-fibre/logs/seal-2-final-blob-6.stdout": "c4b965537bae22baae64382de61097e646a711aec774588c6fd4811a151cbbf0",
    "audits/2026-10-11-n45-s-long-s-fibre/logs/seal-2-final-blob-7.json": "bc364013836126b173b15b495e8237f92b17aad01b5c0e489ac3e13aeafa9979",
    "audits/2026-10-11-n45-s-long-s-fibre/logs/seal-2-final-blob-7.stderr": "e3b0c44298fc1c149afbf4c8996fb92427ae41e4649b934ca495991b7852b855",
    "audits/2026-10-11-n45-s-long-s-fibre/logs/seal-2-final-blob-7.stdout": "0d9f76673753c0f3b919b5d27753684525f1bd230f22fae074b1d5a9fb3a1771",
    "audits/2026-10-11-n45-s-long-s-fibre/logs/seal-2-final-blob-8.json": "8e4c41592e51321a5f0c8e2d80f90e655f06ef6fab7061d7a3d2634092058f55",
    "audits/2026-10-11-n45-s-long-s-fibre/logs/seal-2-final-blob-8.stderr": "e3b0c44298fc1c149afbf4c8996fb92427ae41e4649b934ca495991b7852b855",
    "audits/2026-10-11-n45-s-long-s-fibre/logs/seal-2-final-blob-8.stdout": "6149d9083336c796205515f303c242d2c2bed17167d8f636ea60be28c6143df7",
    "audits/2026-10-11-n45-s-long-s-fibre/logs/seal-2-final-blob-9.json": "677e7ea422f40f89fdacbc2b8889a792ea389b7b426ea20622274cd6fdbb5d80",
    "audits/2026-10-11-n45-s-long-s-fibre/logs/seal-2-final-blob-9.stderr": "e3b0c44298fc1c149afbf4c8996fb92427ae41e4649b934ca495991b7852b855",
    "audits/2026-10-11-n45-s-long-s-fibre/logs/seal-2-final-blob-9.stdout": "4b562d04081bdb38f3d910d377b885e108af8ea360bd1c04273a20893ba922fb",
    "audits/2026-10-11-n45-s-long-s-fibre/logs/seal-2-final-git-diff-check.json": "0d7bf9f5e7a6f68f184b4116be558dfae4775145e14d26fb13e5b7ed6d081606",
    "audits/2026-10-11-n45-s-long-s-fibre/logs/seal-2-final-git-diff-check.stderr": "e3b0c44298fc1c149afbf4c8996fb92427ae41e4649b934ca495991b7852b855",
    "audits/2026-10-11-n45-s-long-s-fibre/logs/seal-2-final-git-diff-check.stdout": "e3b0c44298fc1c149afbf4c8996fb92427ae41e4649b934ca495991b7852b855",
    "audits/2026-10-11-n45-s-long-s-fibre/logs/seal-2-final-head.json": "68822461a762b2fda9ac9ac9cbf67971e03f987b87ebda4f2d65169e33b2e6b6",
    "audits/2026-10-11-n45-s-long-s-fibre/logs/seal-2-final-head.stderr": "e3b0c44298fc1c149afbf4c8996fb92427ae41e4649b934ca495991b7852b855",
    "audits/2026-10-11-n45-s-long-s-fibre/logs/seal-2-final-head.stdout": "16e804f6094994c7b76ee5802af06752d5671c5baa6ed332b2bca09896bb78f9",
    "audits/2026-10-11-n45-s-long-s-fibre/logs/seal-2-final-tracked-diff.json": "b15b58974b6497ba601813acd5167102e6b47936f346a09ac9268da656087f6c",
    "audits/2026-10-11-n45-s-long-s-fibre/logs/seal-2-final-tracked-diff.stderr": "e3b0c44298fc1c149afbf4c8996fb92427ae41e4649b934ca495991b7852b855",
    "audits/2026-10-11-n45-s-long-s-fibre/logs/seal-2-final-tracked-diff.stdout": "e3b0c44298fc1c149afbf4c8996fb92427ae41e4649b934ca495991b7852b855",
    "audits/2026-10-11-n45-s-long-s-fibre/logs/seal-2-final-worktree-status.json": "4eb92e1bba4eb00b5a5ad64f871b00d7a44f3a085ced8f5ad847926e8b48587f",
    "audits/2026-10-11-n45-s-long-s-fibre/logs/seal-2-final-worktree-status.stderr": "e3b0c44298fc1c149afbf4c8996fb92427ae41e4649b934ca495991b7852b855",
    "audits/2026-10-11-n45-s-long-s-fibre/logs/seal-2-final-worktree-status.stdout": "14f11a4a192fee7189756eb54612b7a4c6505ffcdda164f630034cdceaaa18aa",
    "audits/2026-10-11-n45-s-long-s-fibre/logs/seal-attempt1.json": "0415987027aa22e831bb4b36e94e6029d80f130a075ca048479e2be69d59a453",
    "audits/2026-10-11-n45-s-long-s-fibre/logs/seal-attempt1.stderr": "3cb3e80cccebd1eef14d9ef7285aa0ed2fc2437149f22c0f3680240945c113e7",
    "audits/2026-10-11-n45-s-long-s-fibre/logs/seal-attempt1.stdout": "e3b0c44298fc1c149afbf4c8996fb92427ae41e4649b934ca495991b7852b855",
    "audits/2026-10-11-n45-s-long-s-fibre/logs/seal-attempt2.json": "33a30f0fa61a6a1242cf7188e361b65f11329fe9b976e4e482eea3b147c7557e",
    "audits/2026-10-11-n45-s-long-s-fibre/logs/seal-attempt2.stderr": "e3b0c44298fc1c149afbf4c8996fb92427ae41e4649b934ca495991b7852b855",
    "audits/2026-10-11-n45-s-long-s-fibre/logs/seal-attempt2.stdout": "b8d69c4700d95885bc8765936646bebe519e166c96ece25098fde7c24a5ee00d",
    "audits/2026-10-11-n45-s-long-s-fibre/logs/status-before-capture.json": "f7e40012a9499ea9838ad336db544219a7fb779846605535860cec7946976cab",
    "audits/2026-10-11-n45-s-long-s-fibre/logs/status-before-capture.stderr": "e3b0c44298fc1c149afbf4c8996fb92427ae41e4649b934ca495991b7852b855",
    "audits/2026-10-11-n45-s-long-s-fibre/logs/status-before-capture.stdout": "ae0da82ef2af4d32f22aedd6c4a4a11b37b457cfb0ce874b021d8d8b4563d815",
    "audits/2026-10-11-n45-s-long-s-fibre/logs/supplement-degree4-blob.json": "d129c17ee7c38bd5120a511472b71d8e7c08ac0084d4ec4f35185b4358705f8c",
    "audits/2026-10-11-n45-s-long-s-fibre/logs/supplement-degree4-blob.stderr": "e3b0c44298fc1c149afbf4c8996fb92427ae41e4649b934ca495991b7852b855",
    "audits/2026-10-11-n45-s-long-s-fibre/logs/supplement-degree4-blob.stdout": "51fcbcf15cc18ad0adf22d8bc0633de0c5be69e8ac84409edf1efa6032001fd0",
    "audits/2026-10-11-n45-s-long-s-fibre/logs/supplement-degree4-guide.json": "31fda6b93dcaad6ee22b5ea020630f5f8dd5cc4c5e62fa3a6a78142649a8e842",
    "audits/2026-10-11-n45-s-long-s-fibre/logs/supplement-degree4-guide.stderr": "e3b0c44298fc1c149afbf4c8996fb92427ae41e4649b934ca495991b7852b855",
    "audits/2026-10-11-n45-s-long-s-fibre/logs/supplement-degree4-guide.stdout": "7ebf678a4952821f1d9a4c3faf7330bceb7f182dade789d9b330e40bfb5f3a05",
    "audits/2026-10-11-n45-s-long-s-fibre/metadata-initial/claims.json": "f208bcb887daf5ebf5e761a8be419f6a27651888525aa6476dc31c43ed7f1530",
    "audits/2026-10-11-n45-s-long-s-fibre/metadata-initial/obligations.json": "a6897c10ba28d9034148d33b5d38a753b722f0c1e32ae7a9607baf55712dd87f",
    "audits/2026-10-11-n45-s-long-s-fibre/metadata-initial/reviews.json": "6353a53230da1f91a7ad3e58378d6286f765dd858e17aa223a3e3605e8ef3e15",
    "audits/2026-10-11-n45-s-long-s-fibre/negative-corrupt-certificate.json": "efc123c5fceb12ea1d0064236e09ef291d49696d2fc650aec1c44eb24b2acfca",
    "audits/2026-10-11-n45-s-long-s-fibre/obligations.json": "49aae3994a8e43277152d0b011455d3ed0925a46aa5a16cc454f6dd182fd0a8d",
    "audits/2026-10-11-n45-s-long-s-fibre/reviews.json": "6353a53230da1f91a7ad3e58378d6286f765dd858e17aa223a3e3605e8ef3e15",
    "audits/2026-10-11-n45-s-long-s-fibre/run_checks.py": "7bb139e86701e0ac0850a8ff8abe92c875241190bc71a0e8aae49a3915953298",
    "audits/2026-10-11-n45-s-long-s-fibre/seal.py": "b416a9dd0c27611153a5f68c83f47998453f8e728d1a6f9275e2c516708b7779",
    "audits/2026-10-11-n45-s-long-s-fibre/setup.py": "c781622b3c8535ca93e28f4e7a153f6b4966607f6044b0917f4da828daec500e",
    "audits/2026-10-11-n45-s-long-s-fibre/source-findings.json": "bffd769b82430c9012b89a1935166aadfdbd50f18de618dd27e9ac1bdea31ec1",
    "audits/2026-10-11-n45-s-long-s-joint-review/REPORT.md": "d9bc24c268aabef75f35c21b4e5658f4d2f8017c80e9aa5d29dc2342fb36c61b",
    "audits/2026-10-11-n45-s-long-s-joint-review/checks.json": "a8110ff63f739828d3b603350b553068ecc99b089e3450aaaa913935cd769789",
    "audits/2026-10-11-n45-s-long-s-joint-review/custody-after.json": "183e453b07ded8c747ce1eb6b0e43511e461f4acae88011a4055a202b82aa3cc",
    "audits/2026-10-11-n45-s-long-s-joint-review/custody-before.json": "183e453b07ded8c747ce1eb6b0e43511e461f4acae88011a4055a202b82aa3cc",
    "audits/2026-10-11-n45-s-long-s-joint-review/delivery.json": "ace2a76a0695318e8c0448f5d17a965cdd408270ee2d5c3d8c88ffa94cd80c0a",
    "audits/2026-10-11-n45-s-long-s-joint-review/independent-judgment.json": "9b2da206b9fdaca05c06bd7d59088cab29e6af154866951e49c8d690963a9d81",
    "audits/2026-10-11-n45-s-long-s-joint-review/independent_custody.py": "dbd91ce19278a1f5f835f6637e6014fccc05326ee5c96ebf9bd058ded906c5c3",
    "audits/2026-10-11-n45-s-long-s-joint-review/independent_direct.py": "e484c251dc5c88ec0a32da34185b403c82269c2edf196ae093b1c4869846660b",
    "audits/2026-10-11-n45-s-long-s-joint-review/independent_mixed.py": "27496454e5d2f7d1e45d4377fdd24bdf95f9fd9660bd9ea13be681112b83401d",
    "audits/2026-10-11-n45-s-long-s-joint-review/logs/bad-C-r-colour.command.json": "4987014c32c9e54086d5d774e32801abd38eac8e2dcce0334d028e3031140125",
    "audits/2026-10-11-n45-s-long-s-joint-review/logs/bad-C-r-colour.stderr.log": "db6f081bd72cf7a7208887167e88dffb5ed9998bcd48f3ce6e7c2824dec5254a",
    "audits/2026-10-11-n45-s-long-s-joint-review/logs/bad-C-r-colour.stdout.log": "e3b0c44298fc1c149afbf4c8996fb92427ae41e4649b934ca495991b7852b855",
    "audits/2026-10-11-n45-s-long-s-joint-review/logs/delivery.command.json": "544d33753dd25d5ead0c6008e7394020b5bb4fd4a505868904a950db0875c6db",
    "audits/2026-10-11-n45-s-long-s-joint-review/logs/delivery.stderr.log": "e3b0c44298fc1c149afbf4c8996fb92427ae41e4649b934ca495991b7852b855",
    "audits/2026-10-11-n45-s-long-s-joint-review/logs/delivery.stdout.log": "b0a24e400e4813005b6a134f446c104bdaec3f6681ec00fe4fdc58cb4510bdc6",
    "audits/2026-10-11-n45-s-long-s-joint-review/logs/independent-custody.command.json": "600ce51e59a32f4a7f262704e4cfd77f0081d735d2afd43017dcf0a9ec21444e",
    "audits/2026-10-11-n45-s-long-s-joint-review/logs/independent-custody.stderr.log": "e3b0c44298fc1c149afbf4c8996fb92427ae41e4649b934ca495991b7852b855",
    "audits/2026-10-11-n45-s-long-s-joint-review/logs/independent-custody.stdout.log": "bb3fff7e684489a12ee7ba91d433c68a166ce066b1ac012cd65345416ef4f93c",
    "audits/2026-10-11-n45-s-long-s-joint-review/logs/independent-direct.command.json": "9ce601931532f887eb5e85672b2e91ade604d79810fd98af5236acb093d48f65",
    "audits/2026-10-11-n45-s-long-s-joint-review/logs/independent-direct.stderr.log": "e3b0c44298fc1c149afbf4c8996fb92427ae41e4649b934ca495991b7852b855",
    "audits/2026-10-11-n45-s-long-s-joint-review/logs/independent-direct.stdout.log": "19edda48057bfc07738e18748c1ad8c1efba3692b2b369a2133943ab370be99e",
    "audits/2026-10-11-n45-s-long-s-joint-review/logs/independent-mixed.command.json": "09dbbf541506b6168ba2f0b8df50279dcba0367c5e25c17893e7e7c2aa36907c",
    "audits/2026-10-11-n45-s-long-s-joint-review/logs/independent-mixed.stderr.log": "e3b0c44298fc1c149afbf4c8996fb92427ae41e4649b934ca495991b7852b855",
    "audits/2026-10-11-n45-s-long-s-joint-review/logs/independent-mixed.stdout.log": "03d7db169a657422e97aa0cffc61b35b5d86b9263331784a5259e3f9388307ed",
    "audits/2026-10-11-n45-s-long-s-joint-review/logs/missing-empty-ambient.command.json": "7a11faa8dc3a62a4e1df436cc2f25388c9ff9bf2078d3f6d6fd6332005f3ac7d",
    "audits/2026-10-11-n45-s-long-s-joint-review/logs/missing-empty-ambient.stderr.log": "8a888b1144da1f5f7202e90718697d74277569b59891bd95f3b1c70c03d3b472",
    "audits/2026-10-11-n45-s-long-s-joint-review/logs/missing-empty-ambient.stdout.log": "e3b0c44298fc1c149afbf4c8996fb92427ae41e4649b934ca495991b7852b855",
    "audits/2026-10-11-n45-s-long-s-joint-review/logs/normal.command.json": "2a35ba1e83333197f60e18e9eca384767d1e6f3eb706d2481c4b3fe6b8922698",
    "audits/2026-10-11-n45-s-long-s-joint-review/logs/normal.stderr.log": "e3b0c44298fc1c149afbf4c8996fb92427ae41e4649b934ca495991b7852b855",
    "audits/2026-10-11-n45-s-long-s-joint-review/logs/normal.stdout.log": "dc2a8385bd4896db3340cd8da30a95fd970acbbf5b3dc85f0764f3997654e182",
    "audits/2026-10-11-n45-s-long-s-joint-review/logs/seed17.command.json": "35920500fd7975e6ca0d0d6c6e5f3a62dedcb0e7eae450b78a4d806a848b44f0",
    "audits/2026-10-11-n45-s-long-s-joint-review/logs/seed17.stderr.log": "e3b0c44298fc1c149afbf4c8996fb92427ae41e4649b934ca495991b7852b855",
    "audits/2026-10-11-n45-s-long-s-joint-review/logs/seed17.stdout.log": "dc2a8385bd4896db3340cd8da30a95fd970acbbf5b3dc85f0764f3997654e182",
    "audits/2026-10-11-n45-s-long-s-joint-review/replay.py": "8f239ff595c70e3e51c5e4813b563926338dca7d7e72f333e441a655e02a1eb2",
    "audits/2026-10-11-n45-s-long-s-joint/REPORT.md": "147984d7b1b4dbb92ab4d30d45070297f3af886d40488ad5ead65a191c8cf4ec",
    "audits/2026-10-11-n45-s-long-s-joint/bad-C-r-colour.json": "eab6b436cb7d706f67dcb6b36e2bca22267aee60d92537dc3c0c9e59c6037aff",
    "audits/2026-10-11-n45-s-long-s-joint/boundary-attempt1.json": "7be8eaa3dd14ce3c30311b9d2d42708938524013531e361d15bba3a1529f7185",
    "audits/2026-10-11-n45-s-long-s-joint/certificate.json": "e6c48df13be670932f07c4cc9c4a79bb9e5cf58c1121e70cf57c64240d28f9de",
    "audits/2026-10-11-n45-s-long-s-joint/checker.py": "d70bdc49d32a80ed42ac05d1275d1bfe581d3e5ae42ae1e426e78f27f8f1f8cf",
    "audits/2026-10-11-n45-s-long-s-joint/checks.json": "e4a96a43c162368e778e4265a90f83997abd8ec655c0a8b36d6d44ab3d22892d",
    "audits/2026-10-11-n45-s-long-s-joint/claims.json": "d779182a99db3ebab28ac05508f7807bf4865d6831b5db79d6a4128af483ed16",
    "audits/2026-10-11-n45-s-long-s-joint/custody-after.json": "c0703d0ff55d8930388882013437cf9657b005654ee11ab40fac5343eef0e30d",
    "audits/2026-10-11-n45-s-long-s-joint/custody-before.json": "99ef33aacc2752549646905a466c096d614949663ac868b7936491ce0503207d",
    "audits/2026-10-11-n45-s-long-s-joint/delivery-verification.json": "a9cb268e983a810318b5677b010b016943581838f95684ca943a307bac59d4fe",
    "audits/2026-10-11-n45-s-long-s-joint/delivery.json": "5d73f75f6154863aaf43cf9746757135d3e538c0ec2950e12b3d0de2e213b9ed",
    "audits/2026-10-11-n45-s-long-s-joint/final-boundary.json": "e697861347c317f905377fdecaf2e0ef00f1433c2d22f19b4f3c2f5ac26e7003",
    "audits/2026-10-11-n45-s-long-s-joint/frozen/artifacts/c5_excess_two_e4c/controls/NA7-0002.json": "0a3d5e72a95dbbcc1b07a4c6d15e570c46988c8dd31bc4349ac3029c825a2682",
    "audits/2026-10-11-n45-s-long-s-joint/frozen/artifacts/c5_excess_two_e4c/controls/NA8-0014.json": "69e9adec9d41f460ada8851bffd82075fefadcd87d1e78138b2d31ed0ee9fed9",
    "audits/2026-10-11-n45-s-long-s-joint/frozen/artifacts/c5_excess_two_e4c/controls/NA8-0015.json": "91bffe5287c69e779eca0aa6b6e5780bd01a27d79802aa3ac2c3082adbe389c6",
    "audits/2026-10-11-n45-s-long-s-joint/frozen/artifacts/c5_excess_two_e4c/controls/NA8-0016.json": "157622ffca051967dafe92c23821028c65e2bd3e6289281050a5f5aeff285fde",
    "audits/2026-10-11-n45-s-long-s-joint/frozen/artifacts/c5_excess_two_e4c/controls/NA8-0017.json": "0bb09b92e4570931e3306ae0e044a726bd57681ec8d907b681367c1c24ea8eeb",
    "audits/2026-10-11-n45-s-long-s-joint/frozen/artifacts/c5_excess_two_e4c/controls/NA8-0018.json": "ff98dfc4a201bdad95147e7208c690e9fb8a16ce4d21e7b524eae72ca94f18a7",
    "audits/2026-10-11-n45-s-long-s-joint/frozen/artifacts/c5_excess_two_e4c/controls/NA8-0020.json": "a345e40562d0f93da53250b84251ae689217e97f8ec6d064807b29bef89dfa68",
    "audits/2026-10-11-n45-s-long-s-joint/frozen/artifacts/c5_excess_two_e4c/controls/NA8-0021.json": "a9cdc709f1f1c961286297863696aca52b7110e5ba980f83bfb2bb94c595014f",
    "audits/2026-10-11-n45-s-long-s-joint/frozen/artifacts/c5_excess_two_e4c/controls/NA8-0022.json": "dd8fe080f64231140715953bb3a7b88a94fe676636c5b7974262177ce096bac2",
    "audits/2026-10-11-n45-s-long-s-joint/frozen/artifacts/c5_excess_two_e4c/controls/NA9-0010.json": "223c66016be7542e70909c01429b05953f3d69b5fc659015b23e8f16af2c3502",
    "audits/2026-10-11-n45-s-long-s-joint/frozen/artifacts/c5_excess_two_e4c/controls/NA9-0011.json": "bb450e51a77b7c1e37396fb190f587fe66f0e257421f2d9755b970c7997074af",
    "audits/2026-10-11-n45-s-long-s-joint/frozen/artifacts/c5_excess_two_e4c/controls/NA9-0020.json": "a59ba82c1387c65ac9a625fb07bbcedcbc75ea06fdcaa382ccb59c49e3575473",
    "audits/2026-10-11-n45-s-long-s-joint/frozen/artifacts/c5_excess_two_e4c/controls/NA9-0021.json": "ff7816340808b263bbc4945d98da889b5496a5d10051dbf85a94342a7bf1c231",
    "audits/2026-10-11-n45-s-long-s-joint/frozen/artifacts/c5_excess_two_e4c/controls/NA9-0022.json": "808ed886aabe4fed366c986b1ec8bf9b597a78b88ee9caf0213b13406e3b2ecb",
    "audits/2026-10-11-n45-s-long-s-joint/frozen/artifacts/c5_excess_two_e4c/controls/NA9-0023.json": "d2e31a967d203ed9f4dab07c92de9700499312848dea73bb5013e46ce10b1c80",
    "audits/2026-10-11-n45-s-long-s-joint/frozen/artifacts/c5_excess_two_e4c/controls/NA9-0024.json": "fc223b9770f1920c9f3ca3b507587e695daece5407c4078289b2edbf65880a4f",
    "audits/2026-10-11-n45-s-long-s-joint/frozen/artifacts/c5_excess_two_e4c/controls/NA9-0025.json": "02b2f09e699f1c90fbc4029d8c4d77c6d424859bbc37af0665ecd76002633b8b",
    "audits/2026-10-11-n45-s-long-s-joint/frozen/artifacts/c5_excess_two_e4c/controls/NA9-0026.json": "420584623ff501ac098feec827130fa68607e84b706271afc7405a12b206710b",
    "audits/2026-10-11-n45-s-long-s-joint/frozen/artifacts/c5_excess_two_e4c/controls/NA9-0027.json": "b77bbd52aefe1db63c8b6016171d5270a8756172c8fbf1898c357f052f2d2e97",
    "audits/2026-10-11-n45-s-long-s-joint/frozen/artifacts/c5_excess_two_finite_search/NA_k7_validate/crit_orbits/orbit_0002.json": "7a960fcdcde1aecd6b64847aeda1c2bf76f1641e7546b07826cc3d555b6bec60",
    "audits/2026-10-11-n45-s-long-s-joint/frozen/artifacts/c5_excess_two_finite_search/NA_k8_validate/crit_orbits/orbit_0014.json": "a4bbb123f4b7504aa258fcf06b5427e4eb2556b68e0f9ef4a0c736f3af067d2e",
    "audits/2026-10-11-n45-s-long-s-joint/frozen/artifacts/c5_excess_two_finite_search/NA_k8_validate/crit_orbits/orbit_0015.json": "6316b84b586d953cefe8f95d818f0ab267c0bd73552b7cfb93fe5447ddc620fd",
    "audits/2026-10-11-n45-s-long-s-joint/frozen/artifacts/c5_excess_two_finite_search/NA_k8_validate/crit_orbits/orbit_0016.json": "b8783e3061cf1a84fe9ec6ead0bc8b2dabc67229ede9257615feac528ad1461e",
    "audits/2026-10-11-n45-s-long-s-joint/frozen/artifacts/c5_excess_two_finite_search/NA_k8_validate/crit_orbits/orbit_0017.json": "bdcd68f355c3ab7f37930eae7961321c0bae64f05ec925003c6e617f3fccd871",
    "audits/2026-10-11-n45-s-long-s-joint/frozen/artifacts/c5_excess_two_finite_search/NA_k8_validate/crit_orbits/orbit_0018.json": "cb4c8ab914ec5219a72cd10835d9f422b33f3d476d27c69ba29209a0b72c2c5d",
    "audits/2026-10-11-n45-s-long-s-joint/frozen/artifacts/c5_excess_two_finite_search/NA_k8_validate/crit_orbits/orbit_0020.json": "8581f3168dc6c6f7e0a43781a28fdf26b37a9b0099e6aa376054c9c3d5c65d37",
    "audits/2026-10-11-n45-s-long-s-joint/frozen/artifacts/c5_excess_two_finite_search/NA_k8_validate/crit_orbits/orbit_0021.json": "1e3ff275bb9d6d9aa56a2dc5591aa92ea50822829391a8be3bf86470f043cc36",
    "audits/2026-10-11-n45-s-long-s-joint/frozen/artifacts/c5_excess_two_finite_search/NA_k8_validate/crit_orbits/orbit_0022.json": "42591402beafce0c96a56ae5fcc20b265fde949fa4857501d0f4d1ce59914a91",
    "audits/2026-10-11-n45-s-long-s-joint/frozen/artifacts/c5_excess_two_finite_search/NA_k9_validate/crit_orbits/orbit_0010.json": "b5e240083436ebec79adacfdfba8f2c1b5b4948415c22e17718398947a6a44b3",
    "audits/2026-10-11-n45-s-long-s-joint/frozen/artifacts/c5_excess_two_finite_search/NA_k9_validate/crit_orbits/orbit_0011.json": "387161610a959e8b8cb595ba39a9ff830c2d850390680efb82368a00b19a5050",
    "audits/2026-10-11-n45-s-long-s-joint/frozen/artifacts/c5_excess_two_finite_search/NA_k9_validate/crit_orbits/orbit_0020.json": "0c844c661aa3db4846771c1b4ea1ccef370281ab4b0ed4ed3000f8a8be7bcfcd",
    "audits/2026-10-11-n45-s-long-s-joint/frozen/artifacts/c5_excess_two_finite_search/NA_k9_validate/crit_orbits/orbit_0021.json": "3a3ecbf2442c47733d395cfe90936c89294bd698409482e44b81f6b8a9a86230",
    "audits/2026-10-11-n45-s-long-s-joint/frozen/artifacts/c5_excess_two_finite_search/NA_k9_validate/crit_orbits/orbit_0022.json": "ce7a9a29ffb646077072ad409cbfa0612cc27af5136307e0f55969b8031d5528",
    "audits/2026-10-11-n45-s-long-s-joint/frozen/artifacts/c5_excess_two_finite_search/NA_k9_validate/crit_orbits/orbit_0023.json": "d642b19b810bb70e738a1ac8019393fc0dc6e80bcab4652546a6c191ef1117a1",
    "audits/2026-10-11-n45-s-long-s-joint/frozen/artifacts/c5_excess_two_finite_search/NA_k9_validate/crit_orbits/orbit_0024.json": "03ed689ef0b0948de9a039045894e4c7f1ee99a50c5e3188bb2f571b501f5109",
    "audits/2026-10-11-n45-s-long-s-joint/frozen/artifacts/c5_excess_two_finite_search/NA_k9_validate/crit_orbits/orbit_0025.json": "21ef2647981b6263a8955ff52f109cf4ea201392d9b34dad44c9cb802c0dda28",
    "audits/2026-10-11-n45-s-long-s-joint/frozen/artifacts/c5_excess_two_finite_search/NA_k9_validate/crit_orbits/orbit_0026.json": "fec42a2505a43c50aad17cbab8bd121b8e2db63d1664d2bce549c6c93fff8a2f",
    "audits/2026-10-11-n45-s-long-s-joint/frozen/artifacts/c5_excess_two_finite_search/NA_k9_validate/crit_orbits/orbit_0027.json": "16b45b8eb6bcaae3356d35d7d105947764dd3cafb37736a7520220ed91861bc3",
    "audits/2026-10-11-n45-s-long-s-joint/frozen/audits/.archive/blobs/41c3b82ab4afdade42f70b722a2624a9d1a726a4af22f783a09ab32a099b4ed6.gz": "c4426210780ceb37e53bed5d18f4e74bf4b4242e7818a7ff90bce968ea054221",
    "audits/2026-10-11-n45-s-long-s-joint/frozen/audits/2026-10-10-n45-s-long-contract/REPORT.md": "34354f631fe887cc52f1c3aa6a6b0413111fa05ad4dc3ec820f615a58d121db9",
    "audits/2026-10-11-n45-s-long-s-joint/frozen/audits/2026-10-10-n45-s-long-contract/certificate-v2.json": "41c3b82ab4afdade42f70b722a2624a9d1a726a4af22f783a09ab32a099b4ed6",
    "audits/2026-10-11-n45-s-long-s-joint/frozen/audits/2026-10-10-n45-s-long-contract/checker.py": "ad2fef5e256ce6f47dd99682d3f2911f2a7a752a806f32f9be7a237e8f2ccc25",
    "audits/2026-10-11-n45-s-long-s-joint/frozen/audits/2026-10-10-n45-s-long-contract/delivery.json": "8c8ebd8f8271ed7d03916dc1069d3647254f75a69e29b583a56604fd1e388a9c",
    "audits/2026-10-11-n45-s-long-s-joint/frozen/audits/2026-10-10-n45-s-long-contract/inputs.json": "3f2c9cf2078d2e07f912b15e2f1fee980424ade96d09a1804ac5ebd4a6ae2dc2",
    "audits/2026-10-11-n45-s-long-s-joint/frozen/audits/2026-10-10-n45-s-long-r-map/REPORT.md": "61847490bc1c26e4062c2d5c18918dbf8f0b9452e68c411f7f47f97954a41e94",
    "audits/2026-10-11-n45-s-long-s-joint/frozen/audits/2026-10-10-n45-s-long-r-map/checker.py": "c82d42b1b87ce4df5a721450493cb8bfa37ca67e86efa404cf9a4e1afb26c302",
    "audits/2026-10-11-n45-s-long-s-joint/frozen/audits/2026-10-10-n45-s-long-r-map/inputs.json": "71fb139e7f770008070f354f62e41faffedc790639d31300da8894519b64e725",
    "audits/2026-10-11-n45-s-long-s-joint/frozen/audits/ARCHIVE.json": "478564f89b60d9022721b84807ca9ac6db0f1538981ca235f3b493dfabe0ffc0",
    "audits/2026-10-11-n45-s-long-s-joint/frozen/docs/HANDOFF.md": "3a5f57439de95350fc322ab6a9a7062782a7fcb7b293e4563e1cae2f65d9299f",
    "audits/2026-10-11-n45-s-long-s-joint/frozen/docs/STATUS.md": "fb36fee998ba33b99645292fe51d8ebf745eab757b5d8be460abfa9c5eed8ead",
    "audits/2026-10-11-n45-s-long-s-joint/frozen/docs/c5_excess_two_nonadjacent_unit_core45.md": "16dec09cb35ec1486a28d7d222a6639f8ccdd6f1981de6f5c45c3fe2b266273a",
    "audits/2026-10-11-n45-s-long-s-joint/inputs.json": "659d26ed46ce8bdad71c263431df4e677abdfe5e62ceedfab524aa4da7d6295d",
    "audits/2026-10-11-n45-s-long-s-joint/logs/bad-C-r-colour.command.json": "9873bec69632d99babea62c565211dd952d8e136f4be0301b9e54e6ee311131f",
    "audits/2026-10-11-n45-s-long-s-joint/logs/bad-C-r-colour.stderr.log": "db6f081bd72cf7a7208887167e88dffb5ed9998bcd48f3ce6e7c2824dec5254a",
    "audits/2026-10-11-n45-s-long-s-joint/logs/bad-C-r-colour.stdout.log": "e3b0c44298fc1c149afbf4c8996fb92427ae41e4649b934ca495991b7852b855",
    "audits/2026-10-11-n45-s-long-s-joint/logs/delivery-create.command.json": "687c6920c6a4c9c72b9cf802f84a69774ed5657b25598b4032fa453c451c7474",
    "audits/2026-10-11-n45-s-long-s-joint/logs/delivery-create.stderr.log": "e3b0c44298fc1c149afbf4c8996fb92427ae41e4649b934ca495991b7852b855",
    "audits/2026-10-11-n45-s-long-s-joint/logs/delivery-create.stdout.log": "b0a24e400e4813005b6a134f446c104bdaec3f6681ec00fe4fdc58cb4510bdc6",
    "audits/2026-10-11-n45-s-long-s-joint/logs/delivery-verify.command.json": "38e1c3b802e2e430025ed5edbe2fcb8fe2496361defbf9bc27814ee3e2a524a4",
    "audits/2026-10-11-n45-s-long-s-joint/logs/delivery-verify.stderr.log": "e3b0c44298fc1c149afbf4c8996fb92427ae41e4649b934ca495991b7852b855",
    "audits/2026-10-11-n45-s-long-s-joint/logs/delivery-verify.stdout.log": "b0a24e400e4813005b6a134f446c104bdaec3f6681ec00fe4fdc58cb4510bdc6",
    "audits/2026-10-11-n45-s-long-s-joint/logs/exclusive-create-existing.command.json": "0dd06eca294a2b99862c5c0b83b697d264c5627bff2894b54fff0b03998f6fc2",
    "audits/2026-10-11-n45-s-long-s-joint/logs/exclusive-create-existing.stderr.log": "77cebabdd24ff39d640ae716fd91bd9d36191e3715b1f04afe1470bd358f43df",
    "audits/2026-10-11-n45-s-long-s-joint/logs/exclusive-create-existing.stdout.log": "e3b0c44298fc1c149afbf4c8996fb92427ae41e4649b934ca495991b7852b855",
    "audits/2026-10-11-n45-s-long-s-joint/logs/final-git-status.command.json": "7f28933a945d47e9df6b1e08798605c5cca7abf21b1e72a2c7bb24d8639ef915",
    "audits/2026-10-11-n45-s-long-s-joint/logs/final-git-status.stderr.log": "e3b0c44298fc1c149afbf4c8996fb92427ae41e4649b934ca495991b7852b855",
    "audits/2026-10-11-n45-s-long-s-joint/logs/final-git-status.stdout.log": "6ef19a7236c6245917f4a2bff09a28a900b21439ff74cfbe9be41566f8e7d14a",
    "audits/2026-10-11-n45-s-long-s-joint/logs/final-head.command.json": "48dc5eedc642838f3f719281aaebdf8b261647ac9fac94de6705593119f630b6",
    "audits/2026-10-11-n45-s-long-s-joint/logs/final-head.stderr.log": "e3b0c44298fc1c149afbf4c8996fb92427ae41e4649b934ca495991b7852b855",
    "audits/2026-10-11-n45-s-long-s-joint/logs/final-head.stdout.log": "16e804f6094994c7b76ee5802af06752d5671c5baa6ed332b2bca09896bb78f9",
    "audits/2026-10-11-n45-s-long-s-joint/logs/generation-attempt1.command.json": "1b280fdaf8c2c43d28fb8193c0730bb8420c09e527a9ca94086377f86f0b3201",
    "audits/2026-10-11-n45-s-long-s-joint/logs/generation-attempt1.stderr.log": "e3b0c44298fc1c149afbf4c8996fb92427ae41e4649b934ca495991b7852b855",
    "audits/2026-10-11-n45-s-long-s-joint/logs/generation-attempt1.stdout.log": "dc2a8385bd4896db3340cd8da30a95fd970acbbf5b3dc85f0764f3997654e182",
    "audits/2026-10-11-n45-s-long-s-joint/logs/missing-empty-ambient.command.json": "f547d554f2519fc7511b8649db29dc1941f1193b193ba7b3b216c9d303737c5d",
    "audits/2026-10-11-n45-s-long-s-joint/logs/missing-empty-ambient.stderr.log": "8a888b1144da1f5f7202e90718697d74277569b59891bd95f3b1c70c03d3b472",
    "audits/2026-10-11-n45-s-long-s-joint/logs/missing-empty-ambient.stdout.log": "e3b0c44298fc1c149afbf4c8996fb92427ae41e4649b934ca495991b7852b855",
    "audits/2026-10-11-n45-s-long-s-joint/logs/normal.command.json": "2848b04c48c6a13511a05b89c9d95fa259fc43059327170f2bef4927d55ca4a9",
    "audits/2026-10-11-n45-s-long-s-joint/logs/normal.stderr.log": "e3b0c44298fc1c149afbf4c8996fb92427ae41e4649b934ca495991b7852b855",
    "audits/2026-10-11-n45-s-long-s-joint/logs/normal.stdout.log": "dc2a8385bd4896db3340cd8da30a95fd970acbbf5b3dc85f0764f3997654e182",
    "audits/2026-10-11-n45-s-long-s-joint/logs/own-final-git-status.command.json": "18fc6156b9507ea1709ad5dfcb9065d400fcb4ae51e91a7267758c47b9f9940f",
    "audits/2026-10-11-n45-s-long-s-joint/logs/own-final-git-status.stderr.log": "e3b0c44298fc1c149afbf4c8996fb92427ae41e4649b934ca495991b7852b855",
    "audits/2026-10-11-n45-s-long-s-joint/logs/own-final-git-status.stdout.log": "0712517f07b632477a93e585a46b11464c133adb7fe6f048f359e91c13c29de6",
    "audits/2026-10-11-n45-s-long-s-joint/logs/seed17.command.json": "5e328f519b425b1aff2cc1437ba9925e418c6ff496292b4d1c6a4f6faed6c1ee",
    "audits/2026-10-11-n45-s-long-s-joint/logs/seed17.stderr.log": "e3b0c44298fc1c149afbf4c8996fb92427ae41e4649b934ca495991b7852b855",
    "audits/2026-10-11-n45-s-long-s-joint/logs/seed17.stdout.log": "dc2a8385bd4896db3340cd8da30a95fd970acbbf5b3dc85f0764f3997654e182",
    "audits/2026-10-11-n45-s-long-s-joint/logs/setup-missing-blob.stderr.log": "75f12ac99828f7e165a3e91002e2e5cb458f43658d5d5354f31aec2e3db0b409",
    "audits/2026-10-11-n45-s-long-s-joint/logs/setup-missing-blob.stdout.log": "9c2d92052770c6a025000307e93e9b160c96ec5b810a9f719ce964d911093842",
    "audits/2026-10-11-n45-s-long-s-joint/logs/tracked-diff-final.command.json": "00c3fed1345c1b511885a1f83c07caea9ff7d36ef732234c1505a2e0f1a936c3",
    "audits/2026-10-11-n45-s-long-s-joint/logs/tracked-diff-final.stderr.log": "e3b0c44298fc1c149afbf4c8996fb92427ae41e4649b934ca495991b7852b855",
    "audits/2026-10-11-n45-s-long-s-joint/logs/tracked-diff-final.stdout.log": "e3b0c44298fc1c149afbf4c8996fb92427ae41e4649b934ca495991b7852b855",
    "audits/2026-10-11-n45-s-long-s-joint/logs/tracked-diff.command.json": "87197515eb5b9552b1d6b4ce79616962fe4d903d5290d64ede809757201f4d89",
    "audits/2026-10-11-n45-s-long-s-joint/logs/tracked-diff.stderr.log": "e3b0c44298fc1c149afbf4c8996fb92427ae41e4649b934ca495991b7852b855",
    "audits/2026-10-11-n45-s-long-s-joint/logs/tracked-diff.stdout.log": "e3b0c44298fc1c149afbf4c8996fb92427ae41e4649b934ca495991b7852b855",
    "audits/2026-10-11-n45-s-long-s-joint/missing-empty-ambient.json": "7e2557847fbb74d3c4388daa4b7e51dc8b89a6528d51bb4256364f48ad2a925c",
    "audits/2026-10-11-n45-s-long-s-joint/reviews.json": "a1f1f905bc4486356956723cb5ce6dc6f9b722f0509124ef57c4c71181f8e644",
    "audits/2026-10-11-n45-s-long-s-joint/run_checks.py": "669b70f673bd2197c1f0f71a0ce742825ad9d0dbd0804b298ee10d8011c8cfa7",
    "audits/2026-10-11-n45-s-long-s-joint/seal_delivery.py": "e3b7b5618c584fc9542123d000be82e0274a0905f3b9f83e45135abaac22f3c8",
    "audits/2026-10-11-n45-s-long-s-joint/setup-attempt1.json": "961014818a2fb046a009ff2cf3c1b01353254608271c7cea4c991dfdd6c91878",
    "audits/2026-10-11-n45-s-long-s-review/REPORT.md": "d49f04d33c0decf6cf945c0adad53fcda831129247f4d72bb278b93e9586d1e0",
    "audits/2026-10-11-n45-s-long-s-review/acceptance.json": "63ab10e26bba2ba384dc2432c14901e0b44e5fb4e5386634b84a007516898982",
    "audits/2026-10-11-n45-s-long-s-review/checks.json": "bff74af8fb5609d338129f39c45722cbf8560bcab8156a7946431175a1f0d2d0",
    "audits/2026-10-11-n45-s-long-s-review/corrections.json": "747b63ef5a6b43835082183b9c463258aa5466227d2616271ca6595b9b8c22d2",
    "audits/2026-10-11-n45-s-long-s-review/coverage.json": "24981c52afbe51d218999fa4e4bbc0977f32876a5957cf15d7eb02e35fdcb85f",
    "audits/2026-10-11-n45-s-long-s-review/custody-after.json": "9d5f516b7de59a379910a03e25d1d337b81125dc76c786803fcaf6123b089f31",
    "audits/2026-10-11-n45-s-long-s-review/custody-before.json": "9d5f516b7de59a379910a03e25d1d337b81125dc76c786803fcaf6123b089f31",
    "audits/2026-10-11-n45-s-long-s-review/custody-review.md": "e996cd76eaebe061d215af425c30d3e60b6133d3023b1dfaadf64aff287abe11",
    "audits/2026-10-11-n45-s-long-s-review/delivery.json": "ed08e905575228cf86e839f91fc419f58b552eead0b7f2c461f7db9d4b6cb41b",
    "audits/2026-10-11-n45-s-long-s-review/direct-paper-review.md": "6c0058cde8d59c35b78af4f0c1b326820cc717df1a9d84b9d588223428d3376f",
    "audits/2026-10-11-n45-s-long-s-review/fibre-paper-review.md": "5a940225046437de8c23a2eb712c4ec120a07939e47a50332f7910af48b2fcdb",
    "audits/2026-10-11-n45-s-long-s-review/final-review-checks.json": "a2b92bb0bfa7d31564a0b4bbc473e3b75525d48dc6542c3d9c6a57044bca6bb0",
    "audits/2026-10-11-n45-s-long-s-review/finalize_review.py": "27c2c6415adb2668f054e1644e139413ebfdbbe9df0549f606a9bd48107cc29a",
    "audits/2026-10-11-n45-s-long-s-review/independent-custody.py": "d7a503fede4cac2772edd2a0162d472ddcdaffcf73fde2fedb437ea38b51e12f",
    "audits/2026-10-11-n45-s-long-s-review/independent-domain.py": "84a253efc59b2c538e2c04767df0ef63ed07d085fc51212bd1433345de8b3378",
    "audits/2026-10-11-n45-s-long-s-review/input-pins.json": "798f4e31a721a634d6f7d8de341ae12de3daf64b6f80d63c5660ae5dcdea6d3b",
    "audits/2026-10-11-n45-s-long-s-review/logs/A-contents-manifest.command.json": "dd86bff660affa6148aa48ecf28bbad7b46d6c9afe554a5109bab26cbf39ec32",
    "audits/2026-10-11-n45-s-long-s-review/logs/A-contents-manifest.stderr.log": "e3b0c44298fc1c149afbf4c8996fb92427ae41e4649b934ca495991b7852b855",
    "audits/2026-10-11-n45-s-long-s-review/logs/A-contents-manifest.stdout.log": "bf4879899843c32ac31131252ada41391186b6450911e0a36614e604749626be",
    "audits/2026-10-11-n45-s-long-s-review/logs/B-bad-C-assignment.command.json": "168ddaf06133bdee2803acaf527d1372f7d6d1be0e3126086c8d3ca6c9f6e6e5",
    "audits/2026-10-11-n45-s-long-s-review/logs/B-bad-C-assignment.stderr.log": "f553cce51d311d7c6248b3231291d3dd560a8aa9e25a7cb1a4947b4eaab70389",
    "audits/2026-10-11-n45-s-long-s-review/logs/B-bad-C-assignment.stdout.log": "e3b0c44298fc1c149afbf4c8996fb92427ae41e4649b934ca495991b7852b855",
    "audits/2026-10-11-n45-s-long-s-review/logs/B-normal.command.json": "9a2c2e04b19eec71d62362e2804708dbe1c61cded84ebea368c28c443b95d016",
    "audits/2026-10-11-n45-s-long-s-review/logs/B-normal.stderr.log": "e3b0c44298fc1c149afbf4c8996fb92427ae41e4649b934ca495991b7852b855",
    "audits/2026-10-11-n45-s-long-s-review/logs/B-normal.stdout.log": "0e1c235b7d642f88e12f904e962f35fb7353207c6901258cef7647c4320c5aa5",
    "audits/2026-10-11-n45-s-long-s-review/logs/B-seed17.command.json": "6945e89890a4ff1a32de8731fe0c36e148a645f02e5473ea309acc48e049a0bb",
    "audits/2026-10-11-n45-s-long-s-review/logs/B-seed17.stderr.log": "e3b0c44298fc1c149afbf4c8996fb92427ae41e4649b934ca495991b7852b855",
    "audits/2026-10-11-n45-s-long-s-review/logs/B-seed17.stdout.log": "0e1c235b7d642f88e12f904e962f35fb7353207c6901258cef7647c4320c5aa5",
    "audits/2026-10-11-n45-s-long-s-review/logs/independent-custody.command.json": "d7519b6db36f3699faf806ac84ba62e432435f8cf00f9fef04a5713079b385cb",
    "audits/2026-10-11-n45-s-long-s-review/logs/independent-custody.stderr.log": "e3b0c44298fc1c149afbf4c8996fb92427ae41e4649b934ca495991b7852b855",
    "audits/2026-10-11-n45-s-long-s-review/logs/independent-custody.stdout.log": "3321d3a266425fbe859a3fca8c1e0b2dd8b72493af4b04ed1bc913f31787b079",
    "audits/2026-10-11-n45-s-long-s-review/logs/independent-domain.command.json": "7e030f399d23a0a3d81428669f3859b4791bb74b3d492b933e5b0f7d7bc40c4c",
    "audits/2026-10-11-n45-s-long-s-review/logs/independent-domain.stderr.log": "e3b0c44298fc1c149afbf4c8996fb92427ae41e4649b934ca495991b7852b855",
    "audits/2026-10-11-n45-s-long-s-review/logs/independent-domain.stdout.log": "80a0bd643f1133f9764d243723eb115959ed4299cfbe0f14e145944b81ab05e4",
    "audits/2026-10-11-n45-s-long-s-review/remaining-schedules.json": "8aa76908ced65202a24aa9a56f99e3cf1ac02537b3d5caa38c8cfdb9ab1cc9fa",
    "audits/2026-10-11-n45-s-long-s-review/replay.py": "60aa11baaa8f4808699e66d4a69fed1df308fab530edbe84abe16a77b76f2549",
    "audits/2026-10-11-n45-s-long-s-review/scope-review.json": "1105c2d68f6f0b860fc5927b4eae29831487a4794dea82c460e1af34818aca0c",
    "audits/2026-10-11-n45-s-long-s-review/seal_reviews.py": "ed20887c715ab7c97fae2b59be4737858b434dbcc8154763b19a9ed28a5e8846",
    "audits/2026-10-11-n45-s-long-s-rfibre-dispatch/TASKS.md": "2b218cafe128fd0a19e3a76078cebd63aae2d7a4e31502fab8be0e5669ccc781",
    "audits/2026-10-11-n45-s-long-s-rfibre-dispatch/TASK_A_T1.md": "4b0728c0fc206db0a7348770815cbcecbf1a1c1c8457ab1300a6b6af7fffd41c",
    "audits/2026-10-11-n45-s-long-s-rfibre-dispatch/TASK_B_T2_Q0.md": "49891c849c89ab4e586b695e965edafca4608f069bbd910642e3f73549018658",
    "audits/2026-10-11-n45-s-long-s-rfibre-dispatch/TASK_C_T2_Q2.md": "8d14a97570f4da6a89d688f63f44ab8299302cdcdbe25f6024eba46ec9214da6",
    "audits/2026-10-11-n45-s-long-s-rfibre-dispatch/TASK_D_TRANSFER.md": "02b88f823d1132d804485755f2a6a5dae23affb9a46143e08145ca273a399aae",
    "audits/2026-10-11-n45-s-long-s-rfibre-dispatch/authority/base/audits/2026-10-10-n45-s-long-contract/REPORT.md": "34354f631fe887cc52f1c3aa6a6b0413111fa05ad4dc3ec820f615a58d121db9",
    "audits/2026-10-11-n45-s-long-s-rfibre-dispatch/authority/base/docs/c5_degree5_interfaces.md": "fd098e8f4b3d950ba69ed7231195cf44bc07532b6ee789c3ea66091a2959a284",
    "audits/2026-10-11-n45-s-long-s-rfibre-dispatch/authority/base/docs/c5_degree5_tree_components.md": "fa326592f94cca6e941346b0b1c90086e1d75042168102990f4ed7c64b190dc5",
    "audits/2026-10-11-n45-s-long-s-rfibre-dispatch/authority/base/docs/c5_excess_two_nonadjacent_unit_core45.md": "16dec09cb35ec1486a28d7d222a6639f8ccdd6f1981de6f5c45c3fe2b266273a",
    "audits/2026-10-11-n45-s-long-s-rfibre-dispatch/authority/base/docs/c5_multi_odd_cycles.md": "cbec86271dc4a1cb2c67597c65cd418503413f75f45b5a6a2c929c6a425f1cbf",
    "audits/2026-10-11-n45-s-long-s-rfibre-dispatch/authority/base/docs/c5_single_spoke_branch_palettes.md": "a08a23ce54a7abb3a260c9fa792c78e6bb7aafa2623dc913cafaaf18a5a3ce05",
    "audits/2026-10-11-n45-s-long-s-rfibre-dispatch/authority/base/docs/c5_single_spoke_cross_row.md": "498cf885d44561118c1777f52f60348ae49cf38bb5444d1be353583854c6f981",
    "audits/2026-10-11-n45-s-long-s-rfibre-dispatch/authority/base/docs/c5_single_spoke_frame_arc.md": "0f7ace6bcf523070bee3a5b1e6c6f2f7576c3a105550eed70e7434c837f43b1f",
    "audits/2026-10-11-n45-s-long-s-rfibre-dispatch/authority/base/docs/c5_single_spoke_residual_locality.md": "ebb0b1e4ef2db0d09bf3dda35a6570cc6ed6bffc01d80117d7b504aff1937e29",
    "audits/2026-10-11-n45-s-long-s-rfibre-dispatch/authority/base/docs/c5_single_spoke_two_two.md": "82715f41c5a07ba43439a8e081e283bb044c19d93be4d0fad427c27dac3283c8",
    "audits/2026-10-11-n45-s-long-s-rfibre-dispatch/authority/base/docs/c5_single_spoke_two_two_minor.md": "33c6e89524859a0eb63227210c4276accd3330f8a5a7e8c81d963151fa6ae5c5",
    "audits/2026-10-11-n45-s-long-s-rfibre-dispatch/authority/base/docs/c5_two_spoke_nonadjacent.md": "dd9eda76d897629daea46364b0b508581d4972662c70f72558494d4c1c520e60",
    "audits/2026-10-11-n45-s-long-s-rfibre-dispatch/authority/sealed/audits/2026-10-11-n45-s-long-s-fibre/REPORT.md": "68f26177e3ecf1b144eb21b3c8fc25fd89fe66b40832a6b5df89a168c630da90",
    "audits/2026-10-11-n45-s-long-s-rfibre-dispatch/authority/sealed/audits/2026-10-11-n45-s-long-s-fibre/claims.json": "3a7c0e81cf1a2f07a84a67bf4aa1cfa70b5f3478c87a2ccfeb97d152d3527f08",
    "audits/2026-10-11-n45-s-long-s-rfibre-dispatch/authority/sealed/audits/2026-10-11-n45-s-long-s-fibre/delivery.json": "5ef4df9be39637f68bde661d2b724eb9ab7671754dea588938093e76abced0ab",
    "audits/2026-10-11-n45-s-long-s-rfibre-dispatch/authority/sealed/audits/2026-10-11-n45-s-long-s-fibre/obligations.json": "49aae3994a8e43277152d0b011455d3ed0925a46aa5a16cc454f6dd182fd0a8d",
    "audits/2026-10-11-n45-s-long-s-rfibre-dispatch/authority/sealed/audits/2026-10-11-n45-s-long-s-review/REPORT.md": "d49f04d33c0decf6cf945c0adad53fcda831129247f4d72bb278b93e9586d1e0",
    "audits/2026-10-11-n45-s-long-s-rfibre-dispatch/authority/sealed/audits/2026-10-11-n45-s-long-s-review/acceptance.json": "63ab10e26bba2ba384dc2432c14901e0b44e5fb4e5386634b84a007516898982",
    "audits/2026-10-11-n45-s-long-s-rfibre-dispatch/authority/sealed/audits/2026-10-11-n45-s-long-s-review/corrections.json": "747b63ef5a6b43835082183b9c463258aa5466227d2616271ca6595b9b8c22d2",
    "audits/2026-10-11-n45-s-long-s-rfibre-dispatch/authority/sealed/audits/2026-10-11-n45-s-long-s-review/delivery.json": "ed08e905575228cf86e839f91fc419f58b552eead0b7f2c461f7db9d4b6cb41b",
    "audits/2026-10-11-n45-s-long-s-rfibre-dispatch/authority/sealed/audits/2026-10-11-n45-s-long-s-review/direct-paper-review.md": "6c0058cde8d59c35b78af4f0c1b326820cc717df1a9d84b9d588223428d3376f",
    "audits/2026-10-11-n45-s-long-s-rfibre-dispatch/authority/sealed/audits/2026-10-11-n45-s-long-s-review/fibre-paper-review.md": "5a940225046437de8c23a2eb712c4ec120a07939e47a50332f7910af48b2fcdb",
    "audits/2026-10-11-n45-s-long-s-rfibre-dispatch/authority/sealed/audits/2026-10-11-n45-s-long-s-review/remaining-schedules.json": "8aa76908ced65202a24aa9a56f99e3cf1ac02537b3d5caa38c8cfdb9ab1cc9fa",
    "audits/2026-10-11-n45-s-long-s-rfibre-dispatch/check_dispatch.py": "a81ef0d04d61b8ca30187de22b963fdaa0d2fef72cdfa22ff4c10220dfbcbf16",
    "audits/2026-10-11-n45-s-long-s-rfibre-dispatch/create_dispatch.py": "75822bce9d5e2d0a9e2fa6a30aadd178e8878966b89378cc655e0970735925b8",
    "audits/2026-10-11-n45-s-long-s-rfibre-dispatch/delivery.json": "e0a0da2b1815cb969aa6623f839887f17e771aea7b792f3c3a7968d4bb78d933",
    "audits/2026-10-11-n45-s-long-s-rfibre-dispatch/dispatch-review.json": "33d98cb402c01e5c287df8c70e2c9fbae79202e35ba5e756aa8d2e8d4bbc126b",
    "audits/2026-10-11-n45-s-long-s-rfibre-dispatch/input-pins.json": "6434b986361e309e26aed8088e9b99eef823447f9fd1a20f95a6aa3dce6a742e",
    "audits/2026-10-11-n45-s-long-s-rfibre-dispatch/preflight.json": "bea79ac8b7a1aaea18c4c96562d2e51abf1361123e20b65183677308ba647410",
    "audits/2026-10-11-n45-s-long-s-rfibre-dispatch/tasks.json": "f9190be57477a0a02bee70edde65604ae8f0ec789dc9936604825813580bca9a"
  },
  "head": "f2692089ad4259808e27d9b7e882ac09505b180a",
  "tracked_diff_sha256": "e3b0c44298fc1c149afbf4c8996fb92427ae41e4649b934ca495991b7852b855"
}
